# Blender 5.1.1
# www.blender.org
mtllib flourish.mtl
o flourish
v 0.307186 46.081280 93.553558
v 1.296236 50.316105 89.389893
v -1.690635 45.201523 83.671631
v -0.981923 44.884071 93.714752
v 0.518999 42.776649 84.374847
v 0.924445 47.626141 92.736160
v 0.148170 41.403580 85.626205
v 0.091946 40.890480 90.669502
v 1.245891 49.816105 86.608574
v 0.617313 49.685017 90.945663
v -2.771707 50.901287 89.279938
v -1.315719 46.681232 93.642639
v 0.439209 48.682453 85.047684
v -3.598857 51.017467 88.176208
v -0.408095 40.000191 88.829010
v -1.022410 41.729839 92.010094
v -0.043497 48.932384 92.046402
v 0.036824 40.265076 87.494881
v 29.770817 45.064869 73.269447
v 31.349657 45.394604 70.805466
v 29.841410 61.025326 129.161682
v 30.339024 45.547791 85.732666
v 31.013329 48.364498 57.381401
v 30.086075 49.096718 70.910629
v 30.588459 49.228371 74.108803
v 31.624388 44.951263 71.730919
v 30.954443 44.828987 72.898766
v 29.267256 46.451050 74.483253
v 31.389515 46.686607 70.030327
v 30.013121 47.888531 74.743271
v 30.013285 48.341187 86.261810
v 30.544588 55.617607 102.541061
v 30.227575 55.027397 98.060364
v 29.993757 46.647541 86.846756
v 30.885391 46.830200 54.606056
v 30.414263 46.353004 83.407944
v 29.651062 46.251411 69.895523
v 30.691668 50.466022 59.317291
v 30.232887 49.641190 50.765118
v 30.155439 59.635265 129.165878
v 28.806057 59.754501 115.470917
v 30.816132 56.763763 101.656250
v 29.804615 51.663857 98.322701
v 30.720518 52.024578 59.206020
v 31.054672 53.016113 101.968002
v 30.656948 53.730000 98.125854
v 29.785788 53.846149 102.723648
v 30.741211 62.502522 126.523094
v 29.663368 46.775146 54.933792
v 30.962221 53.352734 56.488476
v 30.986994 49.594070 72.367767
v 29.443586 57.950481 128.413025
v 29.605225 58.484486 114.713509
v 31.413385 61.727997 127.202797
v 29.951908 46.535091 53.709671
v 29.907156 57.518383 114.741142
v 30.422508 56.383827 124.740547
v 30.606977 48.421322 84.580475
v 30.215300 62.501328 124.206993
v 31.934465 57.249668 99.031235
v 30.880287 61.954720 121.206627
v 31.185846 60.428478 116.102982
v 29.454807 55.878296 98.596588
v 31.226135 53.273186 58.665478
v 30.324575 55.666267 118.491592
v 30.913601 61.356968 117.763420
v 30.495932 47.344551 52.248398
v 29.902439 49.197418 57.494839
v 30.166462 47.660175 83.182510
v 29.707844 51.494148 100.606834
v 30.783131 47.974319 51.351677
v 31.338533 52.473232 100.383957
v 30.483358 45.460854 84.435951
v 30.868053 56.261669 121.362198
v 30.897421 57.361607 126.564552
v 30.958269 48.108776 70.073456
v -31.288139 45.500393 74.339821
v -31.536167 45.371334 70.851959
v -30.596703 61.108772 117.709778
v -30.986221 48.244434 70.165642
v -30.843241 55.715256 125.650116
v -30.861784 44.712257 72.404747
v -30.136446 45.878071 53.741295
v -29.654879 45.652519 70.171387
v -29.867535 48.185402 57.287792
v -30.623672 55.022011 102.717651
v -30.075857 54.393288 97.963936
v -31.329857 46.939255 69.971565
v -31.492508 46.652981 51.966755
v -30.315487 62.965553 123.759132
v -30.575338 49.492290 73.134491
v -31.268250 60.348492 116.681450
v -30.522957 58.652924 129.590515
v -30.663303 53.824089 98.125488
v -29.434324 53.991871 102.725204
v -30.414459 63.225212 127.777740
v -30.601509 56.141445 102.266617
v -30.094824 51.742310 52.330406
v -29.402927 49.586479 72.111954
v -30.132439 55.578373 124.130280
v -30.622223 56.070786 118.901535
v -30.897749 56.042694 121.353050
v -31.465031 57.504574 117.025650
v -32.107681 57.460979 99.263176
v -30.427280 61.485317 129.638809
v -28.476604 50.531330 52.678688
v -30.112820 48.750610 74.301064
v -29.568829 55.769917 98.499512
v -30.013168 52.109142 101.444199
v -29.400286 46.921341 55.693130
v -31.035627 52.738728 98.992378
v -29.403484 51.005768 99.380783
v -29.920284 51.521816 58.827682
v -30.971424 63.227329 126.816185
v -31.555443 49.496849 71.945305
v -32.249100 52.861580 100.314514
v -29.783882 57.627243 114.895905
v -29.364082 56.246067 115.524025
v -29.693487 56.783134 101.196251
v -31.449989 51.444691 60.398613
v 45.169418 59.220886 59.609112
v 47.099056 55.287571 58.085712
v 46.647259 55.565239 61.507828
v 45.589741 55.509892 47.115555
v 46.030094 55.211346 45.164146
v 45.243973 59.087643 78.509415
v 45.091293 54.306229 58.342411
v 45.466423 56.236736 85.457634
v 45.056828 58.763809 83.902069
v 46.112503 58.713211 83.653549
v 45.422997 58.074211 61.628349
v 45.694633 58.172470 86.474823
v 45.506611 58.840759 61.018394
v 46.164654 51.038757 45.653141
v 45.620422 57.005966 75.374268
v 46.866798 57.302967 57.150772
v 46.012238 56.800156 80.417114
v 46.411972 57.393799 62.562325
v 45.802517 59.332928 77.018066
v 44.956406 55.509708 80.347961
v 46.512711 59.446613 58.982899
v 46.572220 52.416142 48.512146
v 46.067226 59.983498 85.302902
v 45.476475 54.080887 48.693977
v 45.951466 57.884331 83.929008
v 47.326176 51.315781 46.592625
v -47.144920 61.048889 87.624710
v -44.913662 60.314034 81.169334
v -46.443714 57.124603 63.067505
v -46.651535 59.391685 74.896416
v -46.565075 55.354015 61.942963
v -45.665611 55.049179 45.226677
v -45.995186 55.483604 88.973053
v -46.666222 55.044125 47.840561
v -43.521515 59.581688 78.765442
v -46.948463 62.542336 83.340439
v -45.941620 59.945747 88.556084
v -45.260361 59.127373 61.205132
v -45.566032 58.599632 62.066971
v -46.824181 54.354523 58.939999
v -46.358925 54.040951 59.941238
v -44.891151 53.658669 44.317848
v -45.786503 53.626621 89.409248
v -47.716434 52.427845 47.813438
v -45.167351 57.622974 74.952698
v -45.843754 56.684368 56.433693
v -45.159595 57.023315 89.681305
v -44.952007 56.437660 74.986572
v -44.469391 57.503796 56.332939
v -46.896896 60.006149 59.643822
v -48.332069 62.405472 86.070442
v -44.354187 54.810989 56.320118
v -45.815289 55.621094 46.547501
v -46.927052 60.266361 75.905197
v -44.927994 52.373558 44.253197
v -45.841515 53.598305 80.344688
v -46.032005 62.566544 85.063232
v -44.786186 56.582169 62.348839
v 14.647754 43.134052 72.965302
v 15.457651 44.787403 134.903625
v 14.518794 43.938164 49.739784
v 15.124612 43.071232 77.053391
v 15.441993 45.353210 78.504097
v 16.157900 45.810806 71.351707
v 15.844801 55.332275 128.784821
v 15.682042 46.899040 47.637714
v 15.416080 50.519947 56.114918
v 14.930397 49.873428 103.025696
v 14.628353 58.585388 124.285881
v 14.886158 53.639866 126.893204
v 14.359264 51.246819 48.284645
v 15.782051 50.081150 108.822395
v 15.168710 52.202824 106.128494
v 15.684310 52.928486 125.280190
v 14.953856 48.725204 57.839165
v 16.166210 58.736694 124.555061
v 15.007394 48.838402 110.135818
v 15.949456 51.365574 107.538155
v 14.802197 44.388260 53.275093
v 15.182838 47.379070 106.375519
v 15.359982 44.859562 51.952141
v 15.512422 52.540051 52.576530
v 14.952889 57.424603 122.515701
v 14.568787 57.044655 128.671448
v 15.024373 43.899025 135.085922
v 15.151254 42.380169 74.043549
v 14.783279 52.251434 122.277847
v 14.833750 56.211990 128.752350
v 14.873375 59.122574 126.783134
v 14.794549 48.576050 46.907043
v 15.972980 47.616596 58.521919
v 15.451563 42.440964 75.371292
v 14.286272 51.745544 104.702644
v 61.306957 62.900471 86.602402
v 62.048359 64.923477 71.843872
v 61.581764 65.325874 76.562119
v 61.006924 63.946079 54.295715
v 61.462929 62.871712 85.228035
v 60.411533 67.040039 103.362190
v 61.289574 62.125889 55.978783
v 60.842819 67.159889 89.923630
v 61.248013 66.909653 59.393017
v 61.291512 66.423950 83.741592
v 60.461002 70.987152 105.710625
v 61.303711 66.005890 101.579453
v 60.828175 64.123589 88.834328
v 61.207764 66.191353 56.697330
v 60.962837 63.949177 59.087616
v 60.533768 71.893990 103.395096
v 61.286560 65.581993 60.633041
v 61.195480 65.296379 90.473526
v 60.940678 67.432724 86.061157
v 61.992512 63.701164 84.165466
v 61.382553 65.646912 96.500092
v 61.592751 68.080917 87.985519
v 61.442905 63.011299 53.628761
v 61.099026 69.446144 93.631317
v 60.601048 63.048630 87.477966
v -15.203716 47.404278 75.998779
v -15.090090 47.213314 106.540131
v -14.563484 58.583771 123.767525
v -15.450020 44.839405 135.102661
v -15.100559 44.841732 48.731789
v -15.134342 45.701992 47.725834
v -16.079432 47.093422 58.728569
v -15.069798 47.031063 46.828114
v -15.279484 44.354847 57.000923
v -14.057278 46.570084 73.549049
v -15.864399 50.459549 55.146072
v -15.756804 50.464657 48.355907
v -15.551619 42.372917 76.249222
v -14.727614 55.655586 121.034637
v -15.661055 51.666786 49.812454
v -14.957872 53.785622 120.706856
v -14.877440 50.088661 110.607033
v -15.552298 50.348152 102.439743
v -16.029099 49.840618 56.056419
v -15.096998 44.536541 51.872948
v -15.474499 51.546406 102.645927
v -15.548111 58.199398 123.155602
v -15.584217 52.652382 121.910431
v -14.480011 51.884659 126.001122
v -15.307053 46.654045 78.569740
v -14.595547 48.109985 110.920753
v -15.090479 48.236473 104.160339
v -15.919889 41.807827 73.332596
v -15.564966 56.509811 129.579498
v -15.690125 59.511524 125.612648
v -16.257746 59.300747 128.733917
v -15.012342 47.511227 74.541443
v -15.107925 44.593925 52.736851
v -15.125549 49.012779 57.579300
v -14.506188 42.142570 76.044228
v -15.286573 42.310745 72.738152
v -15.756214 51.352589 107.870041
v -14.923479 52.257427 104.775002
v -15.536289 52.649929 53.239147
v -15.562778 52.630779 51.907570
v -15.389786 53.887787 128.053467
v -15.459953 42.779507 77.355927
v -15.031207 43.917923 135.098877
v -61.021927 67.906006 87.699646
v -61.171768 64.521637 60.489456
v -60.956993 64.887856 54.969795
v -61.301777 65.621811 94.439362
v -60.405418 62.641796 85.329117
v -61.467628 69.453156 105.679459
v -61.364208 65.998070 96.319641
v -60.979649 66.601929 84.401123
v -61.270603 65.990738 98.878510
v -61.178940 63.438606 84.356171
v -61.323059 66.712471 101.751007
v -61.276196 62.413727 54.024002
v -61.240578 70.293823 94.531738
v -60.513817 70.573524 99.487183
v -59.976902 65.549744 76.926163
v -62.005920 64.400246 71.883446
v -61.075939 65.839752 92.096756
v -61.400333 63.662163 60.018433
v -60.809807 61.911999 56.110802
v -60.632038 65.891151 59.468124
v -61.133732 62.769711 57.806831
v -60.951603 62.924416 87.204308
v -60.948475 66.549484 58.069439
v -60.390240 67.489326 86.250526
v 76.289452 65.993446 58.926979
v 76.514336 66.806763 66.127640
v 76.003571 72.830925 62.426670
v 76.481438 73.379044 63.664639
v 76.475197 71.938713 83.178741
v 76.695168 70.936798 83.017242
v 75.865112 67.192963 70.629166
v 76.340790 70.832077 58.349060
v 76.323631 71.073059 71.092377
v 76.495575 71.229034 81.898636
v 75.145317 65.169800 59.397617
v 76.559784 68.109917 57.123089
v 77.073822 68.854546 70.382156
v 76.693298 66.697876 58.100395
v 75.983871 66.322060 62.512104
v 76.840210 72.091171 60.346684
v 75.857567 71.886971 60.017803
v 77.240761 70.633682 70.404198
v -76.485176 72.027641 82.550575
v -76.426018 72.647591 59.774517
v -75.864563 69.521011 57.008911
v -75.955154 69.140915 70.272476
v -77.072701 73.873016 66.623947
v -76.137436 73.306427 68.594788
v -76.043144 66.628006 56.976395
v -76.137970 66.946609 63.585114
v -76.380127 71.704628 58.351921
v -76.505951 71.281120 83.582047
v -76.725929 71.792145 69.705139
v -76.275185 66.081329 61.061852
v -75.853813 68.147896 69.477592
v -76.010292 65.698669 59.266029
v -76.831757 69.029053 57.182117
v -75.558762 67.472717 66.764984
v -76.984421 67.971252 67.174118
v -75.668442 70.110535 70.785591
v -76.639717 66.370964 58.255234
v -75.879028 72.345703 81.916412
v -71.236397 67.193062 57.555286
v 34.390244 48.281879 78.467102
v 31.188284 46.979694 85.033417
v 50.884197 60.990356 66.355400
v 57.431034 65.919350 93.536560
v 20.675680 48.022217 90.551155
v 38.826744 62.953064 130.896942
v 25.998186 59.306671 124.224319
v -70.281494 64.306984 60.697739
v 69.738670 72.212791 71.442444
v -54.133114 64.758606 95.925400
v -16.264261 51.719063 52.826675
v -14.761291 45.170586 134.061096
v 36.051823 54.109249 93.842453
v -13.903024 50.104134 116.124023
v 1.319491 42.151463 91.516876
v 15.004491 53.243984 121.796829
v -40.705296 62.173763 127.964249
v -5.925035 46.399521 144.482849
v -88.851654 72.508972 69.772720
v 10.043186 51.251434 50.959637
v -6.372290 45.640263 58.547440
v 33.569561 48.117008 52.983929
v -20.636150 42.669804 69.592598
v 55.273117 65.493088 83.123199
v 59.212765 71.737473 103.668541
v -34.239418 55.630096 60.008217
v -29.746687 58.956245 138.450195
v -18.665789 42.368767 70.157715
v -80.519615 70.287605 64.151825
v -27.580467 60.219013 117.724739
v -20.283394 44.115780 87.136383
v 9.323372 50.085648 51.132961
v 9.575811 45.048515 58.684429
v 87.257095 67.980942 54.400177
v -34.657158 51.947994 53.399944
v -35.403416 52.081001 77.368607
v -85.661453 71.750458 69.751747
v -3.631450 44.761105 137.853119
v -60.088097 67.853699 99.053139
v 21.525761 52.032417 95.902466
v -52.980160 57.504326 62.819847
v 33.672760 51.631348 52.886845
v -9.562173 43.503742 78.258644
v -26.951971 55.995415 137.563049
v -10.673114 48.801655 108.016235
v -20.466808 46.084770 88.666397
v -23.781940 57.445736 138.107788
v 54.248055 66.902344 95.366211
v -48.119648 54.846416 60.640862
v -24.351185 47.614655 71.522263
v 54.644897 59.412121 70.509857
v 71.287933 68.358505 56.256042
v -50.237549 54.151081 76.430740
v -20.994759 48.031258 55.550335
v -27.312096 48.370583 53.870228
v -34.781910 53.321144 49.583996
v -47.218185 54.458115 86.782509
v 50.628021 58.066776 68.474869
v -77.821632 66.545296 60.605614
v -11.762864 46.638023 110.805405
v -23.284071 47.452728 59.968048
v -15.587303 55.701206 113.909836
v 36.496655 53.372509 99.743866
v 59.696831 67.742630 99.014000
v -76.840103 73.941711 63.400444
v -70.021996 65.510056 59.447811
v 10.475607 53.892567 117.840462
v 2.655417 48.298313 145.223984
v 1.705941 45.497349 146.587036
v -11.490449 47.448643 88.322830
v 48.106876 61.635658 83.906776
v -21.099789 50.680664 95.958466
v 69.022133 67.465080 96.697472
v 61.795052 70.193100 93.265427
v -27.326134 49.096020 54.892033
v -10.478885 55.200851 125.128960
v 19.678183 46.866570 61.701668
v 88.849213 72.512650 69.735168
v -9.776967 50.743904 50.273209
v 68.014832 67.478302 92.454132
v -41.584278 47.968990 81.574570
v 88.929268 69.474251 69.329865
v 43.138885 51.972279 80.695389
v -6.977178 47.035542 140.390167
v -29.025244 47.111351 84.285034
v 10.086786 48.134315 109.852798
v -54.633724 64.601974 97.240265
v 10.038465 54.429214 120.210564
v 61.416965 71.663033 99.594666
v 32.064880 50.133286 73.993301
v -19.449686 46.193420 53.617165
v 67.228821 69.034485 70.336258
v 9.279875 54.047039 122.808464
v -39.037342 53.084778 46.101189
v -20.305502 45.582848 85.742386
v 14.293135 44.237976 52.584229
v -29.704103 58.024082 137.959961
v 37.929909 55.596394 99.510101
v -37.412357 51.962364 90.037918
v -56.071617 59.989841 74.084877
v 16.255573 48.973919 108.092171
v -14.583252 51.523308 56.887894
v -34.424740 56.225403 96.896179
v -3.872644 43.741360 92.456940
v -55.265236 60.282722 68.367111
v 23.981159 53.374790 96.024994
v -66.378853 64.705162 52.420330
v -38.841408 57.590252 92.371429
v -9.876281 51.794968 112.004051
v 38.999954 55.427834 98.096802
v 53.947220 59.402679 73.972786
v -63.310448 65.419304 86.228134
v 5.480944 48.513920 139.773499
v 12.145801 42.047958 83.620132
v 11.847433 50.928360 107.880768
v 43.013699 54.604950 80.275757
v 47.231445 55.418972 47.957458
v -64.186028 69.204758 103.171799
v -45.822704 50.810081 85.709816
v -53.578438 59.741112 64.754478
v 63.371357 68.894592 104.146263
v -38.693031 54.550228 98.461121
v 18.179966 47.459751 69.786606
v 49.019264 69.625237 107.695969
v -17.566456 44.371243 69.621094
v -46.395790 53.253292 83.575333
v -21.451752 45.244114 84.548088
v 78.429047 67.710846 63.193054
v 12.048743 55.859581 126.247879
v 48.354996 69.637650 105.181046
v -34.358067 59.251209 122.620567
v 27.617146 48.815765 53.938698
v 70.706253 64.529228 59.482216
v 32.815670 57.362041 117.799187
v 27.852806 48.714279 55.025578
v 44.368828 55.582008 84.388580
v 51.014545 59.336304 84.017502
v -19.532166 50.113945 104.544724
v -1.366119 47.277145 145.023834
v 64.644753 65.430855 62.688984
v -46.761116 58.808002 88.864510
v 16.324184 50.813217 101.879875
v 24.582945 55.198025 99.422043
v 9.205279 45.089817 77.120255
v -49.019218 59.269451 64.543068
v -9.679768 45.355888 51.095341
v -54.327049 60.184341 66.469421
v -38.884285 57.032429 79.909630
v -47.985470 60.959976 75.348862
v 35.834808 48.534737 50.471012
v -10.209578 49.890369 121.679108
v 53.386551 51.786102 45.931961
v -49.754814 56.723988 64.489822
v -33.101482 48.493504 71.504227
v -51.916405 63.164238 75.797607
v 70.048874 65.741997 59.634163
v 26.909111 51.266392 95.746986
v 8.466574 51.641914 117.870491
v -39.422951 57.738949 95.629562
v -9.550099 46.657730 50.191219
v -24.314243 50.391968 91.288345
v 78.311638 67.577255 60.681145
v -35.337784 48.724495 79.206200
v 72.837502 70.269081 63.836891
v -68.667587 70.460983 95.322815
v -50.306530 71.310989 102.482483
v -9.046961 51.481339 114.613503
v -41.320351 53.018646 44.912003
v 64.987343 67.683342 102.524239
v 79.333397 70.061951 65.587997
v 46.540680 55.323505 79.256714
v -43.700977 53.104969 57.534424
v -50.468948 68.356186 97.076675
v -58.155079 66.551682 94.316124
v -59.380035 71.880753 103.273132
v -57.495113 68.428040 104.010910
v 28.955561 48.329800 82.995132
v 68.953453 69.005753 97.869286
v 13.211555 48.294262 83.108337
v -10.746147 50.634617 123.754356
v 6.816858 44.601479 79.574966
v -52.936749 67.415405 101.582504
v 15.596860 55.725754 113.882080
v 62.904854 64.273666 86.747871
v 33.128460 59.197689 116.838783
v 68.103676 69.774673 99.039337
v 12.878770 47.582729 77.489944
v -59.414730 66.279274 88.489731
v 52.056728 67.657372 106.948578
v -66.212051 67.198967 100.608536
v 43.190571 58.168842 60.251503
v 36.510674 60.977295 127.188133
v 57.970253 64.555962 95.311119
v -36.502014 52.930435 86.543739
v 26.970089 49.917599 96.716934
v -60.349438 65.399437 57.795876
v 28.130009 58.412655 121.784355
v -54.486534 56.807465 73.629440
v -9.337371 48.220985 50.234825
v 22.713037 48.554764 65.669846
v -37.518059 51.100960 88.060776
v -20.779543 50.567753 94.201157
v 36.082569 61.438126 128.164597
v 18.428486 53.164700 100.518867
v 38.828259 56.304688 86.624298
v -14.986889 46.636581 83.367752
v 79.153290 71.398209 64.439957
v 73.314690 68.661064 63.700367
v 16.217621 45.763878 49.275501
v -27.174389 57.324535 139.806641
v -37.914112 48.580490 74.939598
v -28.438702 51.169743 56.027882
v 49.538429 59.272938 84.979324
v -39.201263 54.827938 77.847115
v -33.054546 57.221344 125.698845
v 21.012547 46.515694 68.290024
v 62.918613 61.872089 52.322624
v -50.862415 61.046017 86.829308
v 12.569326 49.440971 119.296906
v 52.965054 53.101788 46.086395
v 10.997318 50.582493 58.039589
v 4.831244 44.993713 145.529877
v -51.657509 59.571808 86.053268
v -20.291216 46.910061 72.360809
v -69.489746 62.959846 52.492687
v 66.583839 69.117050 74.634247
v 37.116295 62.319492 127.468536
v -32.737469 48.319710 48.973743
v 34.327347 54.891426 96.581818
v 73.353958 70.260529 61.771149
v -28.424412 47.958321 83.382370
v -53.311871 57.037254 76.983078
v -18.045424 55.002174 129.013474
v 54.143234 61.089542 67.669495
v -50.279400 71.986679 106.751312
v 38.675564 57.332138 96.094391
v 57.923046 67.211319 97.658363
v -44.623535 50.749386 88.694946
v 25.341280 49.941647 93.398346
v 62.108036 65.118828 83.786285
v -35.915607 60.807724 128.626068
v -19.321890 45.349712 59.468170
v 52.697960 60.358765 62.529755
v -27.673813 43.682133 70.955200
v -28.273144 62.177307 123.819817
v 86.183571 72.120865 70.472260
v 26.360863 58.191120 118.706589
v 17.137918 53.806610 103.380676
v 40.815804 53.189159 56.158531
v 62.738537 64.393562 98.268356
v 33.550678 48.995148 77.686310
v 12.762479 47.109993 111.343452
v 19.123457 45.795918 53.832092
v 38.826584 53.132668 96.533630
v 64.476883 69.264320 103.376175
v 21.420477 47.225807 68.096809
v -15.421152 52.327652 103.333733
v -49.989754 59.089844 79.564400
v 25.396307 57.289841 135.758133
v 60.127914 71.080093 101.094055
v -50.188580 62.722294 74.282234
v -29.620529 55.757809 125.627090
v 56.584499 70.491852 96.992538
v 77.706108 70.955788 59.257759
v 51.938179 70.446449 100.122231
v -51.700012 70.498322 99.779373
v -13.015859 49.404663 83.113594
v -10.712707 47.900223 47.629738
v 33.646954 51.551060 54.207813
v 5.891947 44.199734 140.079407
v -38.775734 56.032265 78.884064
v -44.209888 52.702488 91.382401
v -78.189461 70.860367 68.639481
v -57.712936 61.974667 83.731133
v 51.191437 53.735962 48.253315
v 8.197504 40.848228 83.654350
v -42.573589 49.582455 79.599243
v 18.488291 49.440483 105.448227
v 2.461785 45.801266 139.668304
v 1.271248 46.368370 143.191864
v 6.257967 47.742157 142.578979
v 25.337761 57.353596 117.323372
v 50.035042 59.848431 68.668480
v 0.648823 43.598373 92.806793
v -0.296576 46.518021 83.714523
v 1.976729 40.711708 89.009445
v 3.482498 50.303581 88.137589
v 1.600060 40.353909 88.044029
v 2.821359 48.473907 84.344543
v 2.388060 45.285606 83.073372
v 2.266190 45.712639 141.413239
v 2.882437 45.398453 147.186493
v 2.914383 44.826260 146.404663
v 3.393525 43.765564 91.411354
v 2.823964 46.548153 147.166946
v 3.045487 46.644073 92.234818
v 2.775494 48.070431 141.879913
v 2.914693 48.574593 143.841827
v 2.764667 47.493706 146.498383
v 2.721985 44.175568 144.819626
v 10.817000 45.554897 76.074280
v 9.313702 50.695091 121.147293
v 10.866892 47.548721 87.689896
v 10.493863 44.677429 50.671501
v 10.098140 48.490814 135.758575
v 9.712617 44.373318 134.914795
v 10.440099 51.152878 57.349464
v 9.423625 46.836014 50.413193
v 9.450146 48.258972 50.153175
v 10.554767 47.840767 134.632767
v 9.817146 48.860691 80.061569
v 10.117905 47.890766 138.180466
v 9.964709 44.316399 137.775482
v 10.532833 40.526367 81.623436
v 9.636028 46.443977 60.036572
v 10.625701 46.967766 138.627563
v 10.526497 49.299305 86.317230
v 11.413539 47.255993 77.156525
v 9.963009 50.255478 83.445175
v 10.202879 55.352703 122.797150
v 9.810175 54.131943 124.406837
v 10.125739 41.207062 84.422569
v 9.510754 41.158607 79.972603
v 10.326580 49.754086 81.632660
v 9.180168 49.034969 60.139160
v 9.912869 43.849026 136.733200
v 9.934007 48.573860 136.916809
v 9.760958 49.019417 113.960861
v 9.294055 51.197025 56.119492
v 9.800366 50.212097 85.150864
v 9.913154 44.441406 56.732697
v 10.002594 48.939156 117.251663
v 9.938721 47.936478 112.086853
v 10.000199 42.167461 86.149521
v 8.669781 41.937637 79.603577
v 9.602321 49.599590 119.478722
v 39.096363 60.098831 126.439804
v 38.972198 61.795197 131.157425
v 39.040855 47.850826 87.455078
v 38.526566 58.193813 128.707184
v 39.717068 54.621269 61.985069
v 39.128422 55.304779 80.085602
v 39.600685 49.975601 49.623726
v 38.407589 50.934486 45.915257
v 39.023163 51.380959 58.042183
v 38.501484 59.524929 130.842560
v 38.841236 54.369671 97.972687
v 40.032394 54.194839 48.576267
v 39.404373 54.183159 78.627831
v 39.299042 63.291950 129.613861
v 39.240337 58.788471 129.981354
v 39.648434 46.274963 82.703865
v 39.920792 49.475403 76.740280
v 39.185917 56.853664 91.397194
v 39.742794 46.670685 85.591576
v 38.605392 49.883739 90.471924
v 39.299950 56.839844 93.652534
v 39.451839 49.184135 47.951462
v 38.973000 52.276356 56.956551
v 39.391773 46.590244 80.392860
v 38.720894 51.020203 93.373886
v 40.622135 56.915699 56.584118
v 38.743710 52.825836 50.478409
v 38.115589 52.376610 45.998524
v 38.888069 53.966644 47.048576
v 38.797310 58.788101 127.208900
v 38.233250 53.884415 49.462894
v 39.623264 56.061375 84.107437
v 38.539764 49.264553 48.831764
v 39.950600 57.302177 57.477913
v 40.567509 57.699081 58.697216
v 38.296738 53.282177 56.281933
v 40.662663 51.671368 50.202530
v -2.887533 45.401283 147.173431
v -2.265814 45.696018 141.427521
v -2.881309 44.841747 146.418579
v -2.771809 48.567333 143.834045
v -2.253180 47.781406 145.781265
v -2.104625 48.174927 84.488678
v -2.843629 46.548630 147.170303
v -2.372069 46.093674 139.726685
v -2.698537 41.473549 86.209129
v -3.135140 49.542542 91.543381
v -2.939584 48.581978 92.437241
v -2.724253 44.168739 144.804688
v -10.855730 45.280090 58.571896
v -10.500185 45.713348 138.703857
v -9.983007 45.245399 134.175171
v -10.735497 41.082188 81.019218
v -9.740256 44.392838 134.899658
v -9.830676 45.412308 89.680679
v -9.445700 46.443916 60.290348
v -9.968159 46.394348 134.044434
v -9.870811 47.660240 111.941422
v -10.383076 48.058414 60.365715
v -10.261312 47.812908 134.608658
v -9.791349 46.871750 89.858307
v -10.672961 46.914078 138.621948
v -10.496940 50.209229 82.200699
v -9.717098 48.857620 80.391342
v -9.209432 42.227383 80.186356
v -9.168444 50.714722 53.338692
v -10.535304 48.838135 119.290611
v -10.091741 53.777332 125.526611
v -9.674388 49.629490 59.844391
v -9.557020 49.634083 81.632446
v -9.781925 48.884308 114.127518
v -10.313602 48.985767 88.078308
v -9.666949 54.711674 122.182709
v -9.934836 48.564072 135.984695
v -11.266471 50.108002 85.383484
v -9.057996 44.520306 58.235180
v -9.311150 53.441238 119.011650
v -10.078547 52.878883 114.929520
v -10.213110 48.387157 137.542572
v -10.149706 50.769390 84.183914
v -9.910439 51.120522 57.067024
v -9.957437 52.347816 124.752831
v -9.798438 43.875416 136.390396
v -39.177704 60.105419 126.486366
v -39.433830 56.862537 97.027771
v -38.079552 48.084545 82.427429
v -39.982487 55.789864 55.490219
v -39.619282 50.960167 76.079330
v -38.859272 50.620762 90.340912
v -38.526638 58.194225 128.598450
v -39.424652 57.944115 89.185333
v -39.449821 62.449425 127.104271
v -39.701843 53.332607 49.524448
v -38.818501 59.868698 130.918640
v -39.245167 51.720943 61.434746
v -40.069302 49.016144 77.314583
v -38.850044 53.637535 77.253143
v -38.855087 49.606743 87.933121
v -38.848194 62.974976 130.872314
v -40.102200 62.930805 129.473572
v -40.295467 58.316402 58.664131
v -39.048237 50.512684 58.651020
v -38.959446 63.424294 128.235062
v -38.754295 58.767662 127.215218
v -39.136948 57.868290 58.297253
v -38.829842 52.498848 56.087471
v -39.412014 53.954262 46.911324
v -37.760731 55.419643 62.696095
v -39.777046 50.762474 92.107040
v -39.824963 53.305206 77.182556
v -39.284378 47.417606 81.007690
v -39.627613 52.475002 95.521416
v -38.436527 51.750774 75.857979
v -39.142147 58.932652 130.189514
v -39.777477 59.259762 86.141701
v -38.908878 48.467533 85.211922
v -38.512501 61.859234 131.324677
v -38.959656 51.801453 94.633698
v -39.667675 57.646023 92.894135
v -38.247620 50.146008 59.575642
v 54.544071 60.399170 71.218155
v 55.214973 60.747299 83.126389
v 54.096619 60.806633 85.018242
v 53.512352 68.561485 109.491943
v 54.307945 64.842758 84.948837
v 54.301136 64.890396 95.333664
v 53.979767 64.826096 75.942871
v 54.705124 66.512146 98.508514
v 53.933720 68.755707 100.730194
v 54.799805 68.971535 94.738876
v 53.826115 69.595657 105.181702
v 53.862354 69.673660 110.272461
v 55.641182 61.530212 82.098175
v 54.384483 62.557224 74.135948
v 55.349277 67.914665 106.259415
v 54.829494 70.866905 96.726845
v 54.019180 71.306610 97.652245
v 55.374931 70.992371 104.591171
v 53.968376 71.160789 110.179695
v 54.274769 67.121323 99.824493
v 54.592720 64.014435 73.444328
v 53.879818 67.933929 107.770004
v 54.585979 58.033314 65.143066
v 56.438515 61.907921 85.680939
v 53.857563 61.765091 81.656891
v 54.193790 57.866398 69.062592
v 54.425858 64.562103 97.012459
v 53.996788 63.124073 81.468353
v 54.292923 60.058495 65.080215
v 54.073353 61.138775 70.036697
v 54.617920 70.500168 99.711143
v 54.158527 63.555546 85.801582
v 53.311008 69.629456 95.694321
v 54.741020 67.561432 94.780769
v 54.094337 57.145260 65.623840
v 54.541042 65.653221 97.325249
v 54.947285 65.480309 74.144554
v -54.076565 60.683277 76.472610
v -54.728092 58.233967 67.318169
v -53.674271 68.796295 109.790405
v -53.968723 64.296165 76.678329
v -53.872105 66.394012 98.899124
v -53.740173 69.421890 100.592178
v -54.388794 69.016800 94.904587
v -54.254807 57.366154 68.003998
v -54.149834 65.901398 74.080620
v -53.531006 65.581863 74.575127
v -53.637447 60.282936 84.032669
v -54.119953 62.528374 85.862831
v -54.610657 62.693947 70.974258
v -53.748135 68.215576 106.553101
v -54.109856 61.703682 68.519882
v -54.185390 56.718540 75.077240
v -54.287773 66.938301 95.295853
v -53.857983 71.249191 97.415283
v -54.073200 56.832375 71.349983
v -54.278275 71.122528 98.685562
v -55.415367 64.550720 82.424332
v -55.376587 65.605293 72.842880
v -54.367287 61.523979 76.487076
v -53.935284 61.033222 85.117210
v -55.015484 66.455696 98.540451
v -54.829926 70.003441 99.986435
v -54.864944 70.106270 95.389893
v -53.549515 60.634739 82.478676
v -54.043152 58.800415 64.862587
v -54.482788 65.577469 97.226410
v -53.720196 69.958740 105.136490
v 62.805054 72.209518 97.016373
v 63.583702 63.991058 61.185501
v 62.720562 62.979446 59.229233
v 64.462128 65.645416 75.972687
v 62.434731 66.628433 56.555744
v 62.903217 64.611885 99.886848
v 62.596340 68.895172 89.441422
v 63.380760 72.240807 100.221848
v 62.829639 63.247967 73.960411
v 62.770374 64.107391 90.042122
v 62.077518 64.920006 92.799149
v 63.310131 64.008614 94.592117
v 62.035152 72.113243 101.731071
v 63.679432 66.866318 71.567123
v 62.236378 67.163574 103.650421
v 62.878696 67.113319 75.851776
v 63.079205 71.404022 93.897629
v 62.864429 63.598679 52.247055
v 61.642490 64.175537 76.302094
v 63.168922 70.348534 91.507675
v 61.985905 63.696648 88.365723
v 62.837097 68.392906 88.347855
v 63.704788 61.023209 54.716164
v 62.722569 65.628906 54.665024
v 62.930420 65.672821 85.687691
v 62.560833 63.510674 75.358498
v 62.493000 61.425522 55.794380
v 60.491695 66.535217 72.485542
v 63.330132 64.328133 88.744736
v 63.219498 71.725311 102.071976
v -63.375526 66.683456 61.582031
v -62.143467 64.684479 76.531746
v -62.710838 65.156685 99.485161
v -62.669319 68.779663 104.401749
v -63.095032 70.943420 91.613968
v -62.947350 72.402847 97.148254
v -62.957512 67.441483 58.362095
v -62.365574 61.228977 55.991676
v -63.013023 62.345558 51.982269
v -62.469547 63.416515 75.275963
v -63.115005 66.597015 86.305374
v -62.528416 66.482880 101.959427
v -63.057793 64.409569 86.785858
v -62.014404 62.699554 74.469727
v -63.047882 63.705627 72.839081
v -61.953861 67.462578 103.496521
v -63.161606 63.621819 60.483704
v -62.360779 71.495728 104.012016
v -62.639938 63.673378 90.069260
v -63.002659 65.101730 53.688286
v -62.432182 71.979042 100.412888
v -62.643383 63.649757 87.665321
v -62.501759 68.244087 87.505646
v -62.271378 61.432983 53.130333
v -61.795372 65.292816 71.558319
v -62.558270 70.057564 104.899338
v -62.301105 67.934723 74.011040
v -63.626007 71.393959 102.102982
v -62.704460 64.690941 96.428986
v -62.473206 67.500275 86.687302
v -63.558846 72.093010 94.052094
v 1.329650 45.210258 93.081352
v 1.201057 45.788277 144.675903
v 4.736692 46.155899 135.691345
v 5.462093 45.349602 81.142128
v 4.162565 45.589336 91.619766
v 4.400656 50.319859 86.962196
v 4.205985 41.319725 86.402496
v 4.937607 48.743683 141.892090
v 5.127711 45.039017 135.725739
v 4.559401 42.138393 84.560410
v 5.929428 46.523773 90.686340
v 4.831859 47.799332 136.336411
v 6.617993 45.124645 90.040680
v 4.113030 44.163177 144.662659
v 3.832493 46.687874 82.627792
v 5.106710 47.415642 145.403946
v 4.608290 43.867451 82.741653
v 4.203643 44.052589 141.639832
v 4.537801 43.930214 138.348938
v 3.858011 41.845619 89.295013
v 5.493264 47.585499 90.600525
v 3.969441 42.577354 90.130280
v 3.878061 48.066391 83.546280
v 20.365374 45.905224 60.684734
v 18.404104 45.913620 74.299774
v 18.820616 42.356949 72.998535
v 19.750793 44.746883 57.897030
v 19.210032 44.972321 68.690048
v 19.989674 43.237362 69.357063
v 17.970367 48.265423 53.500256
v 19.319063 55.260437 117.150330
v 19.229736 55.357086 110.352798
v 19.216999 46.947208 53.745827
v 19.711550 46.746162 72.751190
v 18.670296 50.357956 101.408150
v 19.632296 52.723988 111.224503
v 19.719145 47.575294 63.694092
v 18.610231 44.128708 56.113197
v 19.133583 49.890343 58.905098
v 19.446856 59.526413 129.862366
v 19.413639 56.970085 113.305054
v 18.583834 53.440788 116.329002
v 18.250816 49.534584 56.209682
v 19.465681 52.201584 112.802719
v 18.664591 58.487110 125.038025
v 19.559265 58.440979 130.386047
v 19.405237 49.553589 62.238953
v 19.460016 56.727940 111.504295
v 18.836708 60.225029 129.059479
v 19.949965 57.870708 125.003967
v 20.078941 56.509830 129.556335
v 19.923590 57.206245 115.587837
v 19.883734 57.383579 114.407066
v 19.111217 48.160961 69.653122
v 19.695660 49.303936 67.951370
v 19.854784 43.234993 73.731384
v 19.490391 47.736542 65.725983
v 19.778307 52.727482 114.353043
v 18.333782 51.975330 105.933609
v 19.685966 53.020691 99.749146
v 19.316078 53.777775 110.416161
v 19.797693 51.437542 99.991501
v 18.995283 54.791862 102.671616
v 19.850460 46.910847 70.663467
v 19.197412 41.929760 71.536652
v 18.339451 49.404068 102.585930
v 18.932289 60.748821 127.797424
v 19.890347 55.667171 126.811363
v 78.486732 71.999809 62.860569
v 78.573608 68.550819 65.892830
v 78.813988 69.361618 59.700958
v 77.549507 73.276985 67.371277
v -2.137743 43.391197 84.476334
v -1.335849 45.304325 144.831100
v -1.915072 40.273441 89.566757
v -2.349073 49.593159 85.663040
v -4.802282 45.585449 145.992523
v -5.031455 45.097229 135.745972
v -4.418723 43.959461 138.401855
v -5.102321 44.946915 82.762360
v -3.028557 42.181786 91.750305
v -5.269748 46.893600 82.324387
v -5.403170 48.418102 136.778000
v -5.425413 47.640026 144.614807
v -4.898596 47.050621 145.884354
v -5.101393 50.331207 85.650925
v -4.630594 48.675522 140.000671
v -4.930344 44.073616 141.350830
v -4.995129 41.690147 85.895210
v -5.440630 42.067471 90.021500
v -5.749564 41.152027 87.082420
v -3.918449 48.318943 138.441345
v -4.198234 48.625969 83.954147
v -4.498151 48.497555 144.200272
v -19.725819 49.405941 64.800179
v -18.723743 49.416267 55.565510
v -20.069304 54.204529 104.034431
v -19.482315 53.635216 110.457283
v -19.878836 47.383938 65.698135
v -19.333055 44.951225 68.625664
v -19.315865 44.650894 74.829422
v -18.874269 42.803871 74.303802
v -18.844833 45.896610 74.409363
v -19.133171 47.971600 69.975540
v -19.914391 55.615372 126.446358
v -18.756464 54.983650 117.053841
v -19.172976 55.035339 110.310989
v -19.553436 46.699532 61.368454
v -19.758289 46.647243 66.905334
v -18.671476 50.258965 101.571251
v -20.146568 59.094105 129.882355
v -19.666981 50.175789 59.853577
v -18.890270 41.765427 71.358711
v -18.386982 59.753418 125.989632
v -18.385996 53.299641 116.159706
v -19.044662 48.696991 67.285332
v -19.302414 54.203796 100.614960
v -19.143534 49.870224 56.840607
v -19.335157 49.481819 62.629040
v -18.274883 47.646538 70.956825
v -19.703947 52.248371 112.897156
v -18.071112 56.679817 112.517136
v -18.049665 57.623661 130.541473
v -19.435808 58.262268 124.954018
v -19.496130 56.993160 113.364746
v -21.950863 57.048805 128.939758
v -19.826950 57.287472 115.550926
v -19.550512 52.625290 111.369461
v -19.880150 49.486229 67.891754
v -19.227825 56.721550 129.953018
v -20.038612 44.795670 58.228168
v -20.574562 50.454105 58.633659
v -18.830040 56.265762 116.768250
v -19.308016 56.296421 110.950439
v -18.084288 43.389870 69.586296
v -19.576502 48.016853 54.301857
v -19.132195 52.594341 105.385712
v -19.317257 54.740025 103.101227
v -18.213591 60.358238 128.286804
v -20.087185 53.619141 99.815231
v -21.016115 42.362217 72.117813
v -19.840166 48.612442 69.144554
v -18.447948 54.439919 101.713821
v -19.897738 50.154976 102.161148
v -78.878654 72.951942 63.179680
v -77.935600 69.243217 68.119308
v -78.932846 67.419899 63.036140
v -77.839020 72.743172 60.431732
v -78.235100 67.648094 65.150482
v -77.673889 71.069641 58.201485
v -78.679276 72.222313 67.219002
v -78.845558 69.577217 58.393288
v -78.479118 73.266449 64.992950
v 7.081984 46.436684 55.153015
v 73.294014 63.372585 56.036224
v 55.060146 68.612915 100.229324
v 43.877537 53.768204 59.224533
v -16.831497 52.868061 105.401886
v 39.728992 51.581047 94.183609
v -34.327061 50.519974 78.045082
v 8.865174 46.526276 89.206467
v 27.869310 55.553730 99.105705
v -17.308155 53.810303 103.736694
v 9.099681 49.611946 111.685966
v -36.868694 62.216507 127.598038
v -18.167002 55.507618 123.987183
v 14.375532 49.618801 111.508759
v 22.137003 43.812820 68.192764
v 74.344322 64.104858 55.938675
v -40.606739 56.807224 95.676422
v -36.762943 54.585423 89.838898
v -15.402189 44.367748 50.257301
v -25.421871 45.562778 87.691643
v 27.807404 60.355968 118.195953
v 53.200096 67.945953 101.424866
v 11.862872 49.513901 83.195625
v 49.577240 59.540939 71.823074
v 40.344910 54.919971 96.206299
v 23.481731 48.834229 63.445702
v 50.263226 55.397156 76.316696
v -17.461193 47.305511 71.335281
v 26.425123 56.708385 118.223320
v 52.656609 70.536407 110.160759
v -9.317638 54.286869 123.583160
v 20.744728 47.560684 69.526634
v -13.827401 43.720085 72.864441
v -67.809723 65.864601 91.135025
v -48.019402 57.767509 57.603668
v 59.153488 69.144905 100.698471
v 17.394932 55.574146 123.521912
v -17.437481 47.687855 52.150890
v 56.852390 64.611992 93.916855
v -14.418118 51.203133 112.876175
v -50.097504 69.881210 108.760315
v -35.083771 47.585621 78.007416
v -63.793106 68.120293 72.875000
v -25.122042 47.387428 89.154007
v -16.250353 50.047184 108.519707
v 29.055656 57.178928 121.882591
v 59.744419 69.913933 99.636360
v -54.925419 65.478127 94.288422
v 57.055984 69.718857 95.917267
v 70.284256 63.840103 58.848549
v -60.884335 71.340668 105.393272
v -14.267741 53.553543 52.719017
v -7.205585 44.958675 91.148071
v 9.149340 45.532017 52.061081
v -16.148819 45.087521 78.733971
v -69.298431 69.188965 97.639328
v 11.886743 41.312126 79.179108
v -40.347504 61.127800 130.437973
v -86.310684 69.445999 70.498436
v -11.984830 55.732632 126.704491
v 41.655624 51.161098 92.448944
v 32.317013 47.538780 54.224304
v 64.392914 68.059921 88.466232
v -9.135250 50.000103 119.242958
v 36.823215 62.206230 130.705383
v 64.730118 64.766182 75.436745
v 63.825607 70.006630 103.597710
v -55.609264 68.432198 99.723862
v -51.540459 56.676083 61.410583
v -57.989109 64.581879 95.272110
v -57.740009 69.049843 97.220680
v 16.210533 45.581417 51.266766
v 8.737559 45.723961 138.848145
v 28.413189 57.271370 138.468048
v 21.378759 49.231853 89.941803
v -13.800965 52.065556 112.582878
v 33.977142 55.593777 102.131760
v -36.478565 46.756950 77.101181
v 75.945473 69.592896 82.760117
v 17.122873 46.602829 70.990067
v 44.293911 54.413296 84.674469
v 27.016943 55.999847 137.680634
v 49.672066 67.351593 105.487274
v -43.857307 48.781853 85.121552
v 23.003180 49.269936 59.137932
v -49.132713 61.637810 73.016273
v -50.698673 59.264748 81.280289
v -8.347409 46.349045 138.948853
v 18.294104 43.570763 69.561508
v 26.810844 48.192242 72.769104
v 52.311619 63.697369 82.500938
v -30.296503 52.703335 58.298458
v -25.899797 50.828156 95.214561
v 31.615398 45.773529 74.663177
v -32.951843 58.335068 118.625168
v 64.291573 63.643051 95.949142
v -33.250755 61.632290 123.128296
v -68.153015 71.198242 97.528259
v -7.650442 45.097149 139.284302
v 56.200413 66.895920 93.607605
v -37.481159 51.926170 92.879669
v 50.959728 55.985153 47.098083
v -34.254490 59.751026 124.611069
v -23.999638 59.592098 138.428589
v -48.484730 56.952385 87.325027
v -11.860035 51.144493 48.256321
v -53.224442 68.884712 101.371811
v -42.383194 61.740524 114.448044
v 31.565178 47.928284 75.854752
v 41.471920 49.242363 78.549179
v -26.637764 59.352867 117.679871
v -24.073147 48.337334 95.378632
v 15.400830 52.325638 53.776043
v 47.770260 59.567783 75.109055
v -52.220352 52.489517 48.172222
v 59.840042 67.288353 102.302864
v -64.782768 67.570457 71.611801
v -69.367218 66.377319 59.346073
v -3.665636 46.360485 147.129150
v -17.069712 49.018234 52.896118
v -5.627459 44.393452 142.265305
v 52.674740 62.369080 71.503021
v -89.385544 71.525467 68.949493
v 17.103958 46.803368 51.526714
v 25.130095 47.365738 89.318619
v -48.354992 69.637634 105.180901
v -68.179695 70.274117 93.649231
v 60.221111 66.302513 89.328186
v -48.266228 55.975033 81.763626
v -68.528343 66.650406 55.131119
v 21.773781 50.729710 97.774277
v 27.176144 60.225254 123.553352
v -74.696770 67.728119 66.091621
v -13.824391 50.596619 104.133629
v 45.265167 52.053734 86.843948
v -15.667566 53.782837 113.166725
v 68.203331 70.029678 95.518272
v 44.602589 54.642483 86.670502
v -12.364543 44.174351 86.856674
v -58.058983 70.869919 102.992966
v 70.809227 69.794327 66.403976
v -65.017342 65.932243 57.292595
v 66.543396 63.035892 61.285973
v 25.083338 56.117546 111.205269
v 53.080357 64.483986 73.376595
v -3.213138 45.434238 83.495201
v 78.404846 70.086601 68.738777
v 78.778656 71.459930 67.600594
v -52.587822 58.281021 78.101265
v 42.363911 61.763882 114.414894
v 42.651978 57.133690 88.032455
v -13.212427 46.574333 86.977509
v -36.307369 53.390293 79.520882
v -32.203403 61.753574 120.502655
v -12.460854 48.742550 116.964813
v 33.086857 54.511589 59.197342
v -7.415298 49.481384 54.164310
v 34.799889 51.297798 76.789917
v -36.839100 47.359863 78.580009
v -65.820686 64.987404 57.241699
v 1.717197 47.839607 143.453522
v 57.622334 69.326111 97.146431
v -17.324286 47.467354 49.372971
v 13.431149 50.855953 104.951859
v -18.697798 57.334011 124.410202
v 8.500892 47.237732 60.563744
v 33.028728 60.476704 118.697533
v -12.258249 49.578560 81.502274
v 41.025898 61.236382 128.755127
v -41.025684 61.235909 128.738373
v -34.280434 55.017372 96.569321
v 49.233601 60.397762 73.656075
v -31.228714 55.676823 123.636726
v -35.711040 46.669170 74.704926
v -13.734579 48.607468 113.820663
v -36.575298 52.768185 62.936577
v 56.839828 64.117874 96.756416
v 21.733410 48.709930 67.771309
v -21.240686 49.523705 57.001614
v -35.075516 49.251755 55.745476
v -52.147179 56.601780 65.591293
v -60.420486 68.900856 96.015320
v -60.057392 62.968758 72.141075
v 60.584702 70.789818 98.778442
v -28.628824 56.370377 114.009476
v 20.922180 46.155327 55.782997
v -48.870575 55.643970 59.514130
v -53.005928 60.069843 62.970512
v -18.622393 49.127975 103.701439
v -84.555740 69.481201 54.121880
v -49.819946 66.261635 100.326302
v 38.139622 46.761768 82.274353
v 59.218742 65.188103 88.469704
v -85.065826 66.808350 54.678383
v 50.178890 69.887985 108.808762
v -14.385578 43.003494 50.316872
v 58.272709 69.022789 102.572556
v 17.543680 45.184368 75.741676
v -39.885418 57.850956 80.042175
v -9.113775 52.958996 123.495827
v -36.898254 61.883060 130.828033
v 21.702185 46.430210 90.768089
v 52.097725 69.033264 109.353195
v -15.790695 48.609867 109.159302
v -15.022260 44.492767 136.027557
v -44.737473 53.980778 91.247902
v -21.646521 47.001240 85.368591
v 84.316772 69.682167 54.530785
v -41.195133 52.937111 77.578529
v -53.799011 57.866959 65.288879
v 33.838146 46.334213 72.578514
v 15.662549 53.751614 113.236382
v 25.783407 60.731453 137.399399
v -24.612246 53.166473 99.338997
v -68.751907 67.110786 91.796669
v 34.360851 50.612755 53.495312
v 42.922138 48.853565 88.487740
v 43.087208 52.631466 92.097733
v -11.826306 46.011745 75.539726
v -13.861930 57.580570 122.378632
v -7.376329 49.955002 58.362846
v -75.933456 69.605774 82.803604
v 36.318096 53.667515 62.992329
v 32.399670 60.462284 126.581100
v 32.718933 46.399998 71.033112
v 32.388855 57.590588 100.303253
v 31.108053 52.785252 99.012329
v 32.760117 48.464764 71.240677
v 32.544403 55.565586 97.688362
v 32.078674 47.300308 52.291565
v 31.768869 47.988148 56.605495
v 32.235466 54.097492 57.085640
v 32.364548 49.455776 71.966179
v 32.987984 47.509342 76.531326
v 32.562065 57.277908 122.676117
v 32.047028 54.174835 102.354294
v 32.451450 54.335022 97.879288
v 32.581917 49.381477 59.909237
v 32.031040 48.969643 49.022144
v 33.171452 53.581650 60.520702
v 32.082184 57.585529 125.236343
v 32.769264 61.186089 122.573708
v 31.822531 56.381790 118.005020
v 33.446983 46.326401 75.479248
v 32.478539 52.093700 51.837975
v 32.101948 53.160439 55.200264
v 32.673012 53.000534 100.828926
v 31.198515 48.787090 75.213394
v 31.920515 52.183865 53.468258
v 32.337063 51.941658 50.211460
v 31.862696 51.917534 60.372009
v 32.563961 53.341137 98.673965
v 32.471863 48.505909 58.525337
v 32.298180 51.031334 60.697689
v 34.043770 56.982140 97.940010
v 32.252647 50.522655 48.753132
v -32.503292 45.426647 74.110847
v -33.058552 46.286888 71.519485
v -32.483742 54.996925 97.690781
v -32.190678 46.532356 53.250240
v -32.146996 50.396946 60.525608
v -32.393715 51.045170 48.786423
v -32.912663 49.522652 72.227798
v -33.533875 50.564720 76.049835
v -32.059410 59.919067 129.078079
v -32.454735 47.499771 57.052750
v -32.485664 45.212528 72.801010
v -31.330986 53.943558 102.467644
v -32.617413 54.210381 56.108662
v -32.128559 49.595741 48.656296
v -31.979385 57.972160 128.114548
v -31.958832 54.257942 56.676659
v -32.499081 56.263062 124.040466
v -32.798309 57.428135 101.065948
v -32.804237 56.264061 97.816132
v -31.854954 46.933811 75.798729
v -33.245296 47.682129 55.934734
v -33.208939 49.599003 76.818481
v -32.890423 50.426159 73.949829
v -32.617985 53.271397 101.421631
v -32.568550 53.569862 98.364975
v -31.880459 61.633877 128.521606
v -33.720566 52.709873 49.493664
v -33.684784 47.504036 49.721275
v -32.141483 48.144299 58.657501
v 48.040298 61.273006 84.943085
v 48.157841 55.274586 61.075527
v 48.460293 54.811562 75.651543
v 48.106377 59.955704 83.031387
v 48.941917 59.967785 63.708961
v 47.960266 59.795433 85.823410
v 47.140591 59.807922 77.704994
v 48.216301 56.045013 74.033577
v 47.487202 54.422642 44.128872
v 47.747284 58.678593 83.874008
v 48.938534 56.197941 63.275303
v 48.021614 58.032249 57.861519
v 48.457905 59.006107 73.398926
v 48.943909 58.126415 79.033051
v 47.755245 54.674488 76.781242
v 47.343719 58.289314 85.318726
v 48.778725 56.596714 46.247082
v 48.381897 52.393562 47.849922
v 47.164886 52.595192 44.512100
v 47.293549 58.676678 74.600449
v 49.639046 56.590309 46.847652
v 47.305035 59.130325 79.004517
v 47.893452 60.272007 61.483295
v 47.544300 53.427120 48.683598
v 48.031654 59.372982 58.778057
v 46.988319 59.234055 86.038406
v 48.886822 55.739758 44.652603
v 47.206406 51.494774 45.692936
v 48.959877 55.484779 60.436691
v -47.636692 60.808537 77.687225
v -47.306396 60.829681 80.854538
v -47.355671 54.333324 83.778519
v -46.017994 54.267319 81.635635
v -48.939316 55.889050 47.926971
v -47.434025 54.907372 44.518299
v -47.957664 55.826614 57.945538
v -47.172466 58.409134 73.415138
v -48.475018 59.938644 87.934830
v -47.416374 53.605972 44.243351
v -46.632702 53.961735 75.914497
v -48.680576 54.185894 78.811172
v -47.353848 53.247860 77.087067
v -50.437881 63.271858 85.021927
v -47.614002 56.692146 57.253502
v -47.293613 53.763664 85.311928
v -47.311729 60.366646 79.502052
v -46.741669 58.523769 63.053215
v -46.933502 56.294205 73.817322
v -47.996403 56.035049 63.077049
v -47.266037 55.914742 45.668518
v -48.373291 52.431705 45.247353
v -48.479473 51.865643 46.626305
v -47.407879 53.336460 78.323158
v -46.941753 59.097515 57.923641
v -48.307865 56.533962 46.546066
v 65.230782 69.160774 73.425537
v 62.888832 64.020996 72.398827
v 64.127441 64.185036 98.915634
v 65.002472 69.536194 90.018280
v 64.128067 64.067993 52.133724
v 64.437973 72.644463 96.191589
v 64.281609 62.939232 52.027161
v 64.541763 66.510651 87.968826
v 64.345856 66.605637 75.995361
v 64.231857 67.345749 58.414978
v 64.770874 67.339050 61.865158
v 64.187637 70.988167 102.333847
v 65.200775 63.771729 96.371544
v 63.867123 65.504005 101.337875
v 65.130043 64.587097 90.623871
v 64.906097 68.474213 72.109436
v 65.324646 64.182587 73.915970
v 64.282448 71.179504 92.379852
v 64.633682 65.878235 56.559998
v 63.552109 61.268818 53.151604
v 64.669891 63.369431 60.125675
v 64.095490 63.976059 92.027809
v 63.459160 68.218651 74.698906
v 64.012100 72.733047 98.032166
v 65.439560 63.432167 57.630314
v 63.520748 67.816360 59.020458
v 64.357391 65.732925 54.657436
v -64.022644 65.633461 54.644112
v -64.545235 67.839714 60.107388
v -64.343971 64.744171 75.321533
v -64.173599 64.656090 52.465919
v -63.833405 64.877769 61.937874
v -64.848885 64.604187 98.368286
v -65.084785 72.133026 93.594269
v -64.436707 68.438347 87.953125
v -64.752106 67.267380 61.838928
v -65.159172 63.869545 90.487328
v -64.215126 67.587814 58.781227
v -64.578735 62.975571 57.571518
v -64.676079 63.277134 51.702301
v -64.536171 73.047150 97.233139
v -66.210350 64.706703 89.972214
v -65.077400 66.782295 87.563858
v -64.406708 66.358566 75.862579
v -63.880386 66.522957 71.659912
v -65.512741 67.294479 59.031075
v -67.084961 70.977554 99.253845
v -64.184998 71.344536 91.482391
v -64.845566 63.435188 60.355659
v -64.911186 63.532585 94.822845
v -64.285469 60.791435 54.818623
v -63.976463 65.889557 100.828796
v -64.181084 68.141678 74.693283
v -63.116096 62.086884 57.540855
v -64.927429 64.166931 73.722450
v -64.967941 65.871925 62.632202
v -63.852669 70.242561 103.145813
v -64.369324 70.519547 90.003593
v -64.501625 67.408890 102.069946
v -64.670532 68.855713 73.658249
v -63.448509 67.325424 75.365120
v -63.183464 71.959442 100.838150
v -63.671745 66.414001 56.788551
v -63.681015 60.654903 53.607479
v -64.805351 71.540215 100.641220
v -80.105812 69.762436 60.178875
v -79.356461 67.863678 60.305122
v -79.471359 70.676720 66.570854
v -79.607872 71.923386 65.186478
v 24.660557 45.329109 73.152962
v 23.947514 45.270138 68.422859
v 22.225035 60.076672 129.718384
v 23.853712 48.648273 96.788498
v 23.938360 44.688915 86.684418
v 23.027946 51.785316 100.784370
v 23.750395 59.054817 138.323456
v 22.139826 42.832611 72.226570
v 24.284367 46.082306 91.020973
v 23.891802 48.269196 84.453568
v 23.830250 54.737015 110.869743
v 23.907532 55.363338 115.778030
v 22.178881 43.841812 72.842644
v 24.263393 47.269138 72.292824
v 24.072338 47.081120 92.862259
v 24.141056 50.540352 99.391914
v 23.317377 48.719650 86.710846
v 23.377420 57.964378 113.315300
v 23.401957 54.478008 102.800522
v 24.312296 53.791607 111.868958
v 22.994509 54.388435 115.085831
v 23.045853 49.429993 98.063980
v 23.504684 46.296009 91.981339
v 23.066290 53.269470 97.158936
v 23.690193 57.608112 111.948906
v 23.232275 57.840317 129.733185
v 24.149052 56.612465 116.181198
v 23.578411 58.110592 137.829407
v 24.178381 52.642281 94.172333
v 22.713833 56.315216 126.526154
v 23.946119 57.551258 125.165924
v 22.425354 42.126091 70.536293
v 23.963516 56.024738 100.824188
v 23.313288 49.073421 87.930389
v 21.952759 56.878807 129.203949
v 22.800997 52.661484 99.555595
v 24.559320 53.134872 99.351410
v 24.091320 45.623604 89.016586
v 24.169903 51.952557 99.634918
v 23.949329 53.358593 113.656067
v 23.458332 50.847141 91.214684
v 22.939997 57.416939 114.311531
v 22.986641 58.813171 124.631218
v 23.906626 56.560074 128.228729
v 22.488379 61.570171 127.196503
v 24.140133 49.053162 85.560791
v 22.734846 55.594074 100.289352
v 24.528482 55.932228 101.532669
v -22.267475 45.134274 73.070801
v -21.454147 45.675724 68.486298
v -23.760786 46.178551 91.964249
v -22.525862 60.535809 129.029633
v -22.102406 60.470100 125.835182
v -24.283957 51.966595 99.713364
v -24.250671 44.924679 84.640205
v -22.404581 44.304245 73.050484
v -22.150917 46.181458 72.413544
v -24.366026 55.139938 99.422287
v -25.254677 56.090675 111.199364
v -23.220297 55.070396 102.487389
v -23.386253 44.909557 89.610153
v -24.527973 47.093132 69.025635
v -22.960798 50.076210 98.572769
v -23.507992 57.717197 114.597977
v -24.199232 48.990692 86.198410
v -22.343988 59.151550 129.791092
v -22.293221 53.743736 114.671600
v -23.028219 53.498322 99.230484
v -24.600739 53.020626 99.911621
v -23.650673 58.557293 137.701965
v -21.971027 58.337784 125.009216
v -22.575310 48.196095 85.497482
v -23.832216 61.610695 128.403519
v -24.595181 47.838036 70.342773
v -23.219248 52.605633 93.719620
v -23.469076 56.656620 115.460503
v -24.233597 57.166641 111.403320
v -23.806711 53.313702 95.878685
v -23.691072 58.128216 113.541794
v -23.772226 50.200996 90.425110
v -23.047606 43.071564 87.785225
v -22.702755 54.832745 115.298386
v -23.428719 49.136757 88.159088
v -23.405268 49.022755 97.643524
v -22.947771 42.966202 85.722794
v -22.988516 47.008553 84.080894
v -24.986603 53.130363 101.438416
v -22.180044 56.281418 127.708809
v -24.338432 53.726406 102.441620
v -23.896969 61.599770 126.203896
v -22.293188 51.220520 101.570129
v -21.087206 50.755272 100.923096
v 12.965814 57.852749 124.615868
v 73.170494 73.255363 66.628448
v 14.519770 48.765347 103.847855
v 70.093033 64.403236 57.841339
v -18.610159 54.619514 125.812157
v 52.275837 54.680161 46.876476
v -71.376122 71.539986 68.871574
v -62.209766 70.894012 93.031166
v 48.362419 57.377621 63.934235
v -43.391853 54.372547 45.036770
v 44.332424 49.737679 87.138260
v 48.872208 60.391281 75.139977
v -68.102837 65.305061 93.000656
v 50.688820 72.044800 106.322632
v 43.807800 48.387878 85.012268
v -49.295731 56.544083 46.452412
v 13.680164 48.023739 111.919678
v 43.100101 55.429966 90.525986
v 69.210129 70.112694 68.576393
v 53.013153 57.775028 73.921989
v -21.488272 46.548103 92.325066
v -10.624115 41.875698 85.755737
v 34.205662 50.591797 54.337978
v -59.342369 61.493385 75.343475
v 55.834503 63.238350 81.395958
v -70.070877 62.984261 59.422508
v 65.792076 65.644882 57.509460
v -16.058100 45.202271 51.976097
v -33.650242 50.324345 47.757854
v -34.906956 47.957829 51.843025
v -40.907307 56.875607 93.809158
v 21.553469 51.867294 93.911949
v 16.233629 51.944859 102.039627
v -73.597382 73.205269 67.399490
v -79.154495 71.161774 59.537876
v -25.861338 53.372658 101.028580
v 14.009624 50.670254 115.236740
v -12.602800 43.593945 135.066559
v -49.980423 57.921726 81.339325
v 6.782030 47.700752 140.069946
v 14.200097 42.889614 78.691315
v -28.330601 47.137775 85.490509
v 8.689095 50.378979 53.631550
v 27.388834 53.969841 97.147781
v 9.176972 50.149113 113.173714
v 60.316971 68.630196 95.711075
v -51.888405 56.458153 78.085670
v -49.438683 70.145264 100.322922
v 71.228683 71.582085 66.943184
v 28.845945 49.217167 73.464935
v 33.659779 45.935680 74.558968
v 21.314259 47.075500 88.637695
v 42.366943 55.356197 81.224121
v 34.315727 47.835701 50.874500
v -20.467594 48.190105 90.164223
v -52.818485 55.511864 74.248871
v 16.608776 43.955338 76.560760
v -20.750074 48.390198 88.763840
v 27.153715 59.198372 123.468605
v -38.267792 56.689926 83.959686
v -48.995853 69.673920 107.657654
v -25.256287 47.660774 88.170502
v 17.933859 56.533970 112.351585
v 67.480240 66.016472 92.931633
v -35.673359 53.414341 50.523808
v -26.803169 55.007336 101.776306
v -42.485786 52.545795 59.736713
v 88.026337 69.484550 54.552505
v -45.027439 54.241966 57.258244
v 28.489967 56.212273 113.831627
v 51.119293 57.630646 71.541069
v 17.944212 46.442471 52.708832
v 10.842514 48.810780 119.023293
v 60.580360 68.810425 105.747154
v 49.690475 70.307022 100.204956
v 25.000309 47.548004 91.388046
v 41.309818 61.006413 115.415863
v 77.350876 73.461784 65.709900
v -50.357693 61.072777 68.980080
v -14.314539 46.938347 135.650482
v -8.159124 45.335300 59.692951
v 12.177977 49.005051 47.068081
v -16.223198 47.988617 104.554703
v 25.267889 46.539036 88.603714
v 76.975288 67.381615 57.934666
v 25.549532 54.062569 114.689430
v 29.634068 60.874237 136.860443
v 85.743195 71.296997 70.366364
v 36.840885 54.320938 89.297867
v -89.461456 71.522461 70.324203
v -52.919888 53.362671 47.242771
v 35.101742 55.597195 95.874329
v -60.639843 67.657059 89.448044
v -3.222370 45.697819 137.632721
v 56.288765 70.095139 98.330765
v 52.892811 57.528595 61.997196
v -16.363440 48.434502 47.768654
v 52.607914 67.118553 101.815765
v 51.559204 62.079411 71.350632
v -36.776138 54.433411 85.562683
v 11.615964 52.953892 126.158455
v 77.263771 67.583649 68.529243
v -70.499397 70.521225 69.057816
v 73.702896 67.214378 62.281677
v 29.061525 58.088726 135.223419
v -17.138735 53.973450 116.361481
v -71.124992 64.914421 52.838741
v -16.224531 55.488499 121.750160
v 33.473103 58.679230 122.953506
v 34.605316 53.855156 62.006065
v 74.037727 67.580383 64.163261
v 70.177826 67.983627 67.716949
v 73.776245 67.999329 73.226929
v 25.676022 49.632126 95.908867
v 75.598763 65.860550 55.937550
v -56.133217 59.315651 72.255875
v -20.932459 54.369568 116.756035
v 44.570705 53.353939 89.363266
v 58.840206 72.263153 105.635445
v -58.595928 64.292526 82.352127
v -79.713791 69.226685 65.277657
v 59.030479 68.286560 101.818390
v -70.212219 65.544159 60.903168
v -74.031876 69.625565 56.935989
v -8.792813 50.745716 115.916100
v 66.426910 62.872604 56.112663
v 27.855505 44.061691 69.458939
v -60.429638 64.795464 59.287193
v -53.653259 58.585915 63.278828
v -75.307297 73.297966 63.023827
v 28.943125 46.423988 82.481361
v -35.228470 46.398342 75.679428
v 11.392677 43.953144 52.220459
v 21.555159 47.498032 87.572670
v -37.823425 55.137680 99.660439
v 18.962496 57.426022 124.764572
v 77.617149 72.609802 68.431122
v 10.728576 52.043144 51.076778
v 16.969019 48.139442 104.755821
v -28.294006 57.602112 121.672379
v 69.074478 71.607719 73.046211
v -12.706663 48.109455 106.018974
v -25.903387 54.521301 112.196991
v 40.497566 50.493282 76.982979
v -14.079648 51.127983 116.327225
v 22.308546 46.370686 85.834251
v 14.273621 50.780304 112.988510
v 11.815951 41.147739 81.839325
v 15.026198 47.560455 108.418533
v -16.197994 52.888424 114.258842
v -26.443726 58.021439 118.863594
v -51.028988 59.830788 61.049065
v 42.827641 55.198322 83.214554
v 43.033867 47.563015 85.007874
v -73.161484 63.895454 55.185707
v -71.637222 68.898651 74.058441
v -17.889372 53.858768 126.078209
v 46.884830 54.585838 59.474529
v 14.066523 51.682236 119.752258
v 12.368416 54.883823 126.717484
v -42.398033 48.544182 81.287689
v 21.125235 53.662979 110.435051
v -52.195858 58.860027 61.151318
v 13.001790 47.624352 84.943756
v -67.647896 69.596069 91.339188
v 25.510025 59.059013 114.394783
v 33.634827 59.009701 118.295143
v -6.133791 49.536278 83.780640
v -27.566809 58.700279 121.148560
v 42.540066 60.779907 114.468033
v -18.319159 47.085819 68.215622
v -25.153082 57.952454 116.655617
v 68.003662 68.375755 92.774338
v 23.141287 53.097233 103.015167
v -41.880924 55.150532 94.500160
v -3.175419 47.234512 137.911987
v 29.526291 51.099743 99.262314
v -56.648602 70.443047 96.790398
v 52.966438 58.529709 75.457458
v 54.969742 63.381950 73.500519
v -11.048884 52.557514 53.857845
v -80.325462 71.197205 62.892765
v 40.523808 61.077732 113.101006
v 41.108315 62.414131 113.561417
v 40.566833 55.129745 78.680405
v 40.950485 54.865376 55.473724
v 41.472679 54.917549 61.184715
v 40.757656 50.050880 45.937531
v 41.102962 56.090561 83.345161
v 40.040890 55.734928 55.978420
v 40.593403 56.343624 60.735214
v 41.006294 57.382595 88.063644
v 41.247169 53.344921 79.086319
v 41.424435 53.793922 45.210899
v 40.387390 53.883102 78.657394
v 41.505062 48.819893 89.777191
v 42.283749 50.018745 48.044884
v 40.544819 57.018288 90.022827
v 40.521317 56.995071 60.035553
v 41.356461 52.150818 58.019001
v 40.545483 55.878326 94.305267
v 41.127357 49.450996 47.177979
v 40.825996 60.020367 113.808411
v 40.733311 53.398762 49.569054
v 41.179031 54.159714 94.756096
v 40.947578 62.268127 114.782158
v 40.678246 47.615135 88.159775
v 40.250961 56.286469 79.560966
v 41.312515 55.966476 81.475403
v 40.635242 53.223198 94.941177
v 41.100941 46.436386 85.273315
v 40.878601 52.556465 50.053452
v 40.783058 47.385773 80.040985
v 41.226967 59.998730 114.689896
v 41.597073 56.272121 91.635468
v 41.375950 58.081406 85.971260
v 40.823467 51.491562 44.916035
v 41.327377 55.312702 82.427628
v -40.479313 61.008793 113.162888
v -41.301712 61.020782 115.410408
v -40.887203 54.023899 77.530807
v -41.730953 52.749214 56.258881
v -41.284843 62.440819 113.677094
v -41.624207 58.713947 81.678162
v -41.329037 55.137192 54.970848
v -41.225468 55.136055 62.039513
v -41.596298 50.415031 91.075546
v -42.312973 50.480675 46.092384
v -40.263168 50.456379 49.350906
v -40.777821 61.839397 113.180237
v -40.559029 58.283279 90.262512
v -40.759953 47.756332 85.366699
v -41.418747 53.894791 48.718876
v -40.250301 49.744152 89.995331
v -41.842373 51.763718 58.722183
v -40.529900 57.984322 81.919220
v -41.396114 58.759399 79.404419
v -41.124737 57.540897 56.338638
v -40.559898 53.248009 95.573822
v -41.800243 54.700581 46.172272
v -40.450741 57.697060 60.215836
v -40.845222 60.029095 113.749344
v -41.711445 51.878487 57.580765
v -42.118984 56.935211 76.850204
v -40.412476 56.825974 61.229786
v -40.899990 57.387283 77.914810
v -40.968605 62.308979 114.765602
v -40.858360 58.913593 88.768578
v -41.207577 47.592693 83.779343
v -40.234741 49.592514 47.911190
v -41.226238 59.987938 114.668022
v -40.482140 48.909203 88.343803
v -40.476055 50.710320 45.717396
v -41.247051 53.851250 55.365116
v -41.351120 51.664925 49.533630
v -41.223896 51.586643 92.946541
v -41.915382 56.435848 55.362583
v 13.912329 45.436508 83.907806
v 14.503113 47.552635 105.491623
v 13.775962 44.197838 48.710934
v 14.221666 46.832794 46.939331
v 13.517530 44.234768 133.732758
v 14.258712 46.403515 136.442780
v 14.048405 45.824535 73.168594
v 14.764618 45.875294 134.287140
v 13.676723 55.445644 121.065514
v 13.620260 55.566174 127.750687
v 12.181125 44.330235 55.619137
v 14.550525 46.677559 73.682594
v 14.748740 50.245522 56.992592
v 14.329002 50.642399 103.562714
v 13.640678 54.084087 127.040840
v 14.416121 54.419079 121.005745
v 13.757195 49.435429 57.765034
v 14.812523 47.372856 76.185501
v 14.391000 42.499985 75.714012
v 13.539187 57.568394 127.333237
v 13.512592 42.335098 76.754807
v 14.184443 51.929218 49.114605
v 13.976930 53.461136 52.965141
v 13.539143 56.556763 121.855316
v 14.283330 46.628391 80.221024
v 14.454208 47.318855 74.977379
v 14.153230 47.045761 135.698792
v 13.666656 43.071426 50.581329
v 14.225800 51.710552 107.887932
v 13.452836 51.595470 106.663567
v 13.663738 49.679482 47.088787
v 14.565976 52.637146 50.731400
v 14.172946 46.477688 83.016037
v 14.273275 50.965435 109.712143
v 14.882791 52.574917 125.438026
v 13.761038 51.149147 111.104805
v 13.881940 51.074394 121.871544
v 15.872210 44.043728 56.346703
v 56.238358 71.956123 105.229141
v 55.836563 64.380058 97.581108
v 56.283024 64.762802 76.138374
v 55.806423 64.806046 82.003807
v 55.615814 64.682152 73.039948
v 55.970646 65.376167 93.516678
v 56.527241 68.862770 104.606071
v 55.964214 68.641846 99.407135
v 55.840244 69.947449 95.236206
v 54.978256 65.456184 84.251663
v 58.908279 63.220451 86.752548
v 55.578815 67.360313 99.216385
v 55.150795 62.716267 74.715919
v 55.820614 68.093834 94.508118
v 56.283455 72.547699 106.996536
v 56.272041 70.260056 104.186905
v 55.649097 63.550758 95.998344
v 58.144905 64.428055 86.949173
v 56.022488 65.791908 75.196198
v 56.426826 68.080048 105.723465
v 55.962849 65.640404 98.044998
v 55.887383 63.655792 96.617401
v 56.066307 70.809059 109.209877
v 56.862286 64.005402 76.159622
v 53.794998 72.437271 106.721550
v 56.098541 62.974403 73.480591
v 55.506794 63.062988 75.690994
v 56.008289 69.489540 109.170853
v 55.750381 72.032104 108.527695
v -14.450873 52.028931 106.340851
v -13.899270 44.409821 133.740662
v -14.413282 47.534985 77.546158
v -14.006973 47.458145 85.109772
v -13.771290 56.228462 128.452133
v -13.865538 44.382786 53.432865
v -14.345384 48.087494 82.625351
v -14.285638 51.296165 109.753967
v -14.381985 52.540882 49.937744
v -13.971853 58.799561 126.399940
v -14.456597 47.591080 79.701920
v -13.112739 53.120720 127.143112
v -13.427659 44.031246 136.458969
v -13.991397 54.273533 120.059608
v -14.743405 49.394871 47.077351
v -15.428858 51.972073 106.926422
v -14.305990 50.741268 122.103416
v -14.044615 42.018234 78.638290
v -14.256615 52.588169 56.130249
v -13.523537 58.463375 124.479103
v -14.712950 47.300083 109.078941
v -14.189228 51.047089 119.544548
v -14.454450 57.850136 128.400253
v -13.573897 43.177784 48.963490
v -14.590190 48.927746 103.735931
v -12.374124 44.226078 55.718277
v -14.696588 51.206497 124.351738
v -12.472742 42.624023 76.115028
v -14.594415 51.383755 48.354282
v -56.684319 60.453735 74.416328
v -54.985775 64.880402 84.529137
v -55.987560 69.465286 109.170082
v -56.807461 66.885902 93.579163
v -55.819416 64.416748 97.613678
v -55.134132 65.397095 76.452461
v -54.951332 64.605293 72.091705
v -55.745461 65.201775 93.712334
v -55.847553 65.607605 98.005203
v -56.041889 68.537285 94.660934
v -56.162334 68.807426 104.767700
v -55.400211 61.067425 75.975792
v -56.641113 66.613411 98.583572
v -56.692841 67.941002 105.828262
v -56.229008 62.268387 82.183868
v -56.251209 61.570503 84.213348
v -57.943295 66.843910 73.371521
v -56.505226 71.515671 104.730759
v -55.344421 66.199921 75.307816
v -57.019989 64.266159 94.497520
v -57.261330 64.876198 86.407257
v -56.977032 65.905556 84.748535
v -56.153442 63.935795 77.462082
v -56.960098 67.868813 106.821945
v -56.214603 62.314232 71.994606
v -56.910980 69.789467 95.792267
v -56.676922 72.345856 105.844452
v -55.785748 66.211922 93.520493
v -56.068634 70.819405 109.207191
v -56.576717 70.084816 98.024193
v -57.397091 72.450500 106.269455
v -55.941284 63.562428 96.350998
v -57.250748 64.097565 81.983223
v -55.534817 63.430588 85.995956
v -55.580391 63.323997 71.658333
v -55.811249 71.929024 108.588272
v -55.303967 63.004547 81.498856
v 27.888191 45.757282 68.581619
v 26.855913 44.812477 83.663849
v 28.010628 60.664581 135.432755
v 28.053352 62.606133 125.574799
v 26.752308 58.676235 113.364746
v 28.020666 45.148010 73.551270
v 26.690264 46.041565 87.191322
v 26.746286 47.296902 73.447159
v 27.687946 47.634926 87.176376
v 28.462906 55.745483 101.682709
v 27.236166 54.910030 113.707535
v 27.670153 43.706757 71.191902
v 29.316980 46.906261 87.070229
v 28.576307 50.701546 98.608917
v 28.657476 51.179531 97.695412
v 27.264130 58.948200 129.849915
v 27.768114 52.980045 101.900620
v 27.661860 62.119888 129.063782
v 27.927460 58.117813 129.109634
v 27.922319 57.907978 139.415909
v 27.801683 57.057144 127.628922
v 27.614208 56.578377 101.083847
v 28.279493 48.704472 52.533264
v 28.252838 52.492699 96.893448
v 27.915798 63.032852 127.064713
v 27.415987 56.768841 136.212006
v 27.051371 50.564796 100.409424
v 28.123726 47.602066 53.924511
v 28.790272 55.069645 97.994629
v 27.926287 49.050156 86.045738
v 28.379999 44.431210 84.784103
v 27.365875 61.799778 124.747902
v 26.403975 54.620598 115.729362
v 28.545492 61.315910 136.785400
v 27.544203 55.690643 118.085892
v 28.025249 60.395321 116.771576
v 26.646332 60.441437 139.098175
v 28.393591 60.428940 129.937622
v 28.711432 47.672935 74.446014
v 28.259693 50.644547 54.949219
v 28.256189 60.108833 120.401817
v 26.881815 59.182076 139.958160
v 28.243473 57.276127 124.150986
v -27.713060 60.426662 130.527771
v -28.403561 55.737225 101.672951
v -27.835699 44.011963 69.523163
v -26.626841 47.726906 73.166672
v -28.159117 48.057888 55.699200
v -28.776867 48.006332 84.972153
v -29.115715 48.070938 70.034294
v -27.514141 54.973793 116.141457
v -28.204157 44.166904 72.082993
v -27.455885 46.404781 68.474243
v -28.481117 47.244137 83.267822
v -28.420031 50.585022 98.444038
v -28.305384 58.344055 129.854156
v -26.942644 48.308159 70.404739
v -27.878418 48.766491 52.386009
v -27.786572 56.521683 101.230560
v -28.515543 59.689175 130.468384
v -26.591742 58.934776 140.185318
v -27.588188 59.243622 114.435555
v -28.062305 63.431580 127.683853
v -27.392099 50.047108 99.195625
v -27.301712 56.707989 136.216202
v -28.863771 53.834755 97.200302
v -26.643272 53.739285 101.313530
v -28.312935 49.628426 56.541122
v -27.316652 48.716892 85.120560
v -26.488968 56.206726 139.162933
v -27.672287 57.856430 113.202797
v -28.679827 58.305332 134.974350
v -27.602631 56.566456 127.549614
v -27.129837 48.720493 71.839882
v -27.352547 56.795372 125.661453
v -28.456743 61.282604 136.610260
v -27.550993 49.971043 53.963676
v -28.540190 62.370930 129.497009
v -28.226702 47.152229 53.207737
v -28.367508 46.874939 54.458710
v -27.973454 60.650810 135.448105
v -27.142647 47.615364 69.105316
v -28.227377 52.489178 96.877899
v -28.014256 52.923248 101.987099
v -27.579178 51.624634 101.394806
v -27.371424 53.815331 97.061447
v -51.831047 64.358444 73.512489
v -61.941662 71.603409 96.676918
v 57.727760 69.841354 109.005928
v 51.878540 56.313026 66.150055
v 67.524040 65.245659 95.712616
v 3.444064 45.042473 137.745483
v 34.965511 51.024216 80.594841
v 65.547989 61.444675 54.298775
v 65.770210 63.536064 59.136986
v 65.435799 64.977821 71.957230
v 66.600410 64.535965 57.318394
v 65.903854 64.528381 98.353401
v 66.828110 64.286285 52.130333
v 66.848328 69.916779 71.638733
v 66.163376 72.075485 98.404404
v 66.096016 64.501785 73.106750
v 65.413620 65.132545 99.781860
v 66.225967 71.396767 94.393837
v 67.059799 66.801094 59.119930
v 65.687416 66.286346 70.998116
v 66.944366 71.067184 99.207504
v 65.799850 65.851715 55.865692
v 66.755783 64.534409 96.669495
v 65.467560 67.708160 71.109909
v 66.332268 72.071945 96.461319
v 67.962326 67.309975 75.366020
v 64.502098 66.558403 62.514755
v 65.011841 67.899124 60.627762
v 66.875290 70.252335 72.578560
v 65.106155 63.899643 61.903221
v 66.423851 66.336113 55.130878
v 66.908119 67.450523 60.166195
v 65.323761 65.527946 53.312965
v 67.137993 69.480667 100.518509
v 65.687088 62.576820 52.484032
v -65.845116 72.772064 97.132828
v -66.787270 64.805634 97.268806
v -66.262466 72.163834 98.519974
v -65.950600 65.021278 74.574860
v -66.814880 65.346230 58.237034
v -66.842148 64.590027 56.700172
v -65.574913 64.890472 72.608490
v -66.443092 66.308266 53.861282
v -67.344696 64.482414 94.223274
v -65.634048 69.390785 89.305641
v -66.745583 69.362480 74.525871
v -66.412102 71.356255 92.874191
v -66.564255 64.138390 58.806271
v -66.357529 64.871292 62.677299
v -66.019814 66.006592 99.808670
v -66.860619 64.584259 91.505142
v -65.968964 68.267006 75.349182
v -65.986954 63.551605 56.920685
v -65.460396 61.565350 52.726635
v -66.294762 66.329735 88.572815
v -66.172112 66.237282 54.857929
v -65.943100 70.734650 91.034363
v -67.004646 63.768486 52.237373
v -67.993889 68.845009 70.544197
v -66.335884 63.073372 60.595512
v -67.111328 67.780441 89.328537
v -67.185501 67.298790 60.353241
v 16.426529 51.249943 51.957516
v 16.809669 48.149746 106.311600
v -69.226219 69.562256 69.999290
v 78.515411 71.197052 60.739677
v -24.976084 49.309219 85.500092
v 60.166836 63.786957 82.686302
v -84.954712 67.638618 52.825726
v -33.262951 58.623211 126.885139
v -12.128973 46.251446 88.128014
v -33.533077 57.404736 122.868294
v 25.286625 54.074089 98.035660
v -51.996651 59.096428 83.034714
v -42.523335 60.770065 114.486679
v -22.544712 50.531940 90.463364
v 11.855937 43.620094 49.560802
v -16.181177 43.947372 77.849838
v -16.985106 48.147530 58.710674
v 67.826538 68.551376 99.959305
v 27.217859 56.383522 112.516617
v -45.184082 52.175148 89.530708
v 28.926315 50.037201 56.880577
v -44.696301 52.919773 79.418640
v -53.030193 72.506836 106.880341
v 60.306774 64.949036 58.700966
v 49.223885 69.054733 99.230690
v -53.319405 63.411201 70.867462
v 16.341602 50.180496 54.691505
v -22.853020 48.338795 65.462982
v -17.521767 54.034313 123.870811
v -48.922848 67.915939 105.442856
v -84.432030 67.440453 54.052757
v -25.339382 58.922714 114.997261
v -12.925870 45.354649 138.057465
v 35.931873 50.377968 56.512390
v 51.645111 56.859024 76.245178
v 11.406130 45.144154 57.807899
v 22.366331 46.253582 91.588829
v 69.847237 67.538261 55.191467
v 40.577648 62.134392 129.902649
v 61.764561 66.896568 85.410614
v -16.905920 46.236214 49.415150
v -34.701504 48.917336 54.432007
v 6.964733 47.042339 140.409454
v -6.588012 46.828743 142.952240
v 49.409916 66.744148 99.773392
v -49.182777 67.137993 99.582336
v -17.251219 49.478096 107.214394
v -16.790180 53.513046 111.663666
v -35.422276 50.462444 54.236858
v -7.093404 44.898529 57.527054
v 34.920128 51.624016 47.266727
v -36.621807 52.919296 92.744736
v -41.630398 54.106548 94.871727
v -16.517332 46.673962 71.843384
v -35.751514 51.276749 54.777699
v 35.907761 51.900608 76.466492
v 71.386452 68.004990 74.707825
v 34.747589 56.389473 96.838158
v -38.329369 58.041573 95.603058
v 72.043472 66.332336 59.818851
v 23.362421 48.252575 59.005196
v 30.956070 50.660843 50.354176
v -74.137894 72.118309 83.871147
v -31.691200 59.070251 116.293098
v 63.755829 62.559334 57.746178
v 15.498460 59.457985 126.286079
v 43.140774 55.321785 47.542824
v 39.337936 62.414436 127.033997
v 44.483212 51.781647 82.771759
v 62.238682 65.910629 102.061272
v 45.525848 55.571671 46.014904
v 65.988838 70.190956 91.570984
v -26.976259 51.138363 95.813499
v -46.572025 55.308975 88.242233
v 58.225590 68.101700 104.163666
v -26.143099 46.902832 87.522812
v 84.667694 67.653938 53.118000
v -40.064770 58.943287 128.596863
v 70.346291 65.497650 60.662468
v 50.395206 60.495266 66.944679
v 57.207458 67.105530 98.491241
v 25.311152 52.428822 95.106857
v -16.774029 50.271065 49.927937
v 24.715479 56.800156 139.328827
v 18.611574 46.285179 59.958347
v 25.286848 53.161377 100.876938
v -37.464432 55.148193 80.261986
v -17.273100 60.235184 127.587944
v 37.819035 54.500042 62.740822
v 26.088268 55.432301 116.879662
v 70.599815 62.902428 59.638920
v 58.012615 66.846100 94.287811
v -61.919086 63.415909 85.572372
v 6.593503 45.913475 142.938660
v -50.132698 58.304634 80.281555
v 36.678589 56.233280 94.353836
v -55.962303 59.560204 69.812752
v 12.158288 44.028778 75.202057
v -57.771584 69.577888 108.942993
v -32.280457 62.234009 126.987648
v -12.456110 50.677593 106.140572
v 16.068228 50.919510 49.650539
v 62.229553 61.409374 53.584255
v 1.682499 45.069077 143.199051
v -42.920170 54.890278 55.477608
v 29.227495 57.136543 100.599609
v 16.067085 52.549915 102.601479
v 17.937868 44.465973 54.132530
v 74.882065 65.483643 68.689735
v 16.290035 46.381012 58.626106
v 16.694561 59.985397 127.764778
v 43.525795 54.464817 60.387405
v 50.276573 57.437714 59.382011
v 54.743145 59.174786 65.146378
v -13.222893 45.605911 133.399094
v -37.980778 56.687195 88.333267
v -10.676467 51.279076 109.923203
v 8.257763 43.541862 136.667267
v -85.762978 70.105270 69.651993
v 22.374529 48.584846 56.992794
v 4.149524 49.519093 85.112885
v 35.166897 51.908924 55.361031
v -74.582077 67.310501 69.109833
v -30.922846 49.565987 59.399181
v 48.792652 67.616974 102.059753
v 57.511631 72.195023 108.005020
v 20.887993 54.589661 103.155258
v -52.646358 68.173935 105.571213
v 8.203241 45.628464 59.557419
v 9.545388 45.633236 134.123260
v 8.350764 44.564762 57.880074
v 8.714280 45.068077 55.246880
v 7.933013 42.899132 87.797287
v 8.236331 47.557076 89.362144
v 8.076078 47.980019 137.787857
v 8.428391 44.058475 135.089539
v 9.760727 44.618431 88.159332
v 8.458683 44.257965 138.216736
v 8.745090 47.265728 78.892006
v 8.527534 50.211433 58.528511
v 8.318226 50.122601 83.233688
v 8.506375 49.251381 52.125275
v 8.746936 40.863892 84.503662
v 7.731685 50.581657 85.344330
v 8.335329 49.423267 87.993927
v 7.274314 48.865303 81.648788
v 8.579994 51.901363 120.346924
v 9.269113 43.835941 77.449142
v 8.563369 50.601662 55.969582
v 34.364376 49.327538 59.889885
v 33.674862 54.990677 58.327438
v 33.551083 50.354229 47.892921
v 34.137802 50.378071 60.884617
v 33.376736 50.356155 73.704826
v 34.330067 53.347363 100.981659
v 34.249485 53.876987 56.175854
v 33.324898 57.001217 101.570648
v 34.201767 49.526691 53.788986
v 34.703339 49.813011 73.415726
v 33.815617 47.744358 49.868328
v 33.899120 52.825226 50.173668
v 34.112362 50.810658 75.248245
v 34.657726 52.794628 99.556870
v 34.012192 49.474377 55.359772
v 35.798954 52.885326 97.821266
v 34.478710 52.503471 51.392269
v 34.913189 48.844738 72.867020
v 34.296803 52.139252 61.695541
v 33.933228 52.528069 48.806408
v 33.771183 48.437389 48.696411
v -8.225395 45.744118 52.904709
v -8.756337 45.000057 138.648514
v -5.924488 50.812763 88.139755
v -9.710815 44.050247 137.454529
v -8.781520 48.618416 89.613556
v -8.119062 47.975098 137.776794
v -8.383265 47.625427 80.152245
v -8.907048 47.712761 60.789101
v -7.565786 46.779911 52.633141
v -7.972269 50.164825 88.249069
v -7.604883 45.699619 55.188709
v -8.868801 50.079117 59.478432
v -8.942072 49.806271 51.835094
v -6.742530 47.338211 135.067596
v -6.300303 41.357037 87.746170
v -8.618909 43.563427 136.674408
v -8.823475 50.821510 55.526836
v -7.753731 42.305382 82.643600
v -8.767111 48.944313 60.365662
v -8.304177 47.395164 138.409668
v -9.016964 41.377434 84.036171
v -8.531809 51.161694 119.248627
v -34.703186 51.097431 74.669266
v -34.477543 46.634441 73.210869
v -36.601791 52.764759 97.202393
v -33.498043 46.752975 76.143799
v -34.211075 47.327442 50.930248
v -33.853714 55.709438 102.152634
v -34.334770 55.549637 57.548382
v -34.680244 49.955338 73.276962
v -33.911373 50.700230 61.251427
v -33.811359 53.515854 55.032745
v -34.273289 53.890133 101.628700
v -34.616676 53.617374 97.116219
v -33.460224 48.690067 77.365723
v -33.759647 49.394356 60.323730
v -33.817192 52.794365 52.072193
v -34.338814 47.744949 72.270752
v -34.085434 58.617378 124.672081
v -35.317127 48.929607 59.354328
v -34.008877 57.254189 98.440636
v -34.271095 46.118004 74.679749
v -34.224354 54.729000 61.200180
v -34.033096 60.344032 122.073662
v -34.300365 52.651672 54.244850
v -33.779316 51.916229 61.671700
v -35.625755 54.217892 62.705032
v -35.049301 48.406693 48.690128
v -33.637596 56.684822 101.752113
v 49.932171 61.148323 85.814842
v 49.098114 60.815632 82.472046
v 49.975105 55.229252 48.152302
v 49.678284 53.141174 44.432320
v 49.460754 59.741398 77.208206
v 49.733898 55.228436 74.968414
v 49.205765 52.169582 45.089283
v 49.906185 66.209198 100.302704
v 50.121925 62.200024 82.460480
v 49.556377 54.641869 44.162285
v 49.828278 54.085674 48.729610
v 49.825043 62.856888 83.794708
v 48.998459 55.511105 77.918152
v 48.878853 68.077568 105.846558
v 49.607021 62.293674 85.071434
v 49.210835 71.006798 107.334213
v 49.852161 60.799973 62.499016
v 49.285412 51.631519 46.445522
v 49.377144 58.043381 65.438126
v 49.828705 58.088436 72.138336
v 49.548954 56.201584 59.628010
v 50.017494 56.616745 78.141594
v 49.439610 57.011993 72.981552
v 49.979355 68.345688 108.064140
v 50.508259 60.240227 82.368439
v 50.513905 60.284645 61.023457
v 48.389015 57.040535 57.960091
v -50.460068 60.748676 81.033966
v -49.779404 61.078461 77.377785
v -49.188679 55.359848 79.703354
v -49.449070 55.794731 45.012203
v -50.325623 54.961021 49.101398
v -49.757442 60.672993 62.942101
v -48.930561 58.637211 71.273193
v -49.017479 68.689880 99.299744
v -49.160645 59.153328 87.712616
v -50.402863 53.778107 49.399921
v -50.202301 62.050865 81.947990
v -49.244858 71.114235 107.250366
v -48.989864 71.035736 104.511688
v -49.750725 60.026352 64.545609
v -48.593090 63.107918 83.906448
v -48.770817 58.037880 64.697525
v -48.975933 60.517712 61.732719
v -48.627148 55.476452 85.640198
v -48.390533 57.483170 72.299988
v -50.794273 52.347935 48.687569
v -48.937027 61.568737 86.971550
v -49.754684 56.218204 72.291382
v -48.989059 59.928432 60.054817
v -50.844772 59.859375 78.416626
v -50.320229 54.388775 74.919769
v -49.637566 55.565559 62.554150
v -49.709431 55.548496 61.036716
v 3.175165 45.920708 82.773987
v 3.327056 47.666481 138.177399
v 3.902519 48.444584 145.127060
v 4.563327 48.580551 138.742279
v 3.283239 43.843460 83.430054
v 16.357405 44.894905 52.717419
v 15.794534 43.302280 71.454224
v 17.089928 48.427555 49.396534
v 16.698277 55.987019 116.357986
v 16.168144 44.314774 70.732407
v 17.261183 54.310875 127.483406
v 16.857594 52.844231 112.052147
v 16.510674 43.665932 55.047863
v 17.402292 57.004482 113.038666
v 17.828194 59.650291 125.946976
v 17.293869 57.454678 114.653801
v 16.962820 47.095039 49.204906
v 16.698114 54.270897 116.319008
v 16.849947 49.517578 102.219139
v 17.805933 54.441284 126.017044
v 16.996328 57.998611 124.084618
v 16.977324 52.543114 105.802719
v 17.298597 52.623020 115.056084
v 17.044973 49.665501 51.042244
v 17.148970 46.775070 73.647507
v 16.561619 57.426617 129.914719
v 17.411238 49.326435 54.799896
v 16.770935 55.177158 111.633202
v 16.860254 49.478832 56.228436
v 16.524630 48.310856 103.802864
v 16.596703 48.894302 57.704990
v 17.486061 47.283840 59.496914
v 17.114540 53.251968 104.907814
v 17.467562 52.124344 112.926453
v 16.963940 42.175262 73.256210
v 16.610722 42.411453 72.066284
v 16.610312 46.415470 75.931442
v 68.282860 65.221581 62.797173
v 68.266418 66.604645 61.894424
v 68.368835 64.579552 57.256729
v 68.223183 64.424873 58.009892
v 68.490936 64.487793 51.827755
v 67.597099 62.617836 60.158195
v 68.199341 65.167480 71.574226
v 67.775230 62.719040 53.062500
v 66.990448 64.126595 58.590607
v 68.904716 62.362030 60.623558
v 67.787262 66.053818 55.872841
v 69.477249 66.676590 74.756958
v 68.207069 66.800690 54.862289
v 68.533516 66.464027 96.179016
v 67.325706 66.609253 53.695343
v 68.357391 67.308609 98.566513
v 68.901230 66.428780 59.315968
v 69.039444 66.912453 60.692169
v 67.523956 64.220146 56.833275
v 67.860878 68.151146 75.322754
v 68.512703 68.862885 69.200226
v 66.200142 65.556404 71.310364
v 67.548729 66.064476 58.705063
v 67.875023 63.321186 62.062489
v 68.592590 64.951836 72.804825
v 69.280228 63.411709 61.835533
v 68.334030 63.209507 52.371628
v 67.993416 65.114059 73.732216
v 67.059517 65.511055 74.763924
v 68.115768 62.860481 55.593552
v -3.057659 45.154297 93.342117
v -4.078019 44.281601 145.212341
v -3.893484 43.359760 84.421234
v -3.559699 47.695480 146.366501
v -3.893742 47.093552 92.953331
v -4.914244 46.708130 135.619385
v -3.429220 40.648739 87.972534
v -3.432067 41.247688 90.471237
v -3.097317 46.801949 83.519463
v -16.869123 45.854416 70.439980
v -17.343874 45.078487 76.600189
v -17.877964 43.340778 75.585564
v -16.840750 55.317360 129.459549
v -16.634815 56.000809 116.295647
v -17.166122 44.651756 53.017513
v -17.007271 46.328621 51.847881
v -17.484341 50.686172 106.926582
v -16.418085 53.562134 127.518394
v -17.364866 52.004162 106.292297
v -17.382395 47.109905 72.761719
v -17.346338 52.713879 111.973549
v -17.375874 49.120094 50.303978
v -16.367737 43.528973 54.577492
v -17.476360 57.258835 123.562622
v -16.096037 53.034412 103.847916
v -17.562101 58.652084 124.662224
v -17.584660 57.446663 113.896973
v -17.170820 49.261463 54.328041
v -16.039854 59.836422 126.676636
v -16.323494 43.566612 55.659527
v -16.663986 41.758320 74.108459
v -16.114861 52.258175 123.884514
v -17.042788 49.270164 57.174561
v -16.645153 56.702488 113.135956
v -16.904833 48.124516 105.459961
v -16.750793 49.362076 102.421738
v -17.514498 46.832176 59.614723
v -16.918024 52.250149 112.925797
v -68.945366 65.990906 72.162582
v -68.719093 64.477959 51.658882
v -67.946648 64.362724 56.434029
v -67.632507 65.265221 62.864780
v -67.701546 64.774925 58.429237
v -69.229935 69.444511 74.963028
v -67.214798 61.885345 54.214626
v -68.171875 65.714279 52.214504
v -68.033508 70.749901 73.421173
v -68.854698 62.996670 60.695534
v -68.696632 66.819717 59.830971
v -68.305008 66.518028 61.913940
v -68.837051 63.853905 62.005600
v -68.743324 64.212074 58.522671
v -68.089317 65.577721 56.099857
v -67.728447 62.937424 55.679585
v -68.000160 69.111069 99.750984
v -68.227448 66.495354 71.092636
v -67.602921 65.894829 74.903336
v -67.801727 65.193100 73.505310
v -67.809464 63.080269 59.685936
v -67.112335 62.666237 52.764217
v -68.595940 63.195732 58.944756
v -68.102859 65.223618 95.572495
v -67.933868 67.414597 70.635582
v -68.408043 71.050545 72.044334
v -68.981094 66.822739 60.885269
v -25.412703 52.050167 94.976509
v 6.691642 47.720634 54.841373
v -25.801611 60.072079 124.184692
v 74.613136 70.338921 57.702587
v 33.042702 48.487862 56.251602
v -29.514429 47.012646 52.040508
v 17.315939 48.458256 51.976532
v 67.155907 67.864288 90.782394
v -65.320023 63.983181 61.802368
v -30.414219 59.783627 137.430695
v 35.460758 52.182224 79.112633
v -51.562981 61.444439 67.512741
v 20.754946 49.477734 67.969872
v -21.508144 47.042892 55.926552
v -48.494061 68.496750 101.228729
v -52.923515 64.851028 75.257164
v -65.996658 67.197960 61.952255
v 21.648048 51.864159 103.606033
v -11.995496 49.420219 106.125534
v 16.244762 52.767097 114.173729
v -88.092957 72.190041 68.070320
v 50.729336 58.646896 77.482315
v -39.172913 49.946793 75.754456
v 84.439186 67.343521 54.284531
v 32.682266 59.272518 126.027794
v 22.132315 52.397427 112.723289
v -41.666149 60.315727 84.067902
v -25.675037 49.689888 95.924896
v 48.491035 68.777145 101.102081
v 51.877655 61.816509 81.799065
v 19.082096 49.387794 103.807968
v 60.923016 67.014526 91.482254
v 5.484633 47.782711 82.070572
v -12.873223 47.859539 136.655487
v 38.126953 51.096542 75.728584
v 61.354126 68.009537 90.087654
v -20.569834 47.730976 91.873672
v 22.488420 47.555447 85.542511
v -42.019344 52.259514 93.089066
v -69.330063 66.089867 52.636494
v 68.620461 67.992775 69.301033
v -65.984566 63.758938 94.088165
v -60.337788 62.634438 55.983284
v 35.503330 51.359730 84.079163
v -54.399662 58.432446 76.331390
v 69.899208 65.542130 61.799488
v 37.605347 46.676788 79.209641
v 7.706145 41.375206 82.116936
v -25.084208 48.698330 91.011116
v 13.024362 42.973934 49.914993
v 77.659309 72.676353 63.018299
v 43.751408 50.253872 89.156815
v -40.631992 60.423264 129.699829
v 11.470698 45.598202 87.288940
v -36.350571 59.766624 127.578445
v -36.733555 61.071186 126.952141
v 70.860664 64.025475 60.371437
v 88.851273 69.548973 70.625450
v -72.393280 68.024330 60.650345
v 29.372562 49.515934 51.755844
v 31.653879 60.219635 127.947784
v -14.801882 45.297047 136.223221
v -26.961119 49.821182 96.839645
v -50.745899 62.306099 75.769135
v -59.034336 69.913223 101.335480
v -9.143360 49.153049 111.156006
v 53.258900 65.029869 74.741623
v -37.126228 56.661701 92.801529
v -27.233355 57.518486 135.402130
v 77.471733 69.972092 58.250893
v 13.329564 53.463291 52.565399
v 45.136600 50.678017 85.586006
v -21.914923 50.248600 59.204643
v -10.797512 48.170315 114.740273
v 13.286354 49.188236 115.070633
v 39.642101 51.360928 59.186745
v -52.631699 51.994045 47.105030
v -25.984980 57.354286 111.975426
v -6.953077 45.519348 140.460724
v -26.503578 46.889114 82.769432
v 20.664160 53.079567 115.678375
v -11.332069 50.393520 83.452423
v 25.515892 58.722343 116.434456
v -37.197990 54.912491 82.071198
v 29.874477 61.387356 119.117004
v -88.731415 71.864441 71.092743
v 27.206146 57.174664 112.522652
v -60.503052 67.645874 95.935226
v 7.064282 48.717785 54.412373
v 22.327772 42.584885 69.005386
v -37.820992 49.012753 48.536526
v 78.355217 69.143486 68.119202
v 67.660797 65.618721 97.722908
v 58.098045 66.441811 73.386528
v 52.722122 68.206146 105.643585
v 18.929863 48.220963 61.946056
v -13.007205 57.973839 126.246201
v 36.616718 48.247700 74.214264
v -7.867405 42.577881 88.860611
v 10.716308 48.323673 114.413162
v -35.961407 56.009041 94.601410
v -67.001022 72.011703 95.798553
v -13.517035 51.603695 106.183319
v -56.022823 61.355728 71.812691
v -24.462124 48.571770 88.876190
v -5.591578 47.214500 57.754665
v 88.109673 72.221252 68.099129
v 73.088112 70.265045 59.414753
v -36.714924 53.534370 89.675674
v 21.555635 49.206799 95.612976
v -28.960960 49.735065 51.452541
v 24.843933 59.538239 139.735596
v -45.865170 51.184158 83.980545
v -14.382724 52.227001 119.451019
v 69.881226 65.893913 57.628986
v -66.003311 68.931107 71.614563
v -6.144866 48.599354 58.031525
v -3.156939 48.396461 141.770615
v 69.131920 68.633110 96.384163
v 50.022404 59.186398 67.871109
v -21.870577 47.372303 66.239136
v 87.506599 69.588295 53.356140
v -44.314415 50.753727 80.990662
v -73.357582 70.165733 61.277920
v 50.967926 56.137569 74.246124
v -52.090935 53.906551 48.645283
v 29.729490 59.920376 138.329926
v 87.079628 68.481255 53.497452
v 30.590963 59.202213 136.897217
v 43.837219 56.470539 81.087456
v 43.119682 55.505341 61.103912
v 42.775631 55.288361 78.312454
v 43.786198 55.659420 56.291035
v 42.461464 55.241699 46.574467
v 42.955357 50.268406 46.278996
v 42.668049 50.702629 79.599014
v 43.110481 58.683937 58.257759
v 42.899403 54.471489 79.225784
v 42.594353 56.374531 88.964371
v 43.124935 58.769608 59.003815
v 42.429073 53.949326 81.600769
v 42.530552 57.595592 78.981255
v 43.110870 54.643082 48.720158
v 43.134392 56.772820 83.489914
v 42.703335 58.521938 86.147972
v 42.732937 58.601048 85.126999
v 42.133495 54.662136 82.323334
v 42.527222 50.917740 49.089005
v 44.529469 52.611980 49.325592
v 42.876842 51.860149 44.786728
v 42.288456 52.922550 57.388336
v 42.460491 56.813751 56.140701
v 43.261261 58.179661 57.399780
v 43.283554 58.036453 84.079819
v 42.749035 57.802101 87.260933
v -43.171719 55.261520 46.621178
v -43.533798 55.861900 62.034439
v -42.859688 50.314381 47.088940
v -43.160366 50.749180 90.487961
v -43.470238 58.573120 77.103249
v -41.365978 59.461823 88.195564
v -43.471466 54.336658 77.075821
v -42.368126 53.599693 61.044495
v -43.921684 54.649517 48.065300
v -43.490925 52.961876 78.450638
v -43.365932 59.350166 59.482189
v -42.442993 58.325436 60.577106
v -42.705452 58.398926 89.826866
v -43.111446 57.656811 90.438400
v -44.126888 53.007610 58.829956
v -42.270153 51.163704 78.165146
v -42.476173 55.903095 76.541313
v -42.553413 60.421768 87.377319
v -43.189583 49.359116 88.080704
v -42.563938 52.926586 49.147251
v -42.686020 51.178394 48.540653
v -44.371479 59.788879 80.431702
v -43.016705 51.644958 44.980469
v -43.904358 61.607658 86.194565
v -43.063705 58.366867 56.921890
v -42.140430 48.382698 86.791504
v 58.013962 67.818153 105.992386
v 58.243603 65.228142 96.089813
v 58.011013 64.758759 72.220772
v 59.410240 62.580952 73.416626
v 57.859047 70.787857 108.936371
v 59.305126 62.328632 83.366074
v 59.227661 62.448799 85.982605
v 57.519680 66.198715 83.747475
v 57.782150 72.261765 105.181496
v 58.396446 63.270252 72.545517
v 57.475315 68.083015 107.608154
v 59.694782 62.453014 74.685593
v 57.898418 65.687965 86.239281
v 58.181664 65.735146 72.530716
v 58.956818 66.434494 75.778442
v 57.287045 70.569283 103.576065
v -57.795753 70.883080 108.929802
v -57.722759 64.793831 96.578148
v -58.243462 64.184967 71.327774
v -58.094208 65.333786 94.317032
v -58.290192 65.123749 87.258759
v -57.905376 66.151024 84.113670
v -58.230789 62.022053 84.959137
v -59.088051 67.477081 103.958588
v -58.271255 61.957977 72.314507
v -58.005417 66.883789 97.381233
v -58.992012 60.980579 74.254013
v -58.083275 64.010727 86.901382
v -57.346996 68.308044 108.131546
v -58.733814 63.282738 86.688324
v -57.908379 67.159401 74.456703
v -57.379261 72.219559 108.042679
v 70.441727 71.354836 73.970871
v 69.994186 64.374664 61.873615
v 71.162010 65.207092 52.498276
v 70.328873 69.258438 75.219681
v 69.745308 62.522881 53.861389
v 69.635780 66.523666 69.837997
v 68.651939 65.770828 52.200657
v 70.174721 63.181091 52.990437
v 70.238457 67.092361 57.093189
v 70.439194 65.694534 71.001076
v -70.255211 66.975426 71.781754
v -69.744865 64.799583 56.977421
v -71.037811 69.509056 67.930679
v -69.297775 66.902580 54.297577
v -69.520111 62.460979 53.836464
v -70.757141 67.076935 72.879761
v -70.852692 65.970749 53.164032
v -69.971786 71.469498 73.213684
v -69.296829 67.816307 70.510307
v -70.222260 63.814365 52.391842
v -68.887680 70.297241 74.569099
v -69.336884 68.480339 75.055359
v -69.837456 65.792877 56.902939
v -70.059021 63.239033 55.737362
v -71.502502 67.785797 55.917423
v -69.651955 62.612053 54.819031
v 21.426611 45.991661 68.837677
v 21.530125 60.637878 129.017883
v 21.227404 56.974720 111.875473
v 21.121881 50.834389 62.764935
v 20.285803 44.984955 68.446739
v 21.521242 47.798080 93.905182
v 21.128191 47.433628 55.618664
v 21.659300 55.343945 101.978073
v 20.409906 55.843952 116.698921
v 21.814308 54.714722 110.150146
v 21.991167 46.337593 72.281929
v 21.446102 47.037987 65.664062
v 21.429365 46.682224 69.766953
v 21.590023 51.266743 92.586372
v 21.576189 59.294785 124.937981
v 21.648457 46.866444 71.090561
v 21.438316 49.777603 57.434410
v 20.824459 56.949093 113.335648
v 21.695700 54.497204 99.673538
v 21.360853 53.688053 103.779572
v 21.844017 58.666939 130.158997
v 21.898733 56.632607 114.864929
v 21.087473 45.435452 59.009575
v 20.655764 56.614960 125.872459
v 22.267807 55.465897 115.636269
v 21.622026 53.175282 114.524109
v 22.004847 52.854420 111.114929
v 20.820185 48.898083 56.185650
v 20.238274 57.700367 130.240662
v 21.383913 50.501194 58.991550
v 21.330433 46.017056 61.332016
v 20.722967 54.187225 116.538170
v 20.415417 45.193230 56.423035
v 21.580196 50.354404 64.858955
v 22.380264 46.240051 58.294132
v 21.076162 42.389317 71.740051
v 20.915833 50.657578 100.970688
v 20.852468 55.890209 128.344391
v 85.376152 68.317268 56.411701
v 85.818039 68.751617 52.938351
v 84.971870 69.902481 56.273689
v 85.775940 66.709396 53.542267
v 85.680954 66.566711 54.722027
v 85.657654 70.447739 53.309326
v 85.742264 67.526260 52.658928
v 85.004433 70.650490 54.477451
v -20.670193 44.967144 68.405373
v -20.815620 60.611511 126.538513
v -21.578320 46.653732 69.692368
v -20.621925 56.546856 116.319504
v -21.834915 46.884113 71.380692
v -21.763403 53.785244 103.572525
v -21.645102 43.159233 68.756973
v -21.999531 43.293678 72.763481
v -21.126080 47.187984 69.084709
v -22.141489 55.250553 100.080246
v -21.293169 45.142117 89.362495
v -21.702253 53.569241 115.484016
v -20.936810 50.564358 102.883957
v -21.670189 50.686459 63.801048
v -21.599297 46.490952 63.164616
v -20.766937 60.082237 129.069641
v -21.551394 49.558872 89.188690
v -21.921377 56.564625 114.707008
v -21.153191 46.941513 65.254807
v -21.677988 42.822876 86.494827
v -21.042696 56.865158 113.622391
v -21.424461 51.960918 94.848518
v -21.070898 57.075779 112.435379
v -21.639151 43.328129 88.037247
v -21.042280 55.436691 116.712830
v -21.755449 55.113037 110.212540
v -21.256392 45.316299 58.350132
v -21.486471 53.239758 103.877678
v -21.869101 53.489658 110.480225
v -19.774166 52.062294 99.715958
v -21.426094 48.246967 87.220505
v -20.065910 52.725639 114.121071
v -19.959948 41.927002 71.799500
v -85.050995 69.736435 56.372276
v -85.768188 68.753708 52.952316
v -85.666275 70.585983 55.845055
v -85.745789 66.717003 53.523102
v -85.732574 70.404434 53.241749
v -85.777229 67.733521 56.161137
v -38.280922 51.775558 51.306465
v 49.291824 59.196747 65.351494
v 54.331818 64.338882 85.458511
v -38.399239 56.109692 98.323181
v 22.691065 56.294819 115.227188
v 55.017227 59.268333 68.208954
v -14.571165 46.214752 134.308136
v -87.301773 69.646606 53.144768
v 18.823984 55.736164 125.554016
v -6.195797 45.034832 142.811493
v -11.904182 43.563774 136.179077
v -18.346777 54.380348 127.685844
v -24.535820 60.757370 125.016754
v 36.911621 46.743038 76.901192
v -22.974386 48.119858 57.731796
v -89.388603 70.038696 69.727257
v 73.278412 72.042435 64.432098
v 16.109989 53.067890 123.962997
v -7.488533 48.382282 52.729034
v 12.431130 47.074005 108.109665
v -22.240330 46.314972 61.085735
v 89.635643 71.129791 69.793137
v 14.859873 43.997005 79.078102
v 34.769188 49.947678 80.288055
v 53.077988 69.443832 104.863358
v 13.233685 54.081963 119.687553
v -24.674915 46.207283 89.550934
v 34.823589 55.129036 61.407337
v -73.788170 71.511650 81.630531
v -32.987942 53.155960 61.032364
v -35.921844 52.827194 80.964241
v -37.352089 55.680546 86.363281
v -9.812274 45.095997 77.123581
v -20.486416 51.791107 104.690445
v 60.106194 68.022583 105.204071
v -73.617668 69.148041 62.582207
v 10.046920 49.829594 109.406700
v -50.900684 59.735535 86.721390
v -73.949699 68.771355 64.385132
v 10.632361 45.881023 49.283817
v -60.141819 65.974640 89.869522
v 11.247440 52.687649 55.784557
v -6.716754 48.295959 54.272461
v 63.648933 67.302719 87.512199
v -87.375519 68.283806 54.045998
v 10.599569 54.110825 125.569962
v -1.665957 47.787914 143.720337
v 12.499855 52.749588 112.890846
v -18.874043 47.088322 67.372833
v -28.717922 51.334778 97.685471
v 10.348366 50.789146 109.911255
v -61.383495 71.657974 100.637924
v 33.701435 59.657223 122.539795
v 44.713100 54.824249 85.658775
v -13.338273 43.425098 84.907524
v 60.702324 70.044785 96.432571
v -87.298370 70.750046 55.281036
v -12.875834 43.291000 74.978043
v 14.844729 45.166504 79.990898
v -53.078629 69.443855 104.873695
v -29.229151 57.134853 100.595329
v 71.672974 66.814911 67.321785
v -10.140458 49.996845 109.149620
v 29.401354 56.487289 124.947327
v -20.862652 50.281574 65.223320
v 70.055573 71.884567 69.290794
v -33.041496 60.206291 127.884575
v -27.693398 56.611195 112.907898
v -10.822084 44.373619 49.661373
v 74.053123 70.759125 81.246071
v 64.216187 65.280350 88.273674
v -27.517426 59.817471 122.301567
v -13.566621 51.567986 110.808167
v -36.112221 56.081165 61.652710
v -67.409401 70.153999 71.714676
v -61.872829 65.760582 84.329361
v 26.165636 52.632286 101.298683
v 36.331596 51.926220 87.294647
v -36.710251 54.890724 100.674973
v -35.896526 54.022663 94.635284
v -35.886833 52.012032 83.902817
v -19.268692 48.342991 63.600967
v -55.312572 57.958195 73.904411
v 3.100800 44.429871 141.698685
v -44.159798 49.338528 86.526184
v 52.626984 63.754154 74.898277
v 61.879509 71.054871 95.271698
v 67.086067 70.048492 73.779305
v 37.081409 54.183102 100.183365
v -43.448868 55.432049 92.383820
v -72.936035 68.319199 72.153000
v -21.783430 47.673264 67.927132
v -13.159816 56.490719 127.832497
v -37.307400 50.188660 57.120110
v 21.912107 47.966228 67.483299
v -35.943844 50.066513 53.077549
v 29.402081 60.532078 135.585480
v 12.353911 46.379192 86.556099
v -52.729237 62.226570 68.385750
v 38.318016 54.900356 82.533066
v -71.939781 64.846474 57.731216
v 87.560539 70.727119 54.489326
v 36.315117 47.637024 80.610008
v 36.179531 55.317249 62.316734
v 36.219372 46.696148 77.595184
v 35.898865 50.254902 47.050468
v 36.008278 50.330437 52.088078
v 36.619446 51.286594 61.807228
v 36.525486 57.410881 98.494705
v 36.360500 49.934734 57.446728
v 36.233410 53.345844 47.653801
v 36.991348 51.287868 51.550983
v 35.837330 52.584232 83.070953
v 35.279102 53.686741 96.565872
v 37.506145 49.903221 46.980961
v 36.804962 50.068649 60.026634
v 35.815067 56.946518 100.267990
v 35.503433 55.000706 56.888618
v 36.271572 48.707497 49.150276
v 36.006687 53.503498 49.670670
v 36.466373 57.245308 96.846161
v 36.942902 56.105682 100.319534
v 35.578251 49.143593 81.874298
v 36.015495 52.611111 50.970119
v 35.315540 46.832306 74.036491
v 35.395966 48.933296 48.351089
v 36.044605 53.064720 55.757900
v 36.302170 52.553074 62.646519
v 35.690563 51.033817 75.066101
v 36.657921 52.897392 98.209396
v 36.322945 56.597836 60.641861
v 35.252777 47.531940 78.633453
v 37.026184 49.884014 58.981915
v 36.581409 53.244633 86.772949
v -35.759315 52.965481 47.722679
v -36.555748 53.571991 100.116837
v -36.743565 48.176323 79.920471
v -36.849972 55.577370 56.508514
v -36.785179 50.939621 46.530014
v -35.987427 49.853294 81.311142
v -35.903851 56.749592 96.066223
v -35.906940 52.441643 51.923786
v -35.800270 48.122509 49.902161
v -36.743473 53.518559 55.386036
v -36.894276 57.356785 96.947311
v -35.466808 53.752739 96.088821
v -36.014877 51.946941 75.923439
v -37.523491 53.993534 48.911514
v -35.883705 57.379417 99.296463
v -37.051941 57.377769 59.906590
v -36.365009 49.373138 47.711624
v -35.780640 56.864830 59.517540
v -36.105595 52.796043 98.811432
v -35.580906 51.882801 47.026390
v -35.927227 48.831116 58.357491
v -36.865856 56.274887 100.219643
v -36.244507 51.199493 52.626549
v -36.181713 56.733940 58.252945
v 12.030799 45.185783 133.637451
v 12.331502 47.252209 46.937111
v 13.339766 45.238350 137.622131
v 11.811269 47.988861 107.306580
v 13.323026 57.710789 123.313812
v 12.163846 44.787907 74.772736
v 12.880146 44.011074 48.670700
v 12.809236 42.958961 75.810326
v 13.372586 45.953243 133.463074
v 13.228693 45.244453 57.492290
v 12.932342 46.368649 138.021118
v 13.268163 47.679588 58.464981
v 13.346242 48.052570 46.536823
v 12.551901 44.286598 53.846535
v 12.572164 43.801884 85.177368
v 12.716741 46.618385 58.429981
v 11.912284 50.424320 106.983658
v 12.581322 50.627316 47.795170
v 13.189990 50.977364 57.831600
v 12.766526 51.618767 109.519012
v 12.162553 46.776226 110.363091
v 12.873903 48.250301 80.804169
v 12.942006 52.696030 50.140240
v 12.777227 42.872658 50.807087
v 13.153491 52.828861 117.593735
v 13.192057 50.879047 123.977310
v 13.282906 43.580677 135.150024
v 12.611373 48.034142 135.924347
v 13.366958 43.975983 136.435150
v 13.379847 46.871376 108.613235
v 12.482739 51.884304 57.627342
v 12.688992 52.331234 126.054008
v 12.798347 47.579514 137.184418
v 12.457799 53.234623 55.855778
v 49.677292 60.433792 85.759018
v 51.698101 61.101818 75.405930
v 50.961411 67.350273 106.688980
v 50.964718 55.799698 45.837971
v 51.507309 54.604813 47.926907
v 52.505424 51.410633 46.805393
v 50.750664 69.426506 97.373260
v 50.279243 71.978340 106.948982
v 51.578831 67.027550 103.760651
v 51.979340 56.240574 64.278381
v 51.806442 59.886059 76.338318
v 51.589008 59.176723 60.451683
v 51.359943 63.261002 85.045570
v 51.316536 57.440437 68.619308
v 51.710720 66.389969 97.147720
v 51.332214 61.239239 63.582939
v 50.780716 61.333611 70.141197
v 51.131783 70.403214 99.012772
v 51.549622 71.218994 102.510040
v 50.963543 56.846149 73.101227
v 51.830029 68.407440 96.361290
v 51.926777 68.134933 108.424461
v 50.984737 52.185062 45.056721
v 51.326080 65.919373 100.748322
v 50.501801 61.275970 74.861725
v 51.257839 53.324741 44.928928
v 52.380619 50.903397 46.213703
v 52.196171 65.811539 97.932014
v 51.692589 71.692169 105.299774
v 51.375748 56.083130 61.611755
v 51.160961 51.441364 45.607769
v 50.874672 67.033058 96.989494
v -13.057009 44.797516 47.958675
v -13.179822 45.076767 73.333549
v -13.066475 51.878998 48.429958
v -13.014897 47.611374 134.900696
v -12.709764 52.939026 113.181488
v -13.358016 47.833660 77.301224
v -12.524814 52.467838 49.412144
v -13.140047 44.716576 56.970322
v -12.968074 44.388714 133.726501
v -12.425813 43.408829 48.758598
v -12.851464 45.701492 57.907349
v -13.079049 47.744911 46.206459
v -13.194380 47.543365 112.671494
v -12.415625 55.004574 119.855614
v -12.830838 46.816086 107.899750
v -12.941768 46.977287 137.712631
v -13.280787 50.347111 123.989365
v -13.299772 54.357353 127.672897
v -12.926423 50.172802 47.194031
v -13.214385 49.368328 57.910919
v -13.090251 53.437862 118.246544
v -12.859078 53.431046 55.665932
v -13.127657 41.781860 77.560417
v -12.818830 46.634342 110.499931
v -13.184124 52.610100 57.119339
v -12.099940 57.215469 123.176506
v -13.254922 42.284134 50.424122
v -12.958608 47.290630 76.069870
v -13.216786 52.615795 115.774155
v -13.163038 53.522568 52.568588
v -12.503910 43.040173 51.701397
v -12.805404 56.181927 121.247566
v -12.357555 51.210968 125.724823
v -12.902249 48.830795 85.356720
v -13.099113 47.288559 58.506142
v -13.300897 49.841091 120.748779
v -13.289059 48.401943 79.426682
v -12.944258 51.280834 58.107620
v -51.193012 60.606277 81.262596
v -50.786446 55.760830 48.203178
v -51.308346 55.421558 45.890831
v -51.348953 51.348934 47.494030
v -50.487694 67.729752 107.592484
v -51.570557 62.301750 69.341820
v -50.707088 69.427338 97.423836
v -51.612995 67.087662 103.916855
v -53.467861 72.627533 108.741066
v -51.656361 65.970367 97.878159
v -52.363087 53.773445 45.972256
v -50.950634 66.912712 96.982635
v -51.736088 68.895233 109.146492
v -51.835789 58.633591 78.526367
v -51.684917 60.905704 65.378532
v -51.757385 63.402287 83.256638
v -50.736950 70.205147 98.837265
v -51.390862 56.106472 62.994736
v -51.531487 71.257866 102.653885
v -51.704880 55.529945 47.185276
v -51.660595 56.903839 67.652626
v -51.154339 61.007961 63.138840
v -52.180912 56.144653 71.204422
v -52.315754 68.507523 96.140656
v -51.721073 67.569260 107.069382
v -51.939392 52.292786 45.598785
v -51.941757 62.173668 86.283043
v -51.718487 61.561630 76.819923
v -50.666355 51.743969 46.001396
v -50.405956 71.430969 108.224571
v -50.881886 65.932175 100.603943
v -51.399551 71.854759 105.426697
v -50.972118 56.414108 64.604607
v -51.766270 51.325115 46.585712
v -50.721066 57.314770 66.500992
v -51.909184 63.488773 71.338562
v -51.123688 56.256947 71.472725
v 71.893066 68.616379 59.751629
v 71.587051 72.887840 69.919624
v 70.929344 65.178696 58.332405
v 72.390305 69.696396 64.696739
v 72.225479 68.436386 65.612564
v 72.256706 66.410515 53.219521
v 72.328964 65.369644 70.777885
v 70.726250 64.805885 58.254086
v 71.744438 70.817871 74.143997
v 72.437393 67.957977 54.523392
v 69.906471 62.483578 54.651234
v 71.744873 65.963081 68.323074
v 72.302216 63.485123 54.021072
v -71.687370 71.589325 72.395981
v -72.801056 65.028908 53.587685
v -71.215240 70.869957 73.755226
v -71.937576 65.930176 58.620174
v -71.732635 63.160461 55.169914
v -71.844719 67.381996 54.526047
v -72.600113 63.989334 56.863441
v -71.284775 68.045944 73.922874
v -72.223366 68.940674 59.758110
v -71.119621 71.898460 71.226677
v -73.341148 67.137192 68.537201
v -71.374916 69.837166 74.207748
v -72.155243 67.520905 71.605995
v 87.576599 69.475723 71.330231
v 87.587059 69.378502 68.415474
v 87.242363 68.881462 55.792728
v 87.276390 72.979393 69.404831
v 87.555161 72.846756 70.334740
v 87.019951 70.604408 53.446331
v 86.615501 71.351402 67.973343
v 87.367798 70.763229 72.093658
v 87.159691 70.400665 55.766697
v 87.189163 68.850189 70.288162
v 87.264526 71.934586 71.763290
v -87.599648 69.518600 71.384575
v -87.234955 69.036301 69.016037
v -87.444702 69.837837 55.769295
v -87.016579 72.861526 69.114807
v -87.287445 71.399429 72.051392
v -86.391106 71.492409 68.144020
v -87.164970 70.747566 53.644035
v -86.849419 67.747276 55.615009
v -87.017387 70.414841 72.027924
v -87.650726 70.026436 67.908173
v -87.576332 68.854980 70.178604
v -87.334976 72.685051 70.854095
v 26.183361 46.090889 68.284988
v 25.911852 45.802090 73.026115
v 25.613419 60.070850 124.315048
v 25.083750 44.788750 86.500885
v 25.155926 57.212261 111.726028
v 24.995998 44.660225 68.598137
v 24.863914 48.108253 83.674820
v 26.056017 55.270973 101.877556
v 25.609753 46.606228 72.908447
v 25.865528 50.841888 95.179893
v 25.375191 62.270882 126.359978
v 26.662928 59.482841 135.172211
v 25.857939 62.606857 127.728050
v 25.714743 57.364941 128.999069
v 22.265947 56.049042 127.474792
v 24.458105 59.396618 130.271194
v 25.648821 55.933460 138.340485
v 24.739471 43.619774 69.289116
v 24.098385 61.871204 128.330933
v 24.802956 47.250904 69.097015
v 24.813848 60.011177 136.827728
v 26.075829 54.682755 98.898499
v 25.217989 58.140549 140.260864
v 25.319672 49.152172 84.723801
v 25.248436 47.526436 88.487549
v 25.047785 49.300625 85.987640
v 24.679228 48.405205 87.845032
v 25.434761 43.302814 70.339615
v 25.719822 49.411861 98.521805
v -25.646452 44.966377 83.826698
v -27.508345 45.377098 68.407349
v -26.089567 45.534401 73.065567
v -25.253757 46.190552 68.415024
v -25.721222 47.741219 72.029022
v -26.021929 48.397728 86.448624
v -25.435148 54.941444 111.499100
v -24.958675 54.844933 102.326889
v -25.425232 50.820122 100.112923
v -25.939182 57.431782 125.264717
v -25.759768 54.147285 97.732239
v -25.700083 49.646717 98.988785
v -24.991440 59.393200 136.130188
v -25.522806 59.174198 140.164459
v -25.400055 53.883789 112.817719
v -26.464527 62.914314 126.621208
v -25.354071 60.509300 138.738983
v -25.335274 57.376926 135.723328
v -25.232420 43.230541 70.354706
v -21.861311 58.176971 129.719116
v -26.156597 58.076000 134.731964
v -25.541460 58.903206 124.385223
v -25.084564 49.048851 97.258057
v -25.355654 44.710732 86.704330
v -25.030594 58.486420 113.063454
v -25.169954 55.998550 138.162994
v -25.200403 56.704269 116.917473
v -25.646526 57.628311 140.299942
v -24.979124 54.544590 115.371628
v -24.845039 55.945744 101.626160
v -25.156065 53.960335 98.629585
v -25.307201 60.402527 136.926605
v -25.337206 43.514282 71.681625
v -25.730822 52.680637 100.994629
v -24.394270 48.490910 84.077370
v -26.202711 48.255920 83.675217
v -24.607378 55.514763 116.108727
v -21.631800 56.401318 126.661980
v -24.730637 56.044647 100.230682
v -22.935287 49.386204 59.427673
v 73.853104 72.107880 83.630875
v -10.728635 53.840969 117.415222
v 37.065113 53.792007 79.845238
v -35.589138 51.008923 81.362663
v 11.451281 46.517605 76.238525
v -59.728359 68.980087 99.857269
v 72.823967 66.614914 72.747871
v -21.957970 51.270016 97.910172
v 75.050224 69.768967 72.607735
v -55.743618 65.224365 83.229889
v -37.510426 53.873718 78.163048
v -72.602440 69.703857 65.946442
v -74.011047 73.172325 65.311462
v -88.837799 70.115227 71.173584
v 60.496006 67.081833 96.394524
v -9.167930 50.067013 111.496758
v 9.446211 50.904053 111.989098
v -22.429665 52.452801 97.863800
v 43.628345 48.870663 82.835663
v 52.444386 62.766766 74.358749
v 37.431767 54.670700 85.858658
v -21.055761 50.197205 91.499283
v -72.767899 66.462509 53.829494
v -34.977577 53.010937 54.889153
v 36.341774 59.763905 127.593330
v 15.822680 55.562313 115.446632
v -69.548836 67.699097 96.345032
v 11.753514 56.887070 124.301079
v 42.284164 48.263954 81.060211
v 37.827778 53.266224 77.789642
v -86.273376 70.128830 68.405457
v -27.166546 58.336670 123.567764
v -76.606148 70.711159 82.533630
v 36.776417 52.201294 92.200562
v 88.920197 70.368431 71.230438
v 10.983047 44.041679 50.829231
v -25.392115 49.659351 93.849464
v -60.680061 66.703514 91.717522
v -60.281654 69.583160 106.839638
v 30.025011 58.801342 138.195892
v 60.399101 63.158367 55.674686
v -73.409958 70.116867 62.579456
v -74.284203 72.721375 82.582924
v 18.759945 49.183502 59.971756
v -22.901268 46.037678 92.209206
v -46.251110 52.488441 87.641144
v 17.814112 45.274708 69.693741
v -38.124893 56.836952 90.513565
v 44.530010 54.173634 59.780891
v 7.253019 46.017609 79.193695
v 38.443741 56.819038 93.256332
v -6.111602 46.308048 92.032471
v 37.451393 50.620049 89.387581
v -30.025724 46.358437 74.577988
v 55.274277 65.853996 93.825592
v 28.995520 44.911270 86.204620
v 28.557047 50.362652 53.171997
v 73.699791 67.213989 54.222023
v 17.965141 56.717907 124.142044
v -20.115189 45.895290 67.848579
v -73.919167 71.138847 61.617493
v -35.906155 54.785412 93.737846
v 22.770683 47.055546 57.612926
v 38.012455 55.713539 89.051544
v 88.784172 71.939766 71.010086
v 43.032009 49.781616 80.621948
v 43.030838 57.138920 77.852051
v 73.846970 70.651794 84.093880
v 33.533176 50.105885 76.871651
v 34.807392 51.200848 52.626415
v 2.250731 47.034004 141.283783
v 33.103676 60.409866 124.108734
v 18.885115 48.498474 68.500626
v 35.933392 60.272720 129.079224
v -60.851353 62.206341 73.439957
v -73.954460 64.546753 56.830540
v -49.949104 58.641441 66.692833
v 10.615355 49.497250 48.574875
v -11.311753 48.115005 78.306824
v 13.120637 52.352940 112.592911
v 22.414902 49.499611 65.587608
v 28.735355 60.853119 121.647423
v 37.655304 53.216301 46.708450
v 22.144463 52.146759 97.777023
v -7.870985 44.448963 57.818352
v -50.381958 57.357975 70.428604
v 51.979912 63.032623 73.025650
v 73.013313 68.668808 62.374695
v -68.912025 67.433548 97.721802
v 37.723492 47.486637 76.146530
v -11.652626 44.643597 75.285927
v 41.534222 52.391743 59.295647
v 53.631142 61.804218 72.060791
v 41.576607 47.010677 82.616684
v 53.092537 69.349953 101.223564
v 20.945572 50.739956 103.277908
v -60.637630 67.261543 90.975876
v 67.264648 66.542740 99.666306
v 44.382935 58.681820 77.915253
v 45.335674 54.568562 78.558060
v 45.374599 55.396851 76.954315
v 44.511467 50.282238 46.592831
v 44.278095 57.568962 80.317223
v 44.577972 50.020428 83.746231
v 45.012325 57.827881 76.121277
v 44.520374 58.670868 86.369156
v 44.207809 58.418720 79.242287
v 44.939407 55.082951 57.248222
v 44.168381 57.382690 83.594597
v 44.299267 57.455200 87.194389
v 44.552917 52.519131 44.197582
v 43.147335 54.630959 45.321377
v 44.438484 53.437229 49.291317
v 44.874474 53.692768 44.261845
v 46.014088 51.674107 44.690605
v 45.859013 58.344402 57.593521
v 44.305260 56.686954 56.460632
v 44.588058 56.262226 87.026932
v -44.699593 61.130573 87.392120
v -44.806595 51.047756 45.497807
v -44.761353 61.801956 83.354614
v -44.644215 55.279114 47.075951
v -44.007641 59.426777 58.431293
v -44.126701 59.634430 88.807350
v -44.846214 54.551453 61.245857
v -44.292206 56.673027 90.416809
v -44.058300 52.551044 48.802776
v -44.284241 51.185059 47.795040
v -44.798271 53.334301 77.900009
v -45.317715 50.886230 46.426949
v 57.953754 61.495346 84.282547
v 59.865391 64.874763 82.513504
v 60.341404 65.171394 89.325348
v 59.361046 64.390343 76.654572
v 59.357819 67.029510 84.861298
v 59.538319 67.201752 87.284851
v 59.748249 63.012600 75.847473
v 59.469593 67.560616 104.530754
v 60.162125 67.030029 84.270401
v 59.152157 64.042252 87.886375
v 59.753067 66.019821 82.929703
v 59.340214 65.853943 76.371429
v 59.969585 71.722176 105.182266
v -60.192535 64.600700 89.163574
v -59.228863 64.292381 77.282753
v -59.795349 62.786472 86.512924
v -59.015747 62.401413 76.577797
v -60.391830 66.618881 76.164711
v -59.800678 70.755394 101.095764
v -59.711903 68.353661 106.423538
v -60.729965 65.025948 83.276260
v -60.187881 72.020699 104.288414
v -59.938213 67.753410 101.618851
v -60.719090 70.461487 106.273941
v -60.492302 67.255356 103.587639
v -59.630798 63.430557 83.220909
v 73.126999 65.009338 53.464413
v 74.078293 64.974388 59.716610
v 72.651009 72.234055 72.224617
v 73.395668 68.868752 55.588383
v 72.929115 63.620144 57.252815
v 73.247246 65.033897 69.306908
v 73.874535 67.019371 65.383209
v 73.686943 65.332870 68.093063
v 73.578743 73.637558 68.328766
v 73.797188 65.850426 70.836884
v 72.356705 73.007202 70.493866
v 74.326599 72.751976 82.630249
v 74.193718 66.562279 54.200836
v 72.927544 69.559280 57.129295
v 74.072830 72.120224 63.265137
v 74.128510 71.884140 81.541397
v -73.560829 65.995560 60.297829
v -73.682091 69.735291 72.187767
v -73.652458 69.973434 82.588219
v -73.783401 71.692230 70.910927
v -73.923859 70.544281 84.104843
v -73.400200 64.686356 58.169357
v -73.477585 67.849152 55.247196
v -73.940392 70.215576 57.621513
v -74.209869 65.721115 55.059597
v -74.136345 70.084335 81.511963
v -73.579697 72.476440 69.888542
v 89.396767 71.181183 68.727554
v -88.924164 69.959709 68.554535
v 29.165335 44.917259 83.563484
v 29.658665 44.908077 71.010666
v 29.659752 56.576443 121.289169
v 29.387775 63.029709 126.683487
v 29.300789 47.820156 69.962158
v 29.270214 56.623146 99.781776
v 30.084446 59.239986 135.623566
v 29.460279 62.419910 128.171814
v 29.694010 57.660183 136.145325
v 29.795328 56.831154 101.135239
v 30.665760 51.544704 52.469582
v 29.307163 49.548496 71.852898
v 29.166054 56.861137 126.679718
v 28.951288 55.013012 102.420006
v 29.135750 55.514046 118.521461
v 29.640581 57.551762 137.008911
v 29.067867 61.831516 123.221565
v 28.954123 52.158142 101.711006
v 29.341486 49.171967 84.614502
v 29.723053 56.209015 115.489738
v -28.759344 59.990475 116.114227
v -28.670111 57.298187 128.910583
v -29.715387 44.847534 71.322701
v -29.498652 45.129570 73.483368
v -29.732967 46.083672 54.446709
v -30.009874 47.518082 74.750275
v -29.487898 46.726074 69.793747
v -29.634302 60.874004 136.894135
v -29.165585 56.591873 99.792953
v -29.199635 55.675377 116.859558
v -30.085342 59.205456 135.623260
v -29.692146 55.911449 119.700966
v -29.363201 63.605217 126.219406
v -29.063347 55.454670 102.253929
v -29.723076 58.614510 115.101784
v -29.637817 57.978870 135.690781
v -30.193405 53.196106 56.941185
v -29.391739 61.423550 120.672348
v -29.656317 57.559849 137.003616
v -29.938074 62.183689 121.817871
v -29.345764 60.474236 135.462677
v -30.605822 53.347317 55.308331
v -29.566988 52.061646 97.659866
v -29.472540 56.470230 121.276833
v -29.158096 49.066299 70.881264
v -15.599163 45.272594 81.384506
v 31.513372 58.732761 127.436905
v -35.174442 50.936710 80.018799
v 35.021236 56.088554 60.171719
v 13.076506 42.004818 80.939026
v 74.699944 66.865097 62.833504
v 67.046349 70.019173 92.957787
v 28.857021 48.260155 56.156441
v -40.038929 54.853874 97.325203
v -27.107138 45.422367 85.041512
v 66.859825 66.294678 90.826004
v 13.852938 51.809128 118.890152
v 5.924360 46.393955 144.484192
v -11.961432 56.868217 125.673546
v 50.032070 71.391663 102.889305
v -2.808262 47.623550 139.669586
v 6.921658 45.322647 57.661980
v -20.933287 46.484703 67.949646
v 75.526886 72.524269 81.878662
v -50.222073 58.345455 68.139679
v -3.178278 44.438084 141.553879
v -6.636013 48.622139 138.309509
v 25.061253 49.110126 91.404327
v -48.778805 67.650436 101.951324
v -26.654171 59.779148 123.525269
v 10.174935 48.823891 109.114319
v -59.074932 66.830956 85.596443
v 25.924267 48.113678 71.170799
v -27.534569 54.909546 114.492676
v -6.613125 42.718895 83.542618
v -16.030590 46.439606 77.056297
v -21.795704 50.014439 97.169540
v -1.676473 45.478748 146.546234
v 75.403297 69.315903 56.792316
v 58.488667 66.452034 85.871002
v 69.318344 62.586964 58.880714
v 9.242635 53.233742 118.767754
v -33.230885 60.996685 126.762779
v 37.515083 48.201546 85.805695
v -36.881248 52.799412 95.927513
v -37.356258 47.522480 75.174629
v -39.574024 48.109745 78.156357
v 26.421013 54.255150 114.009834
v 88.196877 70.448288 67.750214
v 40.137703 56.800018 84.855713
v 4.842741 45.655460 145.996964
v 75.527023 72.989304 69.845879
v -73.007950 71.040047 64.720390
v 23.135489 47.492477 63.008995
v -39.339790 58.527519 84.886459
v 41.165565 51.854450 78.016678
v 52.516636 59.125408 76.190735
v -29.518400 50.472519 58.411804
v 26.370520 48.199520 70.471313
v 34.114552 50.038898 78.499634
v -22.114632 52.483498 113.000359
v 77.457344 66.803658 62.334785
v -63.634407 63.502007 90.505066
v -24.749321 56.783276 139.350983
v 40.148830 59.697891 127.477798
v 66.303543 64.289528 57.911858
v 43.199894 54.274570 91.829391
v -18.789595 47.406200 61.072281
v 6.076829 42.176311 83.040359
v -8.271025 44.575024 79.159164
v -33.127930 52.661243 53.326038
v 16.177666 48.219307 47.785362
v -75.517960 72.614471 83.585503
v -50.146004 59.602196 67.198669
v 39.883041 57.182781 86.577065
v 23.762362 47.055756 83.896667
v -74.242302 68.981567 56.306686
v 45.144386 51.759037 84.433716
v 37.694504 56.070168 57.094711
v 38.173328 49.479633 75.231750
v 37.523090 61.764702 131.162094
v 37.863426 56.925987 60.597305
v 37.777325 57.472858 96.201996
v 38.008709 54.142391 79.259735
v 37.951366 52.631199 96.303635
v 38.196129 52.000843 61.881165
v 37.819271 57.248871 59.349861
v 37.760715 54.271599 56.205803
v 37.323830 49.254948 49.985996
v 38.211880 63.065655 127.689636
v 38.009460 56.708244 98.154305
v 37.931644 47.322880 84.405479
v 37.052155 54.048347 48.449078
v 37.547993 54.540665 83.395805
v 37.345249 48.800175 86.378693
v 37.787350 61.291965 126.435318
v 37.507549 51.870018 93.779358
v 37.826599 52.984020 62.644745
v 37.495602 63.351292 129.567596
v 37.508877 58.632275 127.550896
v 37.479431 58.794468 129.961517
v 38.178539 52.212269 76.573761
v 38.068134 50.811298 60.493122
v 36.317570 51.227165 46.536572
v -38.114681 60.656544 126.300606
v -39.303913 54.135422 47.769623
v -37.815739 57.057404 61.081028
v -38.689423 53.055294 62.660545
v -37.445179 50.491386 74.693726
v -39.427120 49.846134 46.937317
v -37.515179 59.730129 130.733765
v -37.298218 59.284325 126.885872
v -38.313236 47.536819 79.222534
v -37.877354 49.463875 50.389072
v -38.123531 62.480236 127.063873
v -38.229786 47.521164 77.144783
v -37.504925 58.629734 129.776581
v -38.596706 56.858692 56.955837
v -38.021629 53.133434 50.475128
v -39.063652 51.438034 57.017235
v -38.205940 51.745102 94.043411
v -37.955074 63.426048 129.597473
v -38.595974 53.714756 55.531212
v -37.646259 51.124554 61.679558
v -38.229843 53.209988 97.468094
v 52.653873 60.336761 85.081192
v 53.320442 66.578827 97.181198
v 53.340248 56.553787 66.187561
v 52.796909 61.772289 68.101990
v 53.461399 62.623222 74.977631
v 52.514519 61.972282 85.940140
v 53.326744 71.126961 98.415466
v 53.831219 64.607086 82.431793
v 52.699177 69.954956 100.631874
v 53.318432 72.712753 108.395660
v 52.910896 61.760216 74.372391
v 53.371582 58.147907 72.248772
v 52.859074 63.261112 72.316727
v 52.602207 70.840736 104.838501
v 53.028896 65.996529 99.125473
v 53.357899 60.986420 65.246765
v 53.515846 72.104942 109.637527
v 52.522175 67.981613 96.120361
v 52.894485 70.618042 96.520462
v -52.505985 60.770153 65.091072
v -52.786728 65.889389 98.136665
v -52.820423 67.152870 96.519249
v -52.661297 69.672791 96.057053
v -52.536228 66.278381 100.619865
v -53.297928 62.469219 76.692329
v -53.219215 62.046776 81.520813
v -52.730534 56.436108 69.420853
v -53.383930 68.039490 108.271835
v -53.209766 57.163643 65.360085
v -53.092537 70.826370 96.692429
v -53.776169 63.437099 82.152473
v -52.924465 58.408375 61.945000
v -53.622509 71.668648 105.748489
v -53.772099 71.447548 110.122169
v -52.966980 64.836113 72.880898
v -52.724674 69.953156 100.646652
v -52.636677 70.798790 104.853340
v -54.073238 63.501347 85.492378
v 17.178225 45.179176 58.082230
v 19.275263 55.137165 127.744881
v 18.983425 44.361008 74.516548
v 18.287382 44.661629 57.811840
v 18.906408 42.290749 70.332443
v 18.565977 43.007351 74.014359
v 19.267265 46.535870 67.283356
v 18.071899 55.412640 129.078064
v 18.037191 50.195854 106.443375
v 18.653561 54.201321 101.062332
v 19.151688 47.311523 70.732285
v 18.454439 56.815556 116.278244
v 18.680019 53.190113 105.181854
v 17.630322 56.977737 130.218567
v 18.880196 47.595280 67.056625
v 17.764757 51.883774 100.923477
v 18.438103 51.234749 106.064072
v 75.303589 66.208084 66.642761
v 75.487129 72.656250 83.557709
v 75.370758 70.962418 80.995636
v 75.597931 71.092163 84.376419
v 75.404297 66.677887 64.896164
v 75.576675 74.193291 66.671127
v 74.786133 71.510117 71.817245
v 75.014893 69.651627 81.445251
v -19.132265 44.376694 55.000317
v -18.357864 44.507950 57.747147
v -18.058687 46.841850 73.610794
v -18.676605 50.481590 105.876221
v -17.813267 51.766388 100.909119
v -17.675941 52.113411 114.494995
v -18.621695 47.921783 69.042320
v -17.505733 57.172390 115.555702
v -18.424223 43.897179 56.221096
v -19.758644 57.293739 125.085228
v -18.810297 49.679760 59.359283
v -18.027933 53.225163 100.886383
v -18.276785 53.647720 104.737366
v -17.761389 50.888233 101.256180
v -75.360306 74.127251 65.959763
v -75.106445 73.785057 67.882576
v -74.594017 65.108482 56.359871
v -76.015381 70.709961 81.315697
v -75.500641 71.499115 84.337982
v -74.760536 70.935989 71.098999
v -75.380035 70.305069 84.172119
v -75.616089 67.239815 56.268322
v -75.413673 69.744675 81.547821
v -75.236221 66.498711 61.697475
v -50.603466 57.059296 84.310028
v -72.883736 70.162178 59.017632
v -69.608101 67.902466 94.476273
v 39.345173 52.059074 76.900360
v -22.922241 47.592953 63.957253
v 41.926785 54.256279 60.835052
v -55.727253 62.238358 85.320053
v -64.074989 63.184719 59.402592
v -7.008309 48.776436 59.470531
v -60.376122 63.726494 57.354095
v 28.896147 47.434704 55.468086
v 5.498934 50.097729 85.384407
v 57.804585 68.847946 108.558777
v -61.237968 69.034584 91.313911
v 8.534084 50.817142 118.060577
v 68.056084 64.312378 62.755180
v -15.816767 55.570759 115.437904
v -38.392464 57.587120 86.127159
v 42.056648 53.789051 56.226143
v -33.489727 59.628708 119.430855
v -71.785568 68.340462 57.584343
v 28.962692 51.619267 55.030041
v 3.212554 44.494148 139.801178
v -61.882477 62.811466 52.682903
v -43.594143 52.120983 79.214989
v -26.512589 56.279812 100.922607
v -22.402441 46.273548 58.806210
v -27.211931 61.662766 124.271988
v 42.801682 56.683144 77.821854
v -14.758314 44.793484 71.623596
v 60.348560 63.956081 55.672852
v -10.613892 55.181705 120.994865
v 27.489227 57.529343 119.964088
v 29.746632 51.615181 57.917686
v -49.758877 56.616951 80.270050
v 13.403428 50.186993 118.066330
v -28.368576 60.544594 121.116608
v 1.379332 47.289692 145.031036
v 5.717658 48.927048 89.604004
v 31.769691 59.009357 115.465668
v 24.862642 48.313854 88.935158
v 7.399419 47.310871 60.152870
v 67.675804 71.313766 97.138901
v 72.188477 72.268433 66.321716
v -20.567423 46.837524 63.846664
v 53.722958 61.644524 73.389221
v -69.042885 66.209740 95.009163
v -24.110929 57.315617 137.004547
v 40.593006 61.744194 127.670288
v -62.073158 64.563690 84.419708
v 3.077268 46.413712 137.709259
v 6.186371 48.386951 57.745941
v -6.705772 44.086693 81.921791
v 31.736132 46.591705 75.373093
v 31.834375 61.825104 121.376038
v 30.501007 52.494362 54.633575
v 31.377703 49.334900 49.492256
v -30.163818 60.358067 130.166504
v -31.653168 47.546844 50.493675
v -31.292233 62.533535 121.888794
v -31.448776 49.577114 74.908730
v -30.848360 56.401817 127.199425
v -31.462826 52.616165 99.696655
v -31.164719 46.913761 56.197052
v -31.889866 52.689835 52.878593
v -29.489634 48.752365 50.930676
v -31.647179 47.977409 75.987755
v -32.240963 57.257511 118.746338
v 12.089793 44.891293 48.510811
v 11.871824 43.543629 135.623810
v 11.904982 50.433754 123.720284
v 11.250804 48.134174 59.540428
v 10.996951 48.254478 78.869423
v 10.638653 47.781178 48.186775
v 12.057541 44.072380 137.493439
v 11.164740 50.559917 48.583664
v 11.868403 49.821663 58.325935
v 11.770727 48.196896 114.711655
v 11.010145 47.289055 109.771141
v 11.673855 52.842945 112.523170
v 11.651011 48.825127 80.184425
v 12.315344 49.390938 105.840164
v 11.286421 49.983704 122.593048
v 11.220845 47.139072 112.125824
v 12.013965 51.687851 109.957169
v 11.848260 49.466602 121.110939
v 11.983431 55.646858 121.056740
v 12.092494 51.965656 49.246574
v 11.678687 53.938282 117.967537
v 12.288363 41.849575 77.846298
v 12.561213 47.432697 134.401093
v 11.900149 52.960499 52.559261
v 11.814732 51.145054 124.792679
v 11.188132 56.016178 124.853493
v 47.129963 59.973713 83.461487
v 46.604992 53.561626 44.093277
v 46.316589 57.920349 86.008469
v 46.766842 54.761898 77.751999
v 45.269024 51.167381 48.122444
v 46.770611 56.211231 57.231552
v 45.962761 60.022652 84.617844
v -11.613254 52.798611 111.875519
v -11.629210 48.056831 115.118958
v -11.535493 42.670982 86.256348
v -11.131824 43.203953 76.754166
v -11.575418 47.519112 107.884445
v -11.580992 55.113308 119.987984
v -12.856266 46.900482 133.921722
v -12.002574 49.924480 123.365242
v -12.023115 49.364002 58.447598
v -11.745420 40.975807 81.743530
v -11.706380 48.966167 120.393311
v -11.338918 53.338760 114.108414
v -11.948841 42.719173 50.245506
v -12.032757 53.377605 55.536037
v -11.697959 52.881901 51.772514
v -11.006984 53.474644 126.386307
v -11.532609 52.013779 126.086342
v -11.744945 53.695560 116.879005
v -11.819782 52.662964 56.981064
v -12.143761 51.840405 110.036613
v -11.565170 48.855911 79.441063
v -11.596062 48.764748 47.077969
v -11.364719 46.990192 112.516876
v -10.946861 50.512650 58.055378
v -46.062630 51.654121 45.141842
v -46.042660 54.897335 75.177704
v -45.666245 59.805004 60.084099
v 61.243690 65.044861 60.612961
v 61.932667 69.202736 91.144630
v 62.026329 63.641785 60.120239
v 63.179214 67.467453 60.750702
v 61.784756 67.724854 73.371147
v 62.477715 68.377975 104.417702
v -62.003143 62.298424 57.949425
v -62.692257 67.442299 60.109371
v -61.770859 66.526115 56.752071
v -62.548485 63.870007 52.561348
v -61.522709 72.267464 102.799210
v -61.378429 65.591301 60.738853
v -61.664547 67.248283 72.736763
v -77.382576 72.655281 68.364822
v -77.221855 66.691467 63.333614
v 23.407478 45.377922 85.563217
v 22.805334 46.928818 93.430374
v 22.913506 52.953377 94.854332
v 22.861143 52.143932 93.020798
v 23.355883 47.535492 60.086502
v 23.226284 45.324455 89.104614
v 21.070810 50.472755 102.170830
v 22.449223 45.517017 87.444466
v 23.235409 49.610863 62.648643
v 24.337927 52.900448 101.919983
v 22.957785 48.356758 95.753845
v -22.444315 55.643959 101.463470
v -22.877794 48.983276 87.549408
v -22.281242 44.197144 68.086990
v -22.255869 42.618607 69.201828
v -23.034252 45.500900 84.190460
v -22.504023 55.645107 115.323296
v -21.824150 59.121994 125.018135
v -22.369951 57.238289 111.755013
v -21.980879 52.521645 111.755020
v -22.482904 57.172726 125.776039
v -22.658060 42.306343 70.347313
v -22.466864 51.932434 102.972763
v -23.205202 49.229458 64.443092
v -22.878557 48.437325 95.872879
v -22.997921 42.802773 86.956482
v -20.440565 51.000629 100.318802
v -22.516596 53.021240 113.918777
v -22.818441 53.140820 96.795364
v 27.011690 48.889900 86.195892
v -86.346840 68.636780 56.300659
v 40.850155 48.130135 78.887268
v 7.580069 47.354256 52.725105
v -19.312395 48.232418 65.801590
v 22.234682 46.331989 61.667553
v -42.211475 58.665134 57.563484
v -86.928543 67.091690 53.820229
v -88.482025 69.098602 70.133919
v -21.728605 48.867416 67.980774
v -8.497064 51.949963 119.288467
v 71.228661 66.925415 58.943516
v -57.516254 66.103180 97.685196
v -24.843718 47.672676 83.433563
v 86.985237 67.049683 54.018433
v -22.610020 50.291550 63.327896
v 66.122673 68.325859 89.802658
v -10.180590 47.694359 109.929459
v 5.892848 44.602825 142.350464
v -14.698218 49.439850 111.616638
v 10.790246 55.563835 121.873581
v 20.385529 45.902493 73.571548
v -74.705391 72.226112 61.561283
v -52.777515 61.033234 76.988029
v -52.294533 71.537956 109.491661
v -74.767967 72.210487 81.526703
v 22.141460 49.342560 88.603745
v 16.015715 54.107689 112.117928
v -16.105404 54.580086 112.087006
v -32.968906 61.115837 120.365631
v -13.784737 45.083042 85.715881
v 53.494484 58.634048 62.492310
v 7.863791 48.549492 52.623631
v 40.480816 60.684982 130.224548
v 24.803133 48.710785 94.994125
v 9.125102 49.755402 116.123642
v -36.673149 62.499790 130.308197
v 48.943893 70.973183 104.871552
v 17.838461 48.131161 59.738182
v 15.757207 54.230316 115.029266
v 40.022251 49.969776 91.845055
v 39.369095 55.276665 81.907608
v 40.046898 58.956486 128.580811
v 38.486046 55.975582 61.670498
v 39.924122 56.315914 96.079727
v 40.778511 52.575371 44.859535
v 39.696014 54.403717 47.936752
v 39.008415 50.741585 50.435661
v 39.904400 63.120613 128.200760
v -37.925289 54.133965 63.221252
v -40.513729 55.696083 96.904900
v -40.105515 52.396935 50.141014
v -40.876350 51.763092 44.937237
v 53.691460 71.619453 105.703728
v 55.781929 68.279976 108.320839
v 55.408112 62.779453 86.070663
v 53.703884 68.881157 105.687515
v 54.783363 64.101616 95.403351
v 54.447647 63.785088 76.206184
v -55.453888 60.002213 75.139412
v -55.676834 68.257599 108.318062
v -55.627846 67.652901 99.383438
v -55.090519 68.773720 105.035301
v -55.560909 61.241428 83.263214
v -55.179565 64.004890 95.198593
v -55.374294 58.056881 70.912376
v -55.291103 63.672318 96.025543
v 63.748089 69.540359 89.782288
v -63.592834 64.624039 98.683243
v -63.884842 63.615959 94.498657
v -62.646301 68.037910 103.760910
v 79.480461 70.079865 62.693382
v 79.339600 69.155594 62.324799
v -79.734215 68.308517 63.645767
v -78.601791 68.192413 58.759529
v -79.192879 72.203423 61.215271
v 27.240221 46.099110 73.847824
v 26.401268 44.775131 85.715576
v 27.085825 44.583817 68.727814
v 27.651346 48.190872 69.992027
v 26.567770 47.492214 82.813171
v 26.273355 43.718502 71.726288
v 27.330612 47.042835 68.700104
v 26.552633 47.263031 87.614456
v 27.000141 59.481026 114.653259
v 26.494410 48.629402 83.721039
v 27.285204 54.447357 101.486061
v 27.325037 57.451271 125.055679
v 27.869057 58.893044 121.131332
v 27.502594 58.035118 135.216003
v 27.234171 56.964821 126.502594
v 26.599007 51.514824 101.162521
v 27.351118 56.370670 99.646805
v -27.455683 45.185509 73.491333
v -26.968569 60.522503 138.887894
v -26.911901 48.531113 83.529015
v -27.355480 45.841545 83.785240
v -26.933907 48.273010 86.177307
v -25.826771 44.193932 72.371590
v -27.396107 58.870758 134.941605
v -27.197374 56.210564 118.388374
v -27.247864 56.325573 99.609734
v -27.674461 56.515560 126.697449
v -25.696402 60.963486 129.893784
v -20.930424 45.768322 55.885017
v 50.145218 58.503506 71.139397
v 57.111797 68.609589 95.221130
v 51.639130 57.851326 76.875092
v -25.017467 47.327103 90.932236
v 60.347492 65.529434 58.449055
v -9.330898 51.116226 122.102531
v 43.671741 55.663464 88.306297
v -36.727169 51.765713 86.611526
v 24.073795 58.024605 139.410217
v 14.955143 44.417511 136.043564
v 12.554498 48.421986 114.528320
v -35.404057 48.789478 52.635033
v -6.190093 45.977974 57.097195
v 49.994411 61.144505 73.420044
v -22.302773 48.815884 57.266537
v 48.779385 70.233345 102.476212
v -71.280533 66.093483 57.993408
v 18.327175 47.568119 68.521294
v 59.108826 71.513252 107.278198
v 75.685867 66.276527 69.541893
v 52.586201 53.293449 47.285393
v -69.451050 62.492954 59.642120
v 50.468842 68.319565 97.072990
v -36.908478 63.043812 129.607971
v -56.998192 68.605476 95.138504
v 25.042685 45.731297 83.772797
v -74.397270 71.363579 59.130775
v -60.249451 63.702705 55.143391
v -69.572853 69.229843 96.545464
v -15.228750 43.341133 79.633102
v 35.134739 50.624802 55.771725
v 73.552002 70.070404 82.689491
v -18.537546 48.269009 60.948715
v 22.435667 50.433784 62.783474
v -65.856171 65.641777 53.090897
v 19.352840 48.717461 65.322609
v -48.755077 70.225548 102.543488
v 29.408981 52.444824 97.418518
v -3.222980 44.467503 139.866821
v 13.736905 43.495125 82.568527
v -60.408108 68.367874 93.904877
v -29.245523 52.347980 55.318123
v -50.860809 54.773121 77.328423
v -49.301010 59.697418 70.154312
v 34.232063 48.683720 58.458031
v 33.397781 49.403725 48.138634
v 32.414467 57.869045 116.337212
v 33.601044 53.019588 55.376808
v -31.865700 53.643185 59.529526
v -32.024017 54.395744 57.865868
v 48.489899 60.068691 76.516762
v 48.592522 58.710506 64.380249
v 48.060314 57.582367 73.430710
v 47.863537 60.149765 60.158672
v 46.995190 57.903458 84.782867
v -48.520557 61.052299 81.118324
v -48.517090 55.434280 44.409996
v -47.176922 53.701500 48.538963
v -49.148998 61.654675 75.821548
v 16.906185 46.675030 72.186386
v 16.196308 55.509094 122.138748
v 16.722261 53.943432 123.549667
v 16.193237 56.852924 114.289803
v 65.969521 64.558975 92.680161
v 65.952393 61.982445 53.346863
v 65.845703 65.970169 89.623543
v -16.594267 52.920322 126.050011
v -17.267851 55.269707 122.691406
v -16.752653 55.504398 111.920692
v -17.564556 48.791264 103.209991
v -16.190119 58.113865 129.675888
v -17.102211 48.669975 106.667740
v -16.211260 56.813480 114.594719
v -65.778908 64.275154 57.894417
v -64.742126 65.932976 71.593178
v -65.728546 63.956223 58.607994
v -65.319267 65.639923 56.072681
v 7.326331 48.859829 59.495907
v 5.854292 46.886055 57.725864
v -27.160498 50.613232 100.420837
v -85.933372 66.542786 54.553082
v 41.350246 54.990952 94.155243
v -10.505207 50.996868 49.355156
v 32.069794 60.785686 117.069130
v -9.144054 49.789024 113.220764
v -24.367962 46.203865 91.156181
v 86.558098 70.719513 71.916550
v 51.896675 57.727707 60.467651
v -10.047681 44.628254 52.038464
v -36.738991 49.690002 83.439079
v -52.730675 52.500244 46.281231
v -22.597029 46.796471 57.619514
v 53.851276 63.020866 72.628288
v 84.571884 67.736794 55.344769
v -84.669914 68.069138 55.791851
v -12.936934 41.752941 82.632599
v -72.090233 70.930634 66.546219
v -28.275337 56.797096 123.730560
v -80.522240 69.430618 61.567818
v 6.553081 48.654224 138.234940
v -50.263702 58.635593 59.646389
v -73.164192 68.955170 65.839134
v 85.939171 71.944687 68.988831
v 49.007412 67.675552 99.469101
v 52.087223 54.577087 45.916214
v 58.594753 65.521606 87.749084
v 11.190779 45.360321 138.479034
v 10.403500 46.833775 134.023987
v 10.258747 47.634811 60.220222
v 10.495881 51.946346 111.608253
v 10.817924 52.953224 113.672287
v 10.551709 51.666122 124.495956
v 9.979031 44.851524 53.612591
v 42.083107 61.020702 113.029861
v 42.082092 56.578823 60.857178
v 42.065319 54.028561 79.542816
v 42.415974 47.787209 87.440186
v 41.366192 55.831345 78.476456
v 41.720989 59.930656 113.673416
v 40.332298 52.480499 60.586647
v -11.935693 44.277195 137.713196
v -9.291275 46.456715 78.459732
v -10.656851 56.099964 124.161339
v -11.900578 44.319157 54.179718
v -10.803115 52.676731 55.675381
v -10.321464 41.282005 84.394020
v -10.247378 51.960995 51.308422
v -42.093376 61.012928 113.044067
v -41.691319 59.919395 113.677887
v -42.218170 56.734173 61.706573
v -41.732441 49.347088 89.201698
v 57.799679 65.682968 82.859024
v 57.214489 69.014763 98.513504
v 57.080582 65.383629 97.536690
v -58.795162 65.678421 83.247765
v -56.647804 61.251148 72.859116
v -57.131824 65.469246 93.480888
v -57.235771 68.695625 98.669678
v -55.513790 72.460846 107.736382
v -58.084560 66.526939 75.861229
v -56.495033 69.951454 104.065430
v 67.376648 65.221375 56.514690
v -67.273003 66.181236 53.206440
v -67.995049 66.029213 97.678436
v -67.210693 65.359688 72.074448
v -66.675453 66.848839 75.614227
v -67.429405 66.699280 59.398685
v -67.291290 63.752296 62.143337
v 19.902561 60.413876 126.245415
v 20.399290 44.588600 73.963303
v 20.802338 46.599655 63.279015
v 20.444380 49.922806 66.108414
v 20.466385 46.874233 66.086792
v 20.593647 49.850658 93.367447
v 20.223248 42.384232 70.480240
v 20.725681 48.633667 93.030762
v 21.019348 52.840221 104.348709
v 20.556488 50.519684 59.294685
v -20.856634 49.405178 68.323776
v -20.561546 44.198479 85.577011
v -20.532822 53.039013 115.846970
v -20.480452 50.583008 62.081741
v -20.469637 57.391041 114.692024
v -20.648424 47.406639 69.689919
v -20.584127 45.999279 61.106483
v -20.542847 55.641464 127.750046
v -24.067417 57.992321 139.391068
v -2.122474 47.085735 141.781326
v 8.354670 46.907909 138.726868
v -22.336817 52.620182 94.255188
v -43.450867 60.734520 82.798027
v 9.376589 52.532249 123.521782
v 12.299250 56.851547 122.731743
v -36.888142 51.770317 55.532204
v -72.979874 72.579765 66.769844
v -36.875507 58.700104 128.310776
v -34.172199 49.391365 47.871429
v 51.754261 62.399040 73.910728
v -61.829288 63.296692 87.850632
v 18.008640 46.640930 68.860672
v 36.500977 52.721138 89.395897
v -44.247135 49.408794 83.058960
v -85.955147 67.703484 52.654232
v 36.639469 62.683403 129.633453
v 40.097672 60.885822 114.346893
v -1.271819 46.390095 143.192627
v 36.785137 52.860653 94.871483
v -44.949459 52.830193 80.849396
v 59.064606 70.829414 102.162445
v 24.760197 60.270958 138.464874
v 34.753883 54.293385 101.591705
v 34.586384 57.480576 99.201019
v 35.400742 53.406521 49.056351
v 35.048359 55.845806 58.332367
v -33.836708 55.604275 58.760662
v -37.459263 54.671787 55.762718
v -35.011368 48.757114 72.805901
v 50.542370 55.764435 63.056999
v 51.113647 54.880310 45.036930
v 50.155468 58.967407 59.495483
v 50.260948 56.672779 64.976227
v 50.339798 66.961807 104.135651
v -52.374050 63.813599 84.320236
v -50.341473 66.935806 103.978455
v -50.168091 62.756962 72.601936
v -49.891048 59.821918 80.468781
v -49.916714 54.003124 44.445877
v -49.371651 68.559792 107.632141
v -50.663307 52.968338 45.074692
v -50.412224 67.270668 106.200684
v 69.367546 64.928719 57.910088
v 69.074554 63.958664 57.223888
v 68.696815 71.081772 70.299080
v 69.540810 63.661327 52.366833
v 69.018753 70.169121 74.748238
v 69.024727 63.873634 57.851303
v -69.586060 64.978577 62.125847
v -69.979561 66.729919 56.253952
v 84.392136 70.110191 55.479721
v -84.741295 70.609001 54.931763
v 23.923140 61.160442 125.564331
v 25.362020 54.892925 111.618301
v 24.690256 59.209618 136.279129
v 24.644638 54.357452 102.430054
v 25.312332 54.354069 99.316414
v 24.235958 56.653118 137.628830
v 24.296669 47.878895 70.705055
v 24.460047 53.099373 99.762589
v 24.556835 57.914993 136.113937
v -24.467039 46.125050 83.642036
v -24.963268 48.683369 94.205879
v -25.177864 54.278679 99.338272
v -24.969122 52.688469 95.083694
v -24.340136 48.615841 87.535706
v -25.127737 53.825474 114.158958
v -23.046824 42.663105 71.505234
v -25.607298 56.289757 136.505615
v -24.750713 44.365597 85.650177
v -22.912828 61.547832 127.511467
v 20.187147 50.384644 62.806343
v 42.237514 53.482372 80.433212
v -40.089962 60.944305 114.339218
v -32.270306 59.870167 117.322289
v -15.972260 54.199749 115.558952
v -5.783306 43.847588 137.098358
v -80.090683 70.939728 61.000736
v 1.652353 45.073948 145.209320
v 26.784630 49.625977 98.503853
v 36.802349 58.693260 128.701462
v 6.980792 45.505760 140.362366
v 36.412621 49.683464 85.404526
v 44.411976 51.873184 89.418747
v 36.660206 55.348656 92.739273
v 86.317146 67.808655 56.066574
v 74.637360 65.125122 54.961254
v -6.785426 45.461529 80.949982
v 7.166517 49.584370 57.697578
v 59.528435 67.114937 74.750168
v -58.553646 66.069145 95.226608
v -14.503322 45.835678 84.695732
v 58.550179 65.960648 95.063591
v -6.500735 47.400631 55.289307
v -7.376239 46.456387 80.388245
v 62.761951 64.783775 53.216438
v -37.581493 49.532978 85.343758
v -5.770764 42.928291 90.668243
v -84.209328 69.727890 55.061234
v -5.448204 48.906841 91.272720
v -45.296570 51.476578 82.113235
v -1.615517 45.147118 143.213364
v 41.929382 57.335194 80.028114
v 44.749298 56.779503 61.734680
v -43.430939 61.667740 85.129730
v 3.348785 42.741108 84.221931
v 3.625953 46.584534 147.147034
v 3.405158 48.297092 139.951004
v 15.132837 52.414291 104.917099
v 15.366551 56.474529 122.016319
v -3.266171 48.404789 145.242126
v -14.461118 43.786907 83.192154
v -13.266614 46.681122 58.372139
v -14.717931 50.035530 57.063927
v -14.442821 42.833473 81.097427
v -15.386364 57.047794 121.971771
v -59.652145 66.934860 84.715897
v -57.697823 62.560539 85.938736
v -58.600864 66.046097 72.158463
v -60.011723 67.416084 74.983681
v -58.169033 65.945473 86.249382
v 71.021477 72.217491 72.668129
v 70.161362 67.217300 53.840919
v 70.802765 65.567207 72.024582
v -71.189880 67.369057 70.611664
v -71.799179 68.273666 67.848953
v -70.326004 68.258659 69.650719
v 86.290604 69.778198 68.593575
v 86.365738 69.656502 52.911854
v 86.332962 71.295914 54.571289
v -86.354660 71.284447 54.473953
v -86.408333 71.031364 71.766647
v 3.399419 47.945873 91.490150
v 1.400437 40.621513 86.887665
v 6.899577 45.917927 58.972141
v 6.699165 46.022392 134.530609
v 6.962211 48.089096 136.070862
v 6.818016 44.199963 138.858978
v 6.914060 44.458881 134.985519
v 6.938357 47.409054 135.014130
v 7.048140 50.445023 86.878464
v 6.419445 42.042122 87.442215
v 6.442397 41.365299 85.747894
v 7.196157 43.638794 136.404373
v 6.701411 49.355553 88.844429
v 5.975486 48.600990 137.131989
v 29.061453 60.859703 137.902481
v 28.625589 47.438202 52.987766
v 28.657005 59.182793 134.707977
v 28.859335 53.742905 97.188713
v -1.616806 43.198677 92.943169
v -7.639707 44.784935 134.485535
v -7.056467 46.048737 134.355225
v -7.997489 47.996712 135.507446
v -7.358619 47.100624 60.350983
v -5.362178 50.086472 89.995338
v -7.564644 48.223816 136.874908
v -5.898095 42.242409 84.613861
v -7.598303 43.770355 135.618317
v -6.285200 50.816303 86.178452
v -9.293423 44.189240 89.449020
v -7.123974 47.584930 91.222923
v -29.148180 60.615227 138.192413
v -29.026707 60.947803 118.197304
v -28.800440 48.445999 74.212105
v -28.994629 49.399651 73.126373
v -28.818497 59.315918 134.786011
v -28.030527 46.782169 74.238579
v -28.475185 55.508583 118.147720
v -5.389493 45.045124 144.649200
v -68.688438 68.500946 92.030876
v 52.020088 56.747578 74.897644
v -5.918259 48.233646 142.084290
v -22.408806 49.832848 65.288567
v 6.599591 43.471077 80.601929
v -30.403158 58.588501 136.948975
v 19.993158 50.928719 104.798065
v 9.461623 52.256927 114.785530
v -73.145546 71.301842 82.838196
v -29.019363 48.365822 84.043884
v -39.977020 59.809307 127.200569
v -48.421566 59.975014 72.293121
v 73.252014 71.422493 82.530327
v -88.030220 69.472878 54.540440
v 13.702133 52.933712 55.608150
v 22.474495 60.348026 125.360718
v 36.487675 49.677242 51.369583
v 37.110542 49.815598 74.634583
v 36.787170 59.704754 130.282745
v -9.289454 44.975407 54.514580
v -38.044899 50.769867 51.384735
v -36.464756 51.284653 75.002762
v -36.350384 48.698334 73.421310
v -36.249886 59.635834 129.615295
v -36.903164 52.619553 76.476898
v -37.945267 51.939751 46.072708
v 52.293083 56.947788 68.608788
v 52.448677 50.781044 45.245640
v 52.041939 61.402737 65.881004
v 51.239063 52.423897 47.777466
v 52.108402 57.459541 72.096504
v 50.662868 71.393082 108.459648
v 52.081642 59.744820 83.265961
v 51.840710 64.015221 83.778397
v -52.134521 60.760136 63.287430
v -52.544281 55.481850 76.070335
v -51.233238 57.612732 60.237041
v -51.569126 58.775200 85.483429
v -53.207256 70.224060 110.388123
v 17.959681 47.007580 72.226501
v 17.179346 58.836937 129.762512
v 17.727585 47.637978 71.542702
v 17.946089 52.002857 114.075729
v 72.880852 68.996689 74.174248
v 72.938965 70.259216 73.886490
v 72.970146 65.137772 59.552155
v -17.684406 48.102016 52.868767
v -17.773447 59.287518 129.650772
v -72.798866 68.389557 55.880554
v -72.513382 72.400589 69.194771
v -88.596436 70.962357 67.875137
v 7.793254 45.290348 139.351807
v -51.007092 60.579056 66.333138
v -6.520046 44.288830 139.272339
v -6.224330 47.254974 59.429947
v 35.835018 54.862236 94.521286
v 22.171616 49.351322 97.102676
v -17.592249 46.496243 69.564362
v -74.526772 67.327408 55.514675
v -67.393936 67.348633 99.721756
v 40.271748 61.959229 114.003601
v 74.963127 73.573196 69.116447
v 74.788429 71.324448 59.492970
v 74.570274 73.368980 64.798279
v 74.333740 71.450699 61.372749
v 74.658585 71.619934 84.370956
v 74.780304 69.314331 82.500137
v 74.591003 69.733124 83.773224
v -74.755112 69.297470 82.935730
v -74.516983 67.760574 62.685715
v -74.677063 65.346809 59.524139
v -74.859795 70.926697 80.970734
v 22.116310 45.110584 68.215683
v 22.065041 45.203609 72.938828
v 22.316248 48.195511 86.876282
v 22.264565 53.704632 99.293381
v 22.370359 50.318054 90.296951
v 22.706774 56.328590 110.803131
v -22.170540 46.107250 84.530823
v -22.299465 44.998775 89.906982
v -22.241959 48.708553 95.931114
v -21.973137 43.671337 84.770477
v -40.271702 61.959133 114.003799
v -36.991898 55.472359 90.496361
v 13.403231 52.164131 114.848099
v -63.471176 60.891575 55.188316
v -61.882000 64.669640 91.590302
v -24.399414 44.247139 87.743027
v -5.858468 48.361061 140.085297
v -6.445327 48.568180 82.541519
v -37.675575 56.942108 97.916840
v 13.933603 46.850918 134.370926
v 14.109780 47.097713 78.281540
v 14.039155 51.889130 56.811329
v 54.016106 64.749374 73.671852
v -53.995285 66.241631 96.739349
v -53.977135 67.862000 100.617355
v -54.712818 67.549149 94.784744
v 61.011200 65.597527 99.044785
v 60.812283 69.917206 106.108070
v 61.160454 66.163300 92.012367
v -60.180008 63.868847 88.509247
v -62.460823 69.396835 89.276581
v 76.502502 66.707848 67.942963
v 6.586207 43.548477 89.088455
v 24.549713 60.861755 129.725281
v 26.375282 44.528603 72.619888
v 26.360556 46.229397 82.780701
v 26.539728 53.654400 101.321571
v 26.563873 57.744495 125.113480
v 26.263109 58.144058 134.666885
v 26.153185 58.290798 140.396255
v 26.256849 56.317650 136.311066
v 26.363449 56.620399 139.712036
v 26.468725 52.569313 95.720078
v 26.752096 49.089268 84.810310
v 26.366938 55.977459 101.314651
v 26.296247 53.745689 96.711624
v -5.573534 44.368599 135.999924
v -26.412334 54.846584 98.858566
v -24.822477 43.876038 69.009460
v -25.985735 62.378094 128.712875
v -26.703135 59.650379 115.544739
v -26.270905 58.636513 113.206802
v -26.171030 55.577255 116.902649
v -26.330500 59.604954 135.419235
v -26.413750 52.600750 95.712540
v -35.201080 55.189514 95.441055
v 20.135870 46.111256 67.525848
v 85.779350 70.020271 70.085686
v 48.076092 56.961704 79.581375
v -49.019970 54.800545 74.112114
v -16.222601 46.707607 47.695377
v -16.211544 47.866982 107.050705
v -16.115372 43.234211 70.960297
v -59.214344 66.796432 87.235733
v 5.349144 44.101322 136.776764
v 54.055450 66.211311 96.894531
v 40.130611 56.062473 80.624619
v -55.163696 71.511696 104.978653
v 19.848282 54.193161 104.158798
v -59.106983 69.058655 101.265884
v -11.556792 47.654385 46.933395
v -49.091530 59.877430 79.617905
v 5.846435 43.826859 138.368835
v 6.068509 47.462345 58.560230
v 24.363098 50.137611 91.088013
v -5.846541 43.842720 138.567902
v -24.506241 59.362057 139.521851
v -24.132648 58.857933 136.611206
v 34.625862 47.933289 72.513977
v -34.338787 51.221508 75.806168
v 66.830696 65.012093 57.992744
v -41.364849 60.440338 86.047440
v 57.691978 64.683464 94.380173
v -27.875450 55.588669 99.048828
v 52.561714 52.015694 45.027023
v -16.690945 45.794628 58.496559
v -11.346352 46.077648 48.084820
v -23.573261 48.983528 62.996231
v 37.410450 59.908264 126.550797
vn -0.0166 -0.2143 -0.9766
vn -0.0766 0.3443 -0.9357
vn -0.2269 -0.1788 -0.9574
vn 0.2598 0.1220 0.9579
vn 0.0243 -0.2263 0.9738
vn 0.3989 -0.1884 0.8974
vn 0.2717 -0.4578 0.8465
vn 0.0152 -0.6935 0.7203
vn -0.2302 -0.5239 -0.8201
vn -0.0970 -0.5766 -0.8112
vn -0.0820 -0.5314 -0.8431
vn 0.1804 -0.9104 -0.3723
vn -0.0462 -0.9409 -0.3355
vn -0.0602 -0.7564 -0.6513
vn 0.1803 -0.8153 0.5503
vn 0.0292 -0.9947 0.0985
vn 0.3992 -0.8692 0.2918
vn 0.0317 0.9968 -0.0729
vn 0.0760 0.9906 0.1137
vn 0.0227 0.8674 -0.4970
vn 0.3620 -0.6435 0.6745
vn -0.0102 0.9587 0.2841
vn 0.1640 0.9339 0.3178
vn -0.0274 0.2858 0.9579
vn 0.2741 0.4905 0.8272
vn 0.5874 -0.8017 -0.1105
vn 0.1211 0.6956 0.7082
vn -0.0282 0.6891 -0.7241
vn -0.2030 0.7166 -0.6673
vn 0.0051 -0.9093 0.4161
vn -0.0590 -0.7899 0.6104
vn -0.2377 -0.3183 0.9177
vn 0.3932 -0.6511 -0.6492
vn 0.4045 -0.2710 -0.8735
vn 0.3160 -0.1374 -0.9387
vn 0.4258 -0.8431 -0.3283
vn -0.4069 0.7986 0.4434
vn -0.1135 0.9795 -0.1666
vn -0.3704 0.8092 0.4560
vn -0.3616 0.9314 0.0404
vn -0.6933 0.4865 -0.5316
vn -0.7095 -0.0400 -0.7036
vn -0.7533 0.5251 -0.3961
vn -0.2410 -0.5230 0.8175
vn -0.4311 0.3003 0.8509
vn -0.6344 -0.1222 0.7633
vn -0.6328 0.3904 0.6687
vn 0.7416 0.6618 -0.1098
vn 0.9955 -0.0018 0.0944
vn 0.5870 0.3294 -0.7395
vn 0.5197 0.6471 0.5578
vn 0.5623 -0.1083 0.8198
vn 0.6728 -0.6501 0.3532
vn 0.3232 -0.9278 0.1862
vn -0.1963 -0.9210 0.3365
vn -0.1334 -0.9755 -0.1751
vn 0.7116 -0.3114 -0.6298
vn 0.1891 -0.2125 -0.9587
vn 0.1438 0.4047 -0.9031
vn 0.1923 0.4196 -0.8871
vn -0.4425 0.8479 -0.2921
vn 0.0776 0.7795 -0.6216
vn 0.1992 0.7142 -0.6711
vn 0.3750 0.3641 -0.8525
vn 0.6229 -0.6101 -0.4896
vn 0.2781 -0.2146 -0.9363
vn 0.4478 -0.7643 -0.4640
vn 0.3274 -0.6253 0.7084
vn 0.0440 -0.6009 0.7981
vn 0.4137 -0.8331 0.3673
vn 0.2169 -0.9022 0.3729
vn 0.0165 0.9787 -0.2045
vn 0.1455 0.9867 0.0721
vn 0.5274 0.8369 0.1463
vn -0.1686 0.8467 -0.5047
vn -0.1888 0.8879 0.4195
vn -0.0662 0.9913 0.1136
vn -0.1908 0.8825 -0.4299
vn 0.1702 -0.9778 0.1220
vn 0.2420 -0.9571 0.1594
vn -0.4797 -0.8392 0.2561
vn -0.1137 0.9785 -0.1719
vn 0.0458 0.9479 -0.3154
vn -0.3722 0.9226 -0.1017
vn -0.2457 -0.7719 0.5863
vn 0.0645 0.7905 -0.6090
vn -0.1758 0.9689 -0.1741
vn 0.3303 -0.6662 0.6687
vn 0.4859 -0.7556 0.4394
vn 0.6829 -0.4522 0.5737
vn 0.5528 0.1847 -0.8126
vn 0.5850 -0.1998 -0.7860
vn -0.2819 -0.9575 0.0617
vn 0.6841 0.5986 0.4167
vn 0.2732 0.7764 0.5679
vn 0.3665 -0.8856 -0.2853
vn 0.0464 -0.9735 0.2240
vn -0.1672 -0.8132 -0.5574
vn 0.1812 -0.9699 -0.1627
vn -0.3550 0.8650 -0.3547
vn -0.7178 0.6838 -0.1307
vn -0.4966 0.8612 -0.1083
vn -0.0544 -0.1841 0.9814
vn 0.2572 -0.3271 0.9093
vn 0.4384 0.8940 -0.0925
vn -0.1594 0.7358 0.6581
vn 0.7131 -0.4004 -0.5755
vn 0.6278 -0.5638 -0.5367
vn -0.2240 0.6509 -0.7254
vn -0.4258 0.8305 -0.3591
vn 0.7183 -0.6734 -0.1749
vn -0.2782 0.9244 -0.2609
vn 0.4382 -0.8402 -0.3194
vn 0.3223 -0.9449 0.0567
vn -0.0419 -0.9593 0.2792
vn 0.5219 -0.1860 0.8325
vn 0.5757 -0.8166 -0.0409
vn 0.0418 -0.9551 0.2933
vn -0.7005 0.3532 0.6201
vn -0.7027 -0.2305 0.6731
vn -0.5876 0.2160 0.7798
vn -0.7065 0.6660 -0.2392
vn -0.3532 -0.4336 0.8290
vn -0.2932 -0.8354 0.4650
vn -0.0947 -0.7598 0.6433
vn -0.0649 -0.9955 0.0687
vn -0.4129 -0.7026 -0.5795
vn -0.3063 -0.9147 -0.2638
vn 0.0593 -0.9927 -0.1051
vn 0.2547 -0.9350 0.2468
vn -0.0487 -0.9032 0.4265
vn 0.2999 -0.4191 0.8570
vn 0.3661 -0.3924 0.8438
vn 0.0699 -0.8298 0.5536
vn 0.4871 -0.6044 0.6304
vn 0.1577 -0.7912 0.5909
vn -0.2541 0.5017 -0.8269
vn -0.3141 0.0236 -0.9491
vn -0.3339 -0.0842 -0.9388
vn 0.4254 0.0668 0.9025
vn 0.4148 0.6698 0.6159
vn 0.5846 0.0326 0.8107
vn -0.4539 -0.5147 -0.7273
vn 0.4977 -0.4778 0.7239
vn 0.7883 -0.1377 0.5997
vn 0.5837 0.0528 0.8102
vn 0.6983 0.2616 -0.6663
vn 0.5826 0.4203 -0.6957
vn 0.7174 0.5575 -0.4177
vn -0.3282 0.0920 0.9401
vn -0.6618 -0.0346 0.7489
vn -0.4106 0.6814 -0.6060
vn 0.0023 0.8820 -0.4712
vn -0.3984 0.4290 -0.8107
vn 0.0978 0.5398 0.8361
vn 0.1433 0.8939 0.4248
vn -0.0393 0.9201 0.3897
vn 0.1489 -0.1727 0.9737
vn 0.0027 0.1487 0.9889
vn -0.2241 -0.4145 0.8820
vn 0.1562 0.8618 -0.4827
vn 0.1820 0.9256 -0.3319
vn -0.2623 -0.9244 0.2768
vn 0.2331 -0.9585 0.1643
vn 0.5373 0.7399 -0.4049
vn 0.1935 0.9461 -0.2596
vn 0.4182 0.8785 -0.2310
vn -0.0644 0.9076 -0.4148
vn 0.3830 0.8783 -0.2862
vn 0.5676 0.7926 -0.2227
vn 0.2193 0.9655 0.1408
vn 0.5895 0.6756 0.4428
vn -0.7114 0.0615 -0.7001
vn -0.6926 -0.1566 -0.7042
vn 0.6473 0.7489 0.1417
vn 0.4075 0.8863 -0.2201
vn 0.5607 0.8216 0.1025
vn 0.2232 -0.9647 -0.1400
vn -0.2700 -0.9561 -0.1137
vn 0.3787 -0.7496 0.5429
vn -0.4263 -0.9033 -0.0488
vn -0.6721 -0.6197 -0.4054
vn -0.4734 -0.8720 -0.1243
vn 0.3300 0.9140 -0.2360
vn 0.0708 -0.8499 0.5222
vn -0.7365 -0.4887 -0.4677
vn -0.3859 0.4520 0.8042
vn -0.0074 0.6898 0.7239
vn -0.2753 0.8825 0.3813
vn -0.6132 0.5365 0.5798
vn 0.0673 0.9635 -0.2590
vn -0.4255 0.8994 0.0998
vn 0.0086 0.9938 -0.1110
vn 0.4354 0.3924 0.8102
vn -0.1913 -0.9786 -0.0761
vn -0.0009 -0.9277 -0.3732
vn 0.3043 -0.7301 -0.6119
vn 0.4548 -0.6824 -0.5723
vn -0.0619 0.8919 -0.4481
vn 0.1191 0.8240 -0.5540
vn 0.5992 -0.2076 -0.7732
vn -0.5368 -0.8429 -0.0378
vn -0.2322 -0.7422 0.6286
vn -0.2769 -0.9599 0.0442
vn -0.5302 -0.7461 -0.4027
vn -0.5103 -0.6766 -0.5309
vn 0.7855 0.2310 0.5741
vn 0.7399 0.5576 0.3764
vn 0.6534 0.5749 0.4925
vn -0.0136 -0.9882 0.1527
vn 0.1401 0.9823 -0.1245
vn 0.4357 -0.8813 0.1826
vn -0.1884 0.9513 -0.2441
vn -0.0579 0.5075 -0.8597
vn 0.2504 -0.6253 -0.7391
vn -0.2515 -0.8111 0.5280
vn -0.6888 -0.6837 -0.2412
vn 0.6037 -0.7591 -0.2434
vn 0.8263 -0.5463 0.1370
vn 0.6208 -0.3267 -0.7127
vn 0.4702 -0.6707 -0.5736
vn 0.3759 -0.5545 -0.7425
vn 0.4081 -0.2442 -0.8797
vn 0.4145 -0.8546 -0.3128
vn -0.1574 0.9298 0.3327
vn 0.0261 0.5636 0.8256
vn -0.1011 0.6874 0.7193
vn -0.3315 0.8984 0.2880
vn -0.0674 0.9799 0.1880
vn -0.4532 0.8488 -0.2725
vn -0.6188 0.7582 -0.2055
vn -0.0179 -0.9998 -0.0090
vn -0.3917 -0.7422 -0.5437
vn 0.0537 -0.9964 0.0649
vn 0.3610 -0.9278 -0.0939
vn 0.1314 -0.8444 0.5193
vn 0.3602 -0.8704 0.3357
vn 0.5619 -0.4008 0.7236
vn 0.3362 0.0454 0.9407
vn -0.3118 0.3878 -0.8674
vn -0.4190 0.2452 -0.8743
vn -0.0608 -0.1921 -0.9795
vn -0.0319 0.6074 0.7938
vn 0.2708 0.0796 0.9593
vn -0.3187 0.8342 0.4500
vn -0.2846 0.8846 0.3696
vn -0.0280 0.6489 0.7604
vn 0.1363 0.7385 0.6603
vn -0.0565 0.2825 -0.9576
vn 0.0179 -0.0974 -0.9951
vn -0.1931 0.2844 -0.9391
vn 0.1678 0.2894 0.9424
vn 0.1257 -0.2017 0.9713
vn 0.3127 0.0435 0.9489
vn 0.2898 -0.4194 -0.8603
vn -0.6295 0.4698 -0.6188
vn -0.6385 0.4060 -0.6539
vn -0.6335 -0.2009 -0.7472
vn -0.2845 -0.6205 -0.7308
vn 0.3154 0.2154 -0.9242
vn 0.2469 0.1172 -0.9619
vn -0.5055 -0.0016 0.8628
vn -0.4840 0.4239 0.7656
vn -0.3319 -0.0564 0.9416
vn 0.3747 -0.1617 -0.9129
vn -0.1012 -0.7393 0.6657
vn -0.0847 -0.2868 0.9542
vn -0.5133 0.8299 -0.2185
vn -0.1088 0.7668 -0.6325
vn -0.1279 0.9037 -0.4086
vn 0.0910 0.6436 -0.7600
vn 0.2641 -0.6074 -0.7492
vn -0.1101 -0.2851 -0.9522
vn 0.3146 -0.4310 0.8457
vn 0.2959 -0.2187 0.9298
vn -0.2410 0.7098 -0.6620
vn -0.2293 0.7581 -0.6106
vn 0.2945 -0.7581 0.5819
vn 0.2044 -0.9747 -0.0905
vn 0.3079 -0.9416 0.1362
vn 0.2521 -0.8680 -0.4278
vn -0.1099 0.6363 0.7636
vn -0.1061 0.4946 0.8626
vn 0.1852 0.7789 0.5991
vn 0.3794 -0.2080 0.9015
vn 0.2440 -0.1039 0.9642
vn 0.5689 0.3866 0.7259
vn 0.4841 0.6615 -0.5728
vn 0.5328 0.7856 -0.3147
vn 0.4281 0.8791 -0.2096
vn -0.4958 -0.8256 0.2694
vn -0.4162 -0.8927 -0.1728
vn -0.7848 -0.5398 -0.3045
vn -0.4983 -0.6668 -0.5541
vn -0.3858 0.0196 -0.9224
vn -0.4945 -0.4071 -0.7679
vn 0.1614 0.6546 0.7385
vn 0.1357 0.9035 0.4066
vn 0.2569 0.9661 0.0244
vn -0.3312 -0.9170 0.2222
vn 0.1867 0.9722 0.1410
vn 0.0645 -0.0208 0.9977
vn 0.0689 0.7255 0.6848
vn 0.3336 0.8339 -0.4397
vn 0.3420 0.9244 -0.1687
vn 0.1476 0.8864 -0.4387
vn -0.1770 0.2758 0.9448
vn -0.4920 -0.8349 -0.2469
vn -0.4421 -0.8966 0.0271
vn -0.3438 -0.8981 0.2742
vn -0.0503 -0.6956 0.7167
vn -0.2775 -0.7431 0.6089
vn -0.2185 -0.3449 0.9128
vn 0.3495 0.8638 -0.3628
vn -0.7067 -0.7075 -0.0104
vn -0.2871 -0.7572 -0.5868
vn -0.1160 -0.8083 -0.5773
vn -0.2857 -0.9582 0.0143
vn 0.0488 0.7218 -0.6903
vn -0.2554 0.7003 -0.6666
vn 0.1118 0.9365 -0.3325
vn -0.0300 -0.9993 0.0213
vn 0.2494 0.9575 0.1448
vn 0.0582 0.8530 0.5186
vn 0.3129 0.8895 0.3331
vn -0.0916 -0.9687 -0.2307
vn 0.0292 -0.2511 -0.9675
vn 0.5516 -0.1704 -0.8165
vn 0.3898 -0.5919 -0.7054
vn 0.4461 -0.3942 -0.8035
vn 0.0326 -0.7249 0.6881
vn 0.0574 -0.2311 0.9712
vn -0.0932 -0.1820 -0.9789
vn 0.2222 0.2852 -0.9323
vn 0.2201 -0.6448 -0.7320
vn 0.2077 -0.8100 -0.5484
vn -0.9107 -0.3555 0.2102
vn -0.6534 -0.6581 0.3742
vn -0.7331 -0.4511 0.5090
vn -0.3063 0.2153 0.9273
vn 0.0599 0.6416 0.7647
vn 0.1574 -0.8926 -0.4225
vn 0.5009 0.5624 0.6579
vn -0.1303 -0.6917 0.7104
vn 0.7398 -0.5704 -0.3568
vn 0.2893 -0.6703 -0.6834
vn 0.5410 -0.3348 -0.7715
vn -0.0268 -0.7352 0.6773
vn -0.2469 -0.7164 0.6525
vn -0.2637 -0.2946 0.9185
vn -0.6840 0.5367 -0.4941
vn -0.6833 0.6786 -0.2694
vn -0.5119 0.8590 0.0112
vn -0.6326 -0.6044 -0.4842
vn -0.2922 -0.8804 -0.3736
vn -0.3318 -0.9385 -0.0960
vn 0.3001 0.9499 0.0870
vn 0.5570 0.8173 0.1475
vn 0.6157 0.6573 0.4347
vn -0.6167 -0.0335 -0.7865
vn -0.6313 0.4152 -0.6550
vn -0.5900 0.5055 -0.6295
vn 0.9602 0.0336 0.2772
vn 0.8433 -0.4008 0.3580
vn 0.8661 0.2160 0.4508
vn 0.9499 -0.0780 -0.3026
vn 0.7034 -0.3828 0.5990
vn 0.6132 -0.7847 -0.0901
vn 0.1874 -0.3985 -0.8978
vn 0.7189 0.1116 -0.6861
vn 0.4020 0.1464 -0.9039
vn 0.6215 0.2146 -0.7535
vn 0.3251 0.4396 -0.8373
vn 0.6533 0.0629 -0.7545
vn 0.7874 0.2384 0.5686
vn 0.5354 0.7904 0.2977
vn 0.9552 0.0113 0.2957
vn -0.5874 -0.2318 -0.7754
vn -0.7402 0.1611 -0.6528
vn -0.5209 -0.1311 -0.8435
vn 0.4776 -0.7902 0.3840
vn -0.0881 -0.9961 -0.0026
vn 0.1289 -0.9665 0.2218
vn 0.0466 -0.7386 0.6726
vn 0.3290 -0.7794 0.5332
vn 0.4863 -0.8381 0.2471
vn 0.6656 -0.4109 0.6230
vn -0.1910 -0.9040 -0.3825
vn -0.4956 -0.5731 -0.6526
vn 0.0962 -0.8709 -0.4820
vn 0.6272 0.5994 0.4974
vn 0.1141 0.5620 0.8192
vn 0.1791 0.9455 0.2721
vn 0.6098 0.3914 0.6892
vn -0.3065 0.8306 -0.4648
vn -0.4042 0.9027 -0.1477
vn -0.1414 0.9363 -0.3216
vn 0.1650 0.9811 0.1008
vn 0.6212 -0.7204 -0.3086
vn 0.7283 0.5524 -0.4054
vn 0.2794 0.7910 -0.5444
vn 0.3737 0.8755 -0.3063
vn 0.0739 -0.9922 -0.0999
vn -0.0873 -0.9846 0.1513
vn 0.0876 -0.9812 -0.1719
vn 0.0895 0.7996 -0.5939
vn 0.0818 0.6805 -0.7282
vn -0.2341 0.8982 -0.3721
vn 0.3997 0.6837 0.6105
vn 0.0751 0.7628 0.6423
vn -0.1662 0.9356 0.3116
vn 0.0684 0.9728 0.2212
vn 0.3689 -0.9052 0.2112
vn 0.1486 -0.7960 -0.5868
vn 0.4094 -0.7866 -0.4622
vn -0.2290 -0.5772 0.7839
vn -0.2630 -0.4411 0.8580
vn 0.7280 -0.6621 -0.1780
vn 0.2695 -0.8828 0.3848
vn -0.5637 0.7992 0.2084
vn -0.7407 0.4553 0.4939
vn -0.4266 0.8629 0.2710
vn -0.0452 -0.9120 0.4076
vn 0.3225 0.2857 0.9024
vn 0.8325 -0.5130 -0.2091
vn 0.8182 -0.2476 -0.5189
vn 0.6105 -0.7892 -0.0668
vn -0.6287 0.1436 0.7643
vn -0.3794 0.5150 0.7687
vn 0.2512 -0.9663 -0.0559
vn 0.5978 -0.7642 0.2421
vn 0.6076 -0.7293 0.3146
vn -0.2952 0.2971 0.9081
vn -0.2899 0.8430 0.4530
vn -0.7643 0.2102 -0.6097
vn 0.0096 -0.9997 -0.0219
vn 0.6696 0.7427 -0.0040
vn 0.2848 0.6643 -0.6911
vn 0.2719 0.1917 -0.9430
vn 0.7152 0.1187 -0.6888
vn 0.4356 -0.3181 -0.8420
vn 0.0619 0.5695 -0.8196
vn 0.4991 0.6201 -0.6053
vn -0.6129 -0.3072 0.7280
vn -0.2738 -0.7143 0.6441
vn -0.0773 -0.9872 0.1392
vn -0.7333 -0.5745 0.3635
vn -0.8076 0.2360 -0.5404
vn -0.6011 0.7448 -0.2898
vn -0.3922 0.6654 -0.6352
vn -0.0487 0.5506 0.8334
vn -0.2640 0.7305 0.6298
vn -0.2394 0.4346 0.8682
vn -0.6987 0.6719 -0.2457
vn -0.5514 0.7843 -0.2844
vn -0.5268 0.8437 -0.1035
vn -0.3216 0.9082 -0.2677
vn -0.3068 0.9358 0.1735
vn -0.2815 0.8681 0.4088
vn -0.2737 0.6920 -0.6680
vn -0.3341 0.8571 -0.3921
vn 0.5532 -0.8271 -0.0992
vn 0.3941 -0.7688 -0.5036
vn 0.7571 -0.4794 -0.4438
vn -0.5878 0.7931 0.1596
vn -0.8245 0.5477 0.1423
vn -0.3671 0.9171 -0.1552
vn -0.6075 -0.7792 0.1545
vn -0.7213 -0.5647 0.4010
vn -0.9355 -0.3308 -0.1242
vn 0.3161 -0.7565 0.5726
vn -0.1774 -0.9504 0.2554
vn 0.2373 -0.6872 0.6866
vn -0.4418 -0.8395 0.3162
vn -0.2446 -0.9181 0.3118
vn -0.6643 -0.7475 -0.0015
vn -0.1736 -0.8329 0.5255
vn 0.1986 -0.9570 0.2114
vn -0.7135 -0.2051 0.6700
vn -0.4485 -0.7201 0.5294
vn 0.5305 -0.5261 0.6647
vn 0.4961 -0.4974 0.7117
vn 0.6789 0.0640 0.7314
vn -0.0144 0.9622 -0.2719
vn 0.0257 0.9039 -0.4270
vn 0.4523 0.7849 -0.4234
vn -0.7722 -0.6344 -0.0345
vn -0.9194 -0.3925 0.0265
vn -0.6671 -0.7444 0.0281
vn 0.0954 0.0707 0.9929
vn -1.0000 0.0004 0.0081
vn -0.2655 0.2880 -0.9201
vn -0.3039 0.4898 -0.8171
vn -0.8208 0.5579 -0.1229
vn -0.3913 0.2253 -0.8923
vn -0.7910 -0.1973 -0.5791
vn 0.1699 -0.7071 -0.6864
vn -0.1564 -0.5572 -0.8155
vn -0.0750 -0.2566 -0.9636
vn -0.1332 -0.9029 0.4086
vn 0.4110 0.8290 0.3792
vn 0.3884 0.8952 0.2184
vn 0.5903 0.6052 0.5340
vn 0.0025 0.9959 0.0908
vn -0.4662 -0.8275 -0.3131
vn -0.8378 0.4717 -0.2750
vn -0.8251 0.5216 -0.2173
vn -0.6609 0.7137 -0.2320
vn 0.0270 -0.9125 -0.4082
vn 0.2980 -0.9514 -0.0779
vn 0.1250 -0.9803 0.1532
vn 0.3345 -0.9289 0.1588
vn 0.2759 -0.8265 0.4907
vn 0.2386 -0.4168 0.8771
vn 0.0447 -0.7387 0.6726
vn -0.5482 -0.8051 0.2263
vn -0.6260 -0.7478 0.2211
vn -0.2195 -0.9604 -0.1716
vn -0.2016 -0.7922 0.5760
vn -0.5006 -0.8020 0.3258
vn -0.5334 -0.8215 0.2016
vn 0.1743 0.8932 -0.4146
vn -0.1690 0.7332 -0.6587
vn 0.1482 0.9405 -0.3059
vn -0.9909 0.0532 -0.1238
vn -0.6319 -0.7646 -0.1269
vn -0.6408 -0.3497 0.6834
vn -0.6596 0.5334 -0.5295
vn -0.6392 0.0845 -0.7644
vn 0.1107 -0.8266 0.5518
vn 0.0601 -0.8446 0.5320
vn -0.1511 -0.5688 0.8085
vn 0.5229 -0.4734 -0.7089
vn 0.7088 -0.3709 -0.6000
vn 0.5165 -0.7645 -0.3857
vn -0.3361 -0.3087 -0.8898
vn -0.7288 0.1723 -0.6627
vn -0.3266 0.4116 -0.8508
vn -0.5918 0.1920 -0.7828
vn -0.3214 0.4638 -0.8256
vn -0.7269 0.0709 -0.6830
vn 0.4165 -0.1171 0.9015
vn 0.0487 -0.5218 0.8517
vn 0.4514 -0.2361 0.8605
vn -0.7761 -0.6265 -0.0715
vn -0.6283 -0.7762 -0.0524
vn -0.5670 -0.7857 0.2473
vn 0.6795 0.1181 -0.7241
vn 0.5522 -0.1215 -0.8248
vn -0.6996 -0.3415 -0.6276
vn -0.4014 -0.6155 -0.6782
vn 0.2845 0.1312 0.9497
vn 0.2315 -0.5280 0.8171
vn -0.0115 -0.2882 0.9575
vn -0.7819 0.5207 0.3428
vn -0.3658 0.8750 0.3172
vn -0.5567 0.3348 0.7603
vn -0.7688 0.3975 0.5010
vn -0.4765 0.6980 0.5346
vn -0.8074 0.1957 0.5566
vn -0.6428 0.4764 -0.5999
vn -0.3207 0.6791 -0.6603
vn -0.7276 -0.6791 -0.0969
vn -0.4597 0.8873 0.0376
vn -0.6628 0.6734 0.3276
vn -0.7481 0.6446 0.1572
vn -0.6398 0.6541 -0.4036
vn -0.2521 0.8768 -0.4095
vn 0.6837 0.3002 -0.6652
vn 0.5268 0.6660 -0.5281
vn 0.0310 -0.6444 0.7640
vn -0.1298 0.5735 0.8089
vn -0.9297 0.2400 0.2793
vn -0.9726 -0.0689 0.2219
vn -0.0670 -0.9683 -0.2406
vn -0.1762 -0.9515 -0.2520
vn -0.0800 -0.9953 0.0554
vn 0.0587 -0.9891 0.1349
vn -0.3645 0.9153 0.1713
vn 0.6494 0.4440 0.6174
vn 0.5012 0.7319 0.4617
vn 0.4166 0.3695 0.8306
vn -0.2798 -0.7788 0.5614
vn -0.6504 0.7454 -0.1462
vn -0.7097 0.6787 0.1890
vn -0.2687 0.9628 -0.0285
vn -0.8441 -0.5060 -0.1773
vn -0.5149 -0.6631 -0.5433
vn 0.2006 -0.7634 -0.6140
vn -0.1767 -0.9251 -0.3362
vn 0.2754 -0.9388 -0.2066
vn 0.0350 -0.9983 -0.0456
vn -0.1234 -0.9675 0.2207
vn -0.7098 0.3168 0.6292
vn -0.6035 0.6826 0.4121
vn 0.4147 0.8231 -0.3880
vn 0.5852 0.7924 0.1724
vn 0.3078 0.9489 -0.0691
vn -0.8365 -0.3088 0.4526
vn -0.8188 -0.3879 -0.4232
vn -0.6840 -0.7281 -0.0443
vn -0.5828 -0.7631 -0.2793
vn -0.3201 0.5367 -0.7807
vn -0.6524 0.7553 -0.0626
vn 0.5619 0.8238 -0.0746
vn 0.5762 0.8172 -0.0104
vn 0.2684 0.9617 0.0563
vn -0.8945 0.1339 -0.4265
vn -0.7673 -0.5861 0.2601
vn -0.6413 -0.6825 0.3506
vn -0.4562 -0.8866 0.0759
vn -0.5734 -0.8182 0.0426
vn 0.0925 0.9672 -0.2365
vn 0.7045 0.5839 -0.4034
vn 0.2038 -0.5108 0.8352
vn 0.6125 -0.0102 0.7904
vn 0.0363 -0.9707 0.2375
vn 0.7879 0.5792 -0.2092
vn 0.6555 0.7421 -0.1400
vn 0.4110 0.8910 -0.1929
vn 0.6407 0.5740 -0.5099
vn 0.3519 0.8398 -0.4133
vn 0.6486 0.7565 -0.0843
vn -0.4111 0.1777 -0.8941
vn -0.7397 -0.2806 -0.6116
vn -0.6006 0.4173 -0.6820
vn -0.3669 -0.2429 0.8980
vn -0.1484 -0.0752 0.9861
vn -0.0124 0.3724 0.9280
vn 0.2112 0.9770 -0.0303
vn -0.0898 0.9933 0.0721
vn 0.0094 0.6911 0.7227
vn 0.1538 0.8958 0.4169
vn 0.0814 0.6808 0.7280
vn -0.2583 0.6990 -0.6669
vn 0.1785 0.9618 -0.2077
vn 0.1501 0.9096 -0.3874
vn -0.5731 0.6912 0.4403
vn -0.1462 0.9784 0.1462
vn -0.3683 -0.9223 -0.1172
vn -0.1212 -0.9440 0.3069
vn -0.6345 -0.7476 -0.1961
vn -0.6249 -0.1604 0.7641
vn -0.6275 -0.3738 0.6830
vn -0.4355 -0.6581 0.6142
vn -0.2607 -0.5328 -0.8051
vn -0.3807 -0.8427 -0.3806
vn -0.3453 -0.7404 -0.5767
vn -0.3002 -0.9485 -0.1010
vn -0.4808 -0.8502 0.2145
vn 0.8216 0.5476 -0.1584
vn -0.4624 -0.6553 0.5974
vn -0.3326 -0.8312 0.4455
vn 0.4350 0.8856 -0.1630
vn -0.2261 0.7127 -0.6640
vn 0.1031 0.7626 -0.6386
vn -0.4385 0.7446 0.5032
vn -0.6922 0.1860 0.6974
vn -0.6892 0.3025 0.6584
vn 0.2230 0.9688 0.1085
vn 0.2415 0.9688 0.0560
vn 0.4478 -0.7086 0.5453
vn -0.1934 -0.9649 0.1774
vn -0.5029 -0.5899 0.6317
vn -0.2457 -0.8406 0.4827
vn -0.4158 -0.5467 -0.7268
vn -0.5849 -0.6461 -0.4904
vn 0.1034 -0.8953 0.4333
vn 0.3603 -0.8812 0.3061
vn 0.7022 -0.6846 -0.1956
vn 0.0524 -0.9812 0.1859
vn 0.8028 -0.5893 0.0907
vn 0.9681 -0.2412 -0.0682
vn 0.8064 -0.5888 0.0551
vn 0.6418 -0.7668 -0.0120
vn 0.6981 -0.5837 0.4146
vn 0.2456 -0.8366 0.4896
vn 0.2328 -0.9414 0.2442
vn 0.8049 -0.3985 -0.4397
vn 0.8276 0.4007 0.3930
vn 0.3875 0.8791 0.2775
vn -0.1609 0.0635 0.9849
vn 0.6424 0.2028 0.7390
vn 0.6997 -0.7096 0.0833
vn 0.9292 -0.3510 -0.1153
vn 0.9285 0.1064 -0.3559
vn 0.4664 0.4761 -0.7455
vn 0.8398 0.5386 0.0677
vn 0.4307 0.7961 -0.4252
vn 0.6821 0.5371 -0.4962
vn 0.7048 -0.4253 0.5677
vn 0.6349 -0.7341 0.2407
vn -0.2277 -0.5738 0.7867
vn 0.9651 -0.2387 0.1074
vn 0.8812 -0.4685 -0.0633
vn 0.3463 0.7515 0.5616
vn 0.6166 0.7638 0.1907
vn 0.0882 0.9257 0.3677
vn 0.6134 0.5979 0.5161
vn 0.3501 0.5503 -0.7581
vn 0.1586 0.7449 -0.6481
vn 0.5857 0.3882 -0.7115
vn 0.9528 -0.1580 0.2592
vn 0.5820 -0.8128 0.0263
vn 0.8289 0.0612 -0.5560
vn 0.4837 -0.8751 -0.0171
vn 0.6652 -0.7465 0.0128
vn 0.2012 -0.9345 -0.2936
vn -0.2007 -0.9745 -0.1001
vn -0.2523 0.8804 -0.4015
vn 0.1049 0.9555 -0.2757
vn 0.2110 0.8568 -0.4706
vn 0.7610 -0.3158 0.5668
vn 0.7638 0.1786 0.6202
vn 0.6091 0.0916 0.7878
vn 0.8467 0.4453 0.2911
vn 0.2616 0.7938 -0.5490
vn 0.3270 -0.0296 0.9446
vn 0.0710 -0.9679 0.2410
vn -0.2037 0.8660 -0.4566
vn 0.5620 0.6262 -0.5405
vn 0.0295 0.9995 -0.0095
vn 0.5526 0.8302 -0.0737
vn 0.4168 -0.8918 0.1760
vn 0.6680 -0.7402 -0.0768
vn 0.5247 -0.8455 0.0996
vn 0.6078 0.4281 0.6688
vn 0.5845 -0.7354 0.3427
vn 0.7564 -0.6136 0.2266
vn 0.6516 -0.5329 0.5398
vn 0.2818 0.8595 0.4264
vn -0.8540 0.4928 -0.1669
vn -0.8452 -0.0240 0.5340
vn -0.2614 0.8457 0.4652
vn -0.6278 -0.3560 0.6922
vn -0.7061 -0.5126 0.4886
vn -0.5480 -0.7070 0.4470
vn -0.2919 0.1738 0.9405
vn -0.2935 0.7757 0.5587
vn 0.1425 0.9367 0.3198
vn -0.3684 0.9081 0.1990
vn -0.5959 -0.1372 -0.7913
vn -0.9580 -0.2655 -0.1089
vn -0.2765 -0.5457 0.7910
vn -0.5191 0.4331 0.7369
vn -0.6008 -0.0096 0.7993
vn -0.3872 0.4253 0.8180
vn 0.3544 -0.9165 0.1856
vn 0.4400 -0.8690 -0.2265
vn -0.0624 -0.9964 0.0573
vn -0.1775 -0.9580 0.2251
vn -0.0751 0.9776 -0.1964
vn 0.2148 0.9764 -0.0239
vn -0.1242 -0.9543 0.2718
vn -0.5076 -0.8603 -0.0479
vn -0.4599 -0.8879 -0.0133
vn -0.4589 0.1370 -0.8779
vn -0.2271 0.4501 -0.8636
vn -0.6715 -0.0266 -0.7405
vn 0.4815 0.8385 -0.2551
vn 0.1127 0.8753 -0.4702
vn -0.5657 0.6274 0.5352
vn -0.4447 -0.8334 0.3283
vn -0.2756 -0.9262 0.2571
vn -0.6251 -0.7302 -0.2759
vn -0.7563 -0.3383 -0.5599
vn -0.6942 -0.6554 -0.2975
vn -0.5648 -0.8206 0.0871
vn -0.0215 0.7355 -0.6772
vn -0.3908 0.5138 -0.7637
vn 0.3075 -0.8248 0.4745
vn 0.3502 0.7428 -0.5706
vn -0.4130 0.7428 -0.5269
vn -0.8267 -0.4843 0.2863
vn -0.6998 -0.5757 0.4229
vn -0.7768 -0.3125 0.5468
vn 0.8856 0.3821 -0.2638
vn 0.7402 0.6218 -0.2559
vn 0.9855 0.1586 -0.0597
vn 0.7801 -0.2893 -0.5548
vn 0.6583 0.2320 -0.7161
vn 0.7387 -0.1917 -0.6462
vn -0.6693 -0.4592 0.5841
vn -0.9298 -0.1413 0.3399
vn -0.8225 0.0174 0.5685
vn -0.2657 -0.7004 0.6625
vn -0.4205 -0.1920 0.8868
vn -0.5468 0.8369 -0.0248
vn -0.8112 0.5848 0.0056
vn -0.7237 0.6833 -0.0967
vn -0.9891 -0.1096 -0.0983
vn -0.9124 0.1412 -0.3841
vn -0.9131 -0.3658 -0.1799
vn 0.1863 0.6956 0.6938
vn 0.2711 0.0285 0.9621
vn 0.8230 0.3795 0.4227
vn -0.4469 0.8926 0.0602
vn -0.3600 0.9324 -0.0328
vn -0.6107 0.7157 -0.3387
vn 0.8925 -0.0794 0.4440
vn 0.9804 -0.1364 0.1418
vn 0.9038 0.3224 0.2814
vn 0.8871 0.1313 -0.4426
vn 0.8941 0.1253 -0.4299
vn 0.4790 0.3919 -0.7855
vn -0.2190 0.0358 0.9751
vn -0.4481 -0.8474 0.2849
vn 0.0834 -0.9871 0.1366
vn -0.3790 -0.8970 0.2277
vn -0.5416 0.8404 0.0198
vn -0.1601 0.6174 -0.7702
vn -0.8962 0.2368 -0.3751
vn -0.7077 0.6137 -0.3500
vn -0.8095 0.3869 -0.4415
vn -0.7512 0.6361 -0.1761
vn 0.7058 -0.5918 0.3893
vn 0.8140 -0.5051 -0.2868
vn 0.9994 0.0184 0.0293
vn -0.2435 0.9224 -0.2996
vn -0.3038 0.7467 -0.5918
vn -0.5120 0.8588 -0.0163
vn -0.7269 -0.0451 0.6852
vn -0.3628 0.6854 0.6313
vn -0.9404 0.2584 0.2211
vn 0.7721 0.6290 -0.0910
vn 0.5376 0.6726 -0.5086
vn 0.7647 0.6219 -0.1689
vn 0.9497 -0.3119 0.0287
vn 0.7177 -0.6803 -0.1484
vn 0.7009 -0.2011 -0.6843
vn 0.8972 -0.4121 -0.1588
vn 0.7534 -0.1911 0.6291
vn 0.5859 -0.4919 0.6440
vn 0.7692 -0.6167 -0.1675
vn 0.9043 0.4265 0.0152
vn 0.7086 -0.3959 -0.5840
vn 0.5569 0.2522 -0.7914
vn 0.7154 -0.6076 -0.3449
vn 0.4046 -0.7163 -0.5685
vn 0.5956 -0.3632 -0.7165
vn 0.8438 -0.2024 -0.4970
vn -0.7472 -0.5758 -0.3320
vn -0.9475 -0.0645 -0.3132
vn -0.8058 -0.1015 -0.5835
vn -0.9832 0.1374 0.1202
vn -0.7050 0.1059 0.7012
vn -0.6602 0.7494 0.0508
vn -0.7287 0.2640 -0.6319
vn 0.2951 0.8511 -0.4343
vn 0.3933 0.5862 -0.7083
vn 0.2818 0.2779 -0.9183
vn -0.2695 -0.9615 -0.0536
vn -0.6541 -0.7563 0.0131
vn -0.2399 -0.7963 -0.5553
vn 0.2609 -0.6889 -0.6763
vn 0.1076 -0.8096 -0.5771
vn -0.0310 -0.3064 -0.9514
vn 0.9031 -0.4210 0.0842
vn 0.9779 0.1507 -0.1449
vn 0.7732 -0.0887 0.6279
vn 0.5284 0.6836 -0.5035
vn 0.6763 0.7270 0.1186
vn 0.9571 0.2692 -0.1075
vn -0.6095 0.7715 0.1824
vn -0.9549 -0.2022 0.2173
vn -0.4511 0.7028 -0.5501
vn 0.4698 -0.7276 0.5000
vn 0.7846 -0.3890 0.4827
vn 0.4516 -0.4951 0.7423
vn 0.5102 -0.8351 0.2055
vn 0.6374 -0.3416 0.6906
vn 0.4022 -0.7449 0.5323
vn 0.9791 -0.1060 0.1738
vn 0.8440 0.5044 -0.1822
vn 0.9497 0.2462 -0.1935
vn -0.1612 0.8213 -0.5473
vn -0.4574 0.4451 -0.7698
vn -0.9936 -0.1010 -0.0499
vn -0.8555 -0.5177 -0.0098
vn -0.9492 -0.3096 0.0553
vn -0.8618 0.4283 -0.2718
vn 0.9680 -0.2484 -0.0354
vn 0.8010 -0.1056 -0.5892
vn 0.9232 0.3648 -0.1212
vn 0.9539 -0.0014 0.3001
vn 0.3685 -0.7425 0.5594
vn 0.4498 -0.7763 0.4417
vn 0.1345 -0.8847 0.4463
vn 0.6543 -0.4463 0.6105
vn 0.6170 -0.7302 -0.2934
vn 0.2779 -0.9355 0.2181
vn 0.3110 -0.9503 -0.0167
vn -0.9214 0.3836 0.0619
vn -0.7422 0.1666 0.6492
vn -0.6473 0.7451 0.1607
vn 0.4657 -0.8142 0.3467
vn 0.9113 -0.3666 0.1872
vn -0.9588 -0.2831 0.0219
vn -0.5850 -0.8031 0.1130
vn -0.7676 -0.6044 0.2133
vn -0.9372 -0.3225 -0.1332
vn -0.8313 -0.5062 -0.2296
vn -0.9462 0.0369 -0.3215
vn 0.4644 0.6219 0.6305
vn 0.7008 0.2225 0.6778
vn 0.5441 -0.1280 0.8292
vn 0.8850 0.4650 -0.0235
vn 0.9454 -0.2718 -0.1796
vn 0.5407 -0.3719 -0.7545
vn 0.7529 0.1101 -0.6489
vn 0.4361 -0.8799 -0.1886
vn 0.6973 0.6539 0.2935
vn 0.8859 0.4640 0.0032
vn -0.7599 0.4073 -0.5066
vn -0.6817 -0.6623 -0.3109
vn -0.9107 -0.2630 0.3187
vn -0.7656 -0.1996 0.6116
vn -0.6084 -0.5436 0.5782
vn -0.6731 -0.2296 0.7030
vn -0.7117 0.2386 0.6607
vn 0.5119 -0.6654 0.5433
vn 0.2821 -0.7158 0.6388
vn 0.6679 -0.1987 0.7172
vn 0.8560 0.0523 0.5144
vn 0.8529 0.4623 0.2427
vn 0.8465 -0.0001 0.5323
vn 0.8145 0.4887 0.3127
vn 0.6904 -0.1698 0.7032
vn 0.7172 0.3490 0.6032
vn 0.6559 0.7360 0.1678
vn 0.8337 0.4031 -0.3774
vn 0.6775 0.4876 -0.5506
vn 0.6774 0.7138 -0.1777
vn 0.9259 -0.1189 -0.3586
vn 0.8655 -0.5010 0.0023
vn 0.7880 -0.5517 -0.2733
vn -0.6905 0.7212 0.0548
vn 0.6638 -0.7306 -0.1599
vn 0.2634 -0.2610 -0.9287
vn 0.8419 0.1447 -0.5198
vn 0.8449 0.3118 -0.4346
vn 0.5150 0.8543 -0.0697
vn -0.9148 -0.4008 -0.0506
vn -0.7419 0.6579 -0.1296
vn -0.6001 -0.1813 -0.7791
vn -0.7627 0.3321 0.5550
vn 0.5832 0.7626 0.2800
vn 0.7607 0.5963 -0.2565
vn 0.6225 0.7820 -0.0307
vn -0.0681 -0.9506 -0.3027
vn -0.1155 -0.8581 -0.5003
vn 0.0486 -0.8422 0.5370
vn 0.3199 -0.9192 0.2297
vn 0.8518 0.0968 -0.5148
vn 0.8134 -0.2872 -0.5059
vn 0.7518 -0.0082 -0.6594
vn -0.7571 0.1648 -0.6322
vn -0.1708 0.2961 -0.9398
vn -0.3555 -0.3415 -0.8701
vn 0.6052 0.6966 -0.3854
vn 0.7138 0.4758 -0.5139
vn 0.4925 0.8170 -0.2999
vn -0.6252 -0.1955 -0.7555
vn -0.7052 -0.5498 -0.4477
vn -0.7858 -0.1232 -0.6061
vn -0.5907 -0.4909 -0.6404
vn 0.4666 0.7585 -0.4549
vn 0.8046 0.0956 -0.5861
vn 0.9485 0.1991 0.2466
vn 0.7991 -0.0239 0.6007
vn 0.8324 -0.3660 0.4162
vn 0.9499 -0.3073 0.0573
vn -0.6205 0.7840 0.0174
vn -0.4894 0.5551 -0.6725
vn -0.8094 0.0285 -0.5865
vn -0.6754 -0.5603 0.4794
vn -0.9598 -0.2792 0.0303
vn 0.7469 0.2390 0.6205
vn 0.5743 -0.3580 0.7362
vn 0.7447 -0.3525 0.5668
vn 0.3298 0.9403 -0.0838
vn 0.0681 0.9902 0.1219
vn 0.5710 0.7389 -0.3578
vn -0.6650 0.6806 -0.3074
vn -0.4000 0.8402 -0.3661
vn -0.8294 0.3783 0.4110
vn 0.7356 -0.3391 0.5865
vn 0.7197 -0.5636 0.4054
vn 0.6946 -0.0485 0.7177
vn 0.4896 0.4920 -0.7199
vn 0.3406 0.4939 -0.8000
vn 0.6485 -0.1108 -0.7531
vn 0.6261 -0.6286 0.4615
vn 0.4022 -0.7065 0.5823
vn 0.8575 -0.1532 0.4911
vn -0.4441 -0.1858 0.8765
vn -0.5715 -0.4851 0.6619
vn -0.4722 0.2299 0.8510
vn 0.9929 0.0312 0.1147
vn 0.9056 -0.3374 0.2571
vn 0.9871 -0.0419 0.1548
vn -0.2275 0.9583 -0.1732
vn -0.8099 0.5277 -0.2561
vn -0.6378 0.6685 -0.3825
vn 0.7538 -0.6476 0.1114
vn 0.9489 -0.3094 -0.0627
vn 0.6591 0.6053 -0.4463
vn 0.4830 0.6208 -0.6175
vn 0.2815 0.9448 0.1678
vn 0.5124 0.8057 -0.2973
vn -0.7705 -0.1616 -0.6166
vn -0.6851 -0.6074 -0.4021
vn 0.5978 -0.6892 0.4095
vn 0.8449 -0.4689 0.2573
vn 0.7305 -0.4127 0.5442
vn 0.6697 -0.7383 0.0798
vn -0.3238 -0.8972 -0.3004
vn -0.0872 -0.8738 0.4785
vn -0.8497 -0.5124 0.1243
vn -0.8956 -0.2450 0.3713
vn -0.7190 0.0664 0.6919
vn -0.8666 0.2973 0.4008
vn -0.6220 -0.5516 0.5557
vn -0.6638 0.7476 0.0203
vn -0.8985 0.3371 -0.2813
vn -0.8700 -0.0509 -0.4904
vn -0.8308 -0.0858 0.5499
vn -0.8161 -0.5446 0.1936
vn -0.4793 -0.6342 0.6067
vn 0.3130 0.8923 0.3253
vn 0.6243 0.3575 0.6945
vn 0.8349 0.5313 0.1436
vn -0.4052 0.5978 -0.6917
vn -0.6973 0.1903 -0.6910
vn -0.6858 0.5586 -0.4665
vn 0.7669 0.3938 0.5068
vn 0.5017 0.3059 0.8092
vn 0.5219 0.7572 0.3927
vn 0.7702 -0.2393 0.5912
vn 0.7131 -0.5376 0.4500
vn 0.8822 -0.2730 0.3836
vn -0.8626 -0.3597 -0.3557
vn -0.8268 -0.3656 -0.4275
vn -0.8356 -0.5015 -0.2242
vn -0.8183 0.5648 0.1071
vn -0.9225 -0.0937 -0.3745
vn -0.4092 0.2407 -0.8801
vn -0.7771 0.1852 -0.6016
vn -0.6222 0.5113 -0.5929
vn 0.3280 -0.5854 0.7414
vn 0.6936 -0.2360 0.6806
vn 0.6921 0.7134 -0.1101
vn -0.9879 -0.0944 -0.1227
vn -0.9713 0.1696 0.1667
vn -0.8976 0.4270 -0.1097
vn -0.9928 -0.0133 -0.1187
vn -0.7737 -0.6298 -0.0689
vn -0.8894 -0.1349 0.4368
vn 0.9441 0.1683 -0.2834
vn -0.7541 -0.3281 0.5689
vn -0.5545 0.3386 0.7602
vn -0.6175 -0.2827 0.7340
vn 0.8037 -0.4683 0.3671
vn 0.9638 -0.2542 0.0800
vn 0.9512 -0.0659 0.3014
vn 0.7847 -0.5642 -0.2569
vn 0.9052 -0.3768 0.1968
vn 0.6618 -0.7366 0.1390
vn 0.2493 -0.4599 -0.8523
vn 0.5357 -0.8423 0.0595
vn 0.7158 0.0091 -0.6982
vn 0.8001 0.5989 -0.0335
vn 0.9182 0.3910 0.0637
vn -0.5556 -0.4681 0.6872
vn -0.6640 -0.0701 0.7445
vn -0.7757 0.1050 0.6223
vn -0.6508 -0.6090 0.4534
vn -0.6339 -0.4884 0.5997
vn -0.5595 -0.8205 0.1171
vn 0.9305 -0.1585 -0.3304
vn 0.6374 -0.7019 -0.3178
vn 0.7507 -0.5305 -0.3938
vn 0.5867 -0.8096 -0.0199
vn 0.4872 -0.8581 -0.1620
vn 0.7068 -0.5178 -0.4819
vn -0.7524 0.5295 -0.3918
vn -0.7608 0.5415 -0.3576
vn -0.9336 -0.0151 -0.3581
vn 0.5831 0.7968 -0.1582
vn 0.8197 0.3663 -0.4403
vn 0.2930 -0.7869 0.5432
vn 0.6670 -0.1055 0.7376
vn 0.5704 -0.7496 0.3356
vn 0.6737 0.6785 -0.2930
vn 0.6772 0.7013 -0.2226
vn 0.8561 0.5108 -0.0783
vn 0.9578 0.2865 0.0219
vn 0.7631 0.6426 -0.0686
vn 0.6271 0.7675 -0.1327
vn -0.6457 0.6946 0.3173
vn 0.7479 0.5899 -0.3043
vn 0.4608 0.8839 0.0796
vn 0.8886 0.4436 0.1167
vn -0.5462 -0.5783 -0.6060
vn 0.5566 -0.1674 -0.8137
vn 0.4931 0.0406 -0.8690
vn 0.6746 -0.4840 -0.5573
vn 0.7595 -0.4961 -0.4208
vn 0.8030 -0.1835 -0.5670
vn 0.6470 -0.7476 -0.1500
vn 0.1247 -0.2485 0.9606
vn 0.5614 -0.6528 0.5087
vn 0.2368 -0.7440 0.6248
vn 0.4465 0.7465 -0.4933
vn 0.5133 0.5199 -0.6828
vn 0.5701 0.7125 -0.4090
vn 0.5234 0.3928 -0.7562
vn 0.5471 0.4202 0.7240
vn 0.5573 0.7421 0.3725
vn -0.4300 0.8461 -0.3150
vn -0.7139 0.6307 -0.3042
vn -0.5164 0.8423 -0.1545
vn 0.2320 0.9407 -0.2475
vn 0.7343 0.6787 -0.0167
vn 0.6677 0.6676 -0.3293
vn 0.7314 0.6238 -0.2755
vn 0.3743 0.9180 0.1311
vn 0.6607 0.7001 -0.2707
vn 0.7547 -0.1406 -0.6408
vn 0.6321 0.4615 -0.6225
vn 0.7348 -0.0166 -0.6781
vn -0.6906 0.2631 0.6737
vn -0.9108 -0.0629 0.4079
vn -0.6525 -0.3715 0.6605
vn -0.8809 0.4445 0.1625
vn -0.8219 0.4931 -0.2852
vn -0.9603 0.2283 -0.1602
vn 0.7865 -0.6176 0.0021
vn 0.9502 -0.3112 0.0147
vn 0.7871 -0.5415 0.2955
vn -0.8852 0.3592 0.2957
vn 0.8022 0.4322 0.4119
vn 0.5605 0.7158 0.4165
vn 0.5870 0.3721 0.7190
vn 0.2409 0.9192 -0.3116
vn 0.3331 0.6401 -0.6923
vn 0.5880 0.5526 -0.5907
vn -0.5973 -0.7608 0.2538
vn 0.1302 -0.9303 0.3428
vn -0.7060 -0.7054 0.0637
vn -0.7885 0.3589 -0.4994
vn -0.8573 -0.3410 -0.3857
vn -0.9260 0.1144 -0.3598
vn -0.9317 -0.3631 -0.0076
vn -0.6552 -0.5799 -0.4841
vn -0.9652 -0.0911 -0.2450
vn 0.5764 0.1217 0.8080
vn 0.8566 -0.1791 0.4839
vn 0.4931 -0.6534 0.5744
vn 0.6890 -0.1822 0.7015
vn 0.7216 0.1415 0.6777
vn 0.4950 0.3467 0.7967
vn 0.8402 0.5159 -0.1670
vn 0.9847 0.1480 -0.0922
vn 0.6956 0.7185 -0.0009
vn -0.4946 0.8273 -0.2664
vn -0.3406 0.8930 -0.2942
vn -0.6579 0.7140 -0.2396
vn 0.7455 0.6171 0.2520
vn 0.5012 0.8595 -0.1004
vn 0.7887 0.6012 -0.1281
vn 0.9468 -0.0731 0.3135
vn 0.7943 -0.5759 -0.1937
vn 0.5031 -0.8553 -0.1238
vn 0.0843 0.9783 -0.1895
vn -0.2996 0.7761 -0.5549
vn 0.9438 0.2416 -0.2256
vn 0.9729 -0.2271 0.0439
vn 0.9608 -0.1990 -0.1929
vn 0.6759 -0.7311 0.0928
vn 0.9157 -0.1149 0.3850
vn 0.7544 -0.6521 0.0749
vn 0.9063 -0.4213 -0.0336
vn 0.9556 -0.0969 0.2781
vn -0.7434 0.4837 -0.4620
vn 0.6334 0.5094 -0.5825
vn 0.5340 0.5461 -0.6455
vn 0.6953 0.7011 -0.1582
vn -0.6824 -0.7291 0.0520
vn -0.6766 -0.6819 -0.2777
vn 0.9489 0.0084 0.3155
vn 0.7543 0.3389 0.5622
vn 0.8974 -0.2424 0.3686
vn 0.7284 0.6058 0.3201
vn 0.2282 0.8839 -0.4083
vn 0.5855 0.7993 -0.1351
vn 0.2171 0.8785 -0.4255
vn -0.1051 0.9912 -0.0809
vn -0.5336 0.6519 -0.5387
vn -0.9190 0.3597 0.1615
vn -0.7469 0.6385 -0.1854
vn -0.9705 0.2137 -0.1113
vn 0.9999 0.0078 0.0085
vn 0.5313 0.5628 -0.6332
vn 0.6453 0.7639 0.0071
vn 0.7943 0.0127 -0.6075
vn -0.5944 -0.8036 0.0297
vn -0.7928 -0.6008 -0.1029
vn 0.8129 0.5746 -0.0950
vn 0.3117 0.8011 -0.5109
vn 0.7120 0.6915 -0.1216
vn 0.6585 -0.4854 0.5751
vn 0.7157 -0.6498 0.2560
vn -0.9021 -0.0748 0.4251
vn 0.8972 0.3870 0.2129
vn 0.9201 0.3170 0.2301
vn -0.8636 -0.4941 -0.1003
vn -0.9562 -0.0955 0.2768
vn -0.6503 -0.5444 0.5299
vn -0.9309 0.3304 -0.1560
vn -0.7527 -0.1176 -0.6478
vn -0.9349 -0.3071 -0.1781
vn -0.5213 -0.8436 0.1285
vn -0.2802 -0.8651 0.4160
vn -0.8253 -0.5094 0.2436
vn 0.2953 -0.8196 0.4909
vn 0.1538 -0.7229 -0.6736
vn 0.2805 -0.9560 0.0863
vn -0.5835 -0.0553 0.8102
vn -0.2468 -0.6646 0.7052
vn -0.5316 -0.5356 0.6561
vn 0.7560 0.0598 0.6519
vn 0.9002 -0.1388 0.4127
vn 0.9218 -0.2905 0.2568
vn 0.3802 -0.7810 -0.4955
vn -0.1162 -0.3971 -0.9104
vn 0.5392 -0.6883 0.4853
vn 0.3900 -0.0863 0.9168
vn 0.5026 -0.1768 0.8463
vn -0.2986 0.1410 0.9439
vn -0.3112 0.2770 0.9091
vn -0.0623 0.5900 0.8050
vn -0.5110 -0.1506 0.8463
vn 0.8709 0.3828 -0.3082
vn 0.9756 -0.2146 0.0466
vn 0.3723 -0.2310 -0.8989
vn -0.6618 -0.6968 0.2766
vn -0.9446 -0.3141 0.0949
vn -0.8397 -0.4540 0.2981
vn -0.5205 0.6462 -0.5581
vn -0.9256 0.2895 -0.2438
vn -0.7671 0.6075 0.2061
vn -0.3475 0.9267 0.1434
vn -0.6539 0.4255 0.6256
vn -0.6417 -0.0451 -0.7656
vn -0.5753 -0.6580 -0.4858
vn -0.2753 -0.3983 -0.8750
vn -0.6195 0.3290 -0.7128
vn -0.5015 0.2636 -0.8240
vn -0.6085 0.6954 -0.3823
vn -0.8034 0.5949 -0.0245
vn -0.6653 0.7403 -0.0963
vn -0.8507 0.5248 0.0303
vn -0.3078 0.8899 -0.3368
vn -0.6744 0.7352 -0.0689
vn -0.6362 0.7426 -0.2093
vn -0.9042 0.4243 -0.0494
vn -0.5822 0.7182 -0.3810
vn 0.8989 -0.1728 0.4027
vn 0.9839 0.1705 0.0538
vn -0.8654 -0.3415 0.3666
vn -0.9363 0.1767 0.3035
vn -0.8153 0.4137 0.4051
vn -0.8821 -0.1543 -0.4452
vn -0.8584 0.3325 -0.3905
vn 0.4977 -0.3184 0.8068
vn 0.7600 0.1437 0.6339
vn 0.7727 0.4347 0.4625
vn 0.4807 0.8024 -0.3536
vn 0.8160 0.2515 -0.5204
vn 0.5932 0.4743 -0.6505
vn -0.6953 -0.4335 0.5733
vn -0.5343 0.4646 0.7062
vn -0.4990 0.2282 0.8360
vn -0.8070 -0.0502 0.5884
vn 0.5437 0.6639 -0.5135
vn 0.4319 0.8715 -0.2323
vn 0.8073 0.5341 -0.2510
vn 0.8186 -0.5716 0.0562
vn 0.9841 -0.1759 -0.0234
vn 0.8492 -0.5257 -0.0493
vn 0.3352 -0.9094 0.2461
vn 0.6679 -0.6741 0.3155
vn 0.6502 -0.7464 -0.1418
vn -0.8418 0.1224 0.5257
vn -0.6251 -0.4591 0.6313
vn -0.7043 -0.3901 0.5932
vn 0.4012 0.8934 -0.2021
vn 0.3307 0.8650 0.3775
vn 0.0883 -0.6338 -0.7684
vn 0.3817 -0.4826 -0.7883
vn 0.4741 -0.7717 -0.4240
vn 0.9537 0.0466 0.2970
vn 0.9744 0.2234 0.0264
vn 0.8049 0.5897 -0.0662
vn 0.3410 -0.8869 0.3116
vn 0.7284 -0.5726 0.3762
vn 0.1397 -0.9899 -0.0248
vn 0.1802 0.9219 0.3428
vn 0.6372 0.6770 0.3683
vn 0.4018 0.3664 0.8392
vn -0.5259 -0.6744 0.5183
vn -0.5597 -0.4322 0.7071
vn 0.8876 -0.4212 0.1866
vn 0.6347 0.4316 0.6410
vn 0.8736 -0.3596 -0.3278
vn 0.5634 0.7071 -0.4273
vn 0.9840 0.0327 -0.1750
vn 0.8073 0.2835 0.5175
vn 0.8392 0.2767 -0.4682
vn 0.7091 0.6513 -0.2703
vn -0.9552 0.2200 -0.1979
vn -0.9827 -0.1569 -0.0989
vn -0.6546 0.3574 -0.6662
vn -0.7546 0.5676 0.3291
vn -0.9943 0.0677 0.0821
vn 0.8544 -0.0366 0.5183
vn 0.9934 0.0613 0.0971
vn 0.7289 0.5939 0.3405
vn 0.7372 0.6682 0.1003
vn 0.7713 0.4444 0.4556
vn 0.9175 0.3597 0.1697
vn -0.7518 -0.2659 -0.6034
vn -0.2973 -0.3303 -0.8958
vn -0.6123 0.4048 -0.6791
vn -0.9805 0.1964 0.0083
vn -0.9661 0.0340 0.2561
vn -0.8813 -0.4452 0.1585
vn -0.9328 0.3600 -0.0154
vn -0.2159 -0.9707 0.1057
vn 0.0043 -0.9712 -0.2381
vn -0.3585 0.4055 -0.8409
vn -0.6541 0.5003 -0.5673
vn -0.3298 0.7713 -0.5443
vn -0.9445 -0.0183 -0.3279
vn -0.9710 -0.2377 -0.0257
vn -0.8776 0.4737 0.0742
vn -0.9488 -0.1828 -0.2576
vn -0.6808 -0.7151 -0.1585
vn -0.9216 -0.2929 -0.2547
vn -0.8749 -0.4137 -0.2518
vn -0.6565 -0.7359 -0.1655
vn -0.7905 -0.6040 -0.1009
vn 0.5866 0.5934 0.5512
vn 0.7426 0.6151 0.2650
vn 0.9323 -0.1709 0.3189
vn 0.8962 0.2537 0.3639
vn 0.5020 -0.1808 0.8458
vn 0.4563 0.1785 0.8717
vn 0.5024 -0.4023 0.7654
vn -0.3757 0.6136 -0.6945
vn -0.3550 0.3165 0.8796
vn -0.2413 0.6589 0.7125
vn -0.7518 -0.3404 0.5647
vn -0.3641 0.0919 -0.9268
vn -0.2605 0.9645 0.0431
vn -0.7727 0.6080 -0.1823
vn -0.3596 0.8579 0.3670
vn -0.8706 0.4056 0.2783
vn -0.0490 -0.8800 0.4724
vn -0.0331 -0.3877 0.9212
vn -0.7059 -0.6780 0.2050
vn -0.3469 -0.9302 0.1196
vn 0.3381 0.5233 0.7822
vn 0.3705 0.5648 0.7374
vn -0.6859 0.6928 -0.2227
vn -0.9016 0.3002 -0.3113
vn -0.8095 -0.5463 -0.2150
vn -0.5143 -0.8423 -0.1613
vn 0.1447 -0.9705 -0.1929
vn 0.1607 0.8321 0.5308
vn 0.4375 -0.7529 0.4917
vn -0.1058 0.9797 -0.1702
vn -0.2100 -0.1729 -0.9623
vn -0.1935 -0.1948 -0.9616
vn -0.1099 -0.8006 -0.5891
vn 0.2786 -0.1176 0.9532
vn 0.1813 -0.7683 0.6139
vn 0.2154 -0.3002 0.9292
vn -0.6676 -0.6755 -0.3130
vn -0.7884 -0.2627 -0.5562
vn -0.7582 -0.5830 -0.2919
vn -0.3432 -0.9392 -0.0104
vn -0.4174 -0.8882 -0.1921
vn 0.0339 -0.9934 0.1091
vn -0.0166 -0.7972 -0.6035
vn 0.0934 -0.8404 0.5339
vn 0.2314 -0.8300 0.5075
vn -0.2656 -0.9476 0.1775
vn 0.2597 -0.8032 0.5362
vn -0.1503 0.3308 -0.9316
vn 0.2204 0.3080 0.9255
vn 0.4414 -0.0120 0.8972
vn 0.0222 0.5857 0.8102
vn -0.1380 -0.1074 0.9846
vn 0.4709 -0.0567 0.8804
vn 0.4626 0.3799 0.8011
vn -0.4934 0.6080 -0.6219
vn -0.4746 0.6015 -0.6426
vn -0.5828 0.3701 -0.7235
vn 0.1530 0.7336 0.6621
vn -0.8457 0.2820 -0.4531
vn -0.9891 -0.0841 -0.1207
vn 0.0472 0.6176 0.7851
vn -0.3322 0.8475 0.4140
vn 0.3635 0.7200 0.5912
vn -0.1993 0.8402 -0.5043
vn 0.1148 -0.9922 -0.0477
vn -0.2862 -0.9566 -0.0541
vn -0.2807 -0.8581 -0.4300
vn -0.8344 0.1016 -0.5418
vn -0.7194 -0.0951 -0.6881
vn -0.7700 -0.5609 0.3041
vn 0.1842 0.9778 -0.0996
vn 0.1085 0.9328 -0.3437
vn -0.2205 0.9307 -0.2920
vn -0.5587 0.8181 0.1366
vn -0.6369 0.7701 -0.0344
vn -0.7965 -0.5969 0.0964
vn -0.4514 -0.8704 0.1966
vn -0.5569 -0.8207 0.1273
vn -0.2642 0.8007 0.5377
vn -0.0299 -0.9982 0.0526
vn -0.5744 0.7785 -0.2529
vn -0.7325 0.6806 -0.0175
vn 0.0402 -0.9525 0.3017
vn 0.3838 -0.8564 0.3453
vn -0.7456 0.6152 -0.2564
vn -0.6773 -0.6976 0.2336
vn 0.2931 -0.5151 0.8055
vn -0.2361 -0.8735 0.4259
vn 0.3586 0.9001 0.2473
vn -0.0127 0.9981 -0.0611
vn -0.6953 -0.4149 -0.5870
vn -0.5227 0.7744 -0.3564
vn 0.5145 0.2450 0.8218
vn -0.7423 -0.6663 0.0709
vn 0.0950 -0.9946 0.0426
vn 0.0612 -0.4641 0.8837
vn 0.7709 -0.2467 0.5872
vn 0.0919 -0.9958 -0.0033
vn 0.7563 -0.6524 -0.0496
vn 0.4005 -0.7329 0.5500
vn -0.4945 0.8604 -0.1234
vn -0.1177 0.8144 -0.5682
vn -0.3057 0.9508 0.0503
vn -0.4275 0.8113 -0.3988
vn 0.6288 -0.6168 -0.4734
vn 0.5534 -0.6742 -0.4890
vn 0.6522 -0.3478 -0.6736
vn 0.3988 0.0688 0.9145
vn 0.1605 0.6443 0.7477
vn 0.1680 0.2328 0.9579
vn -0.2482 0.3794 -0.8913
vn -0.2986 0.6545 -0.6945
vn -0.2540 0.6931 -0.6746
vn -0.0846 0.2146 -0.9730
vn 0.3054 -0.7545 0.5810
vn 0.3882 -0.4473 0.8058
vn 0.4009 -0.8162 0.4160
vn 0.6663 0.0415 -0.7445
vn 0.5840 -0.0066 -0.8118
vn 0.3045 0.5172 -0.7999
vn 0.7730 0.1559 0.6150
vn 0.7847 0.5610 0.2635
vn 0.0325 -0.0139 -0.9994
vn 0.0856 -0.2957 -0.9514
vn 0.3030 0.4905 -0.8170
vn -0.1899 0.8695 -0.4560
vn -0.2353 0.9718 -0.0144
vn -0.2912 0.9467 0.1381
vn -0.2889 0.8516 -0.4375
vn -0.1056 0.7885 0.6058
vn -0.4573 -0.7842 0.4193
vn -0.6832 -0.6430 0.3461
vn -0.5667 -0.7915 0.2287
vn -0.0676 0.8761 0.4773
vn 0.0363 0.5765 0.8163
vn -0.5718 0.7773 -0.2625
vn -0.4669 0.8320 0.2997
vn 0.2838 -0.3420 0.8958
vn 0.2043 -0.9474 0.2462
vn -0.6292 0.7699 -0.1065
vn 0.0292 0.9853 0.1681
vn -0.5577 0.8296 -0.0274
vn -0.1816 0.9832 -0.0201
vn 0.4071 -0.8083 0.4252
vn 0.4927 -0.6913 0.5286
vn 0.3730 -0.5637 0.7369
vn 0.3135 0.9495 0.0145
vn -0.2798 -0.9234 0.2629
vn 0.0110 -0.9998 -0.0168
vn -0.4529 -0.8832 0.1217
vn -0.5735 -0.7284 0.3748
vn 0.0080 -0.8265 0.5628
vn 0.3146 0.9356 0.1605
vn -0.2304 -0.8483 0.4768
vn -0.3928 0.7966 -0.4595
vn -0.2074 0.1657 -0.9641
vn -0.0521 0.5447 -0.8370
vn 0.2681 -0.7585 0.5939
vn 0.4832 -0.6975 0.5291
vn 0.5706 -0.7513 -0.3315
vn 0.2507 -0.9467 -0.2022
vn 0.2818 -0.9470 -0.1543
vn -0.3520 0.2529 -0.9012
vn -0.4269 0.6055 -0.6716
vn -0.2958 0.5948 -0.7475
vn 0.4112 0.5264 -0.7442
vn 0.0803 0.6528 -0.7533
vn 0.1951 -0.7563 -0.6244
vn -0.0095 0.8664 0.4993
vn 0.1547 0.5294 0.8341
vn -0.0483 0.8739 0.4838
vn -0.5476 0.7709 -0.3253
vn -0.1207 -0.3479 -0.9297
vn -0.2572 -0.3356 -0.9062
vn -0.2561 0.2039 -0.9449
vn 0.2800 -0.1731 0.9443
vn 0.1815 0.2779 0.9433
vn -0.2013 0.7930 -0.5750
vn 0.3224 -0.2588 -0.9105
vn -0.2016 -0.9778 0.0566
vn -0.3014 0.8760 -0.3766
vn 0.1733 0.6635 -0.7279
vn -0.0693 -0.4490 0.8908
vn 0.1609 0.5526 -0.8178
vn 0.1970 0.8736 -0.4449
vn -0.1765 -0.9421 0.2851
vn -0.1534 -0.9611 -0.2298
vn -0.3214 -0.1611 0.9332
vn -0.3465 -0.6189 0.7049
vn -0.3552 -0.7929 0.4952
vn -0.4099 -0.4157 0.8119
vn -0.0796 -0.7961 -0.5999
vn 0.1823 -0.6301 -0.7548
vn 0.2500 -0.2633 -0.9318
vn 0.2885 0.2484 -0.9247
vn -0.3305 0.2828 0.9004
vn 0.2404 0.3525 0.9044
vn 0.7315 -0.3490 0.5858
vn 0.5567 0.6827 0.4734
vn -0.1928 0.7178 0.6690
vn 0.0908 0.9743 -0.2063
vn 0.9028 0.3201 -0.2872
vn 0.8005 0.5526 -0.2321
vn 0.5284 0.8290 -0.1832
vn -0.0902 -0.4268 0.8999
vn 0.0155 -0.8894 0.4569
vn 0.7938 0.5912 -0.1431
vn 0.3228 0.9458 0.0350
vn 0.0459 0.9434 0.3286
vn 0.8635 0.4216 0.2769
vn 0.3035 -0.9361 0.1779
vn 0.4677 -0.8727 -0.1404
vn 0.7992 -0.5348 -0.2741
vn 0.8660 -0.4649 0.1843
vn 0.3590 0.5645 -0.7432
vn -0.1497 0.6113 0.7771
vn 0.9674 -0.1147 -0.2258
vn -0.3400 -0.6826 0.6468
vn 0.1854 -0.6855 0.7041
vn -0.2004 -0.4627 0.8636
vn -0.1723 -0.1836 0.9678
vn -0.2238 -0.7125 0.6650
vn -0.2464 -0.4065 0.8798
vn -0.4318 0.0821 0.8982
vn 0.2128 0.4714 0.8558
vn -0.2627 0.6360 0.7256
vn 0.2342 -0.9488 -0.2121
vn 0.5647 -0.7436 -0.3580
vn 0.2194 -0.9623 -0.1608
vn 0.5704 -0.6902 -0.4453
vn 0.1084 -0.7894 -0.6043
vn -0.0190 -0.9957 -0.0901
vn -0.0280 -0.9781 -0.2065
vn -0.1139 -0.9933 0.0220
vn -0.1157 -0.9087 0.4012
vn -0.5378 -0.2614 0.8015
vn -0.6742 -0.0467 0.7371
vn -0.4903 -0.4981 0.7152
vn -0.5217 -0.6858 0.5074
vn -0.4138 -0.7038 0.5775
vn -0.4720 0.1180 0.8736
vn -0.1937 0.3757 0.9063
vn -0.0553 0.8928 0.4470
vn -0.2884 0.6075 0.7401
vn -0.3566 0.8189 0.4497
vn -0.1112 0.9928 -0.0435
vn -0.4896 0.8113 0.3195
vn -0.1673 0.9572 0.2360
vn -0.0579 0.6365 0.7691
vn 0.1459 0.7859 0.6009
vn 0.4079 0.8212 0.3991
vn 0.3504 -0.9155 0.1979
vn 0.7478 -0.6476 0.1466
vn 0.7796 -0.6035 0.1671
vn 0.4970 -0.7967 0.3438
vn 0.7846 0.0719 0.6159
vn 0.2820 -0.9562 0.0784
vn -0.0844 -0.9153 0.3938
vn 0.6655 -0.4663 -0.5828
vn 0.6228 -0.5281 -0.5772
vn 0.7841 0.6091 -0.1188
vn 0.7740 0.6069 -0.1805
vn 0.5409 0.7691 -0.3406
vn 0.6147 0.7521 -0.2377
vn 0.3010 0.8979 -0.3211
vn -0.2649 -0.9212 0.2850
vn -0.3941 -0.8214 0.4123
vn -0.1641 -0.9696 0.1815
vn -0.4978 0.6276 0.5986
vn 0.0204 -0.0009 0.9998
vn 0.6837 -0.7247 0.0859
vn 0.3494 -0.9291 -0.1208
vn 0.1233 -0.9869 0.1044
vn 0.4144 0.7121 -0.5667
vn 0.5015 0.5598 -0.6596
vn 0.6097 0.4714 -0.6372
vn -0.1824 -0.3912 0.9020
vn -0.0108 0.1281 0.9917
vn -0.7176 0.0369 0.6954
vn -0.6891 -0.2731 0.6712
vn -0.6011 0.4657 0.6495
vn -0.1803 0.0206 0.9834
vn -0.0957 0.0454 0.9944
vn 0.0802 0.5224 0.8489
vn 0.1919 0.4193 -0.8873
vn 0.2442 0.6315 -0.7359
vn 0.1496 0.3919 -0.9078
vn 0.0079 -0.8590 -0.5120
vn 0.0549 -0.6975 -0.7145
vn 0.3002 -0.2847 -0.9104
vn 0.1374 0.8077 0.5733
vn 0.1758 0.8533 0.4909
vn 0.0373 0.6188 0.7846
vn -0.2102 0.7550 0.6211
vn -0.1778 0.7267 0.6635
vn -0.4199 0.3379 0.8423
vn 0.1121 0.9901 0.0842
vn -0.0352 0.7599 0.6491
vn -0.3905 0.4998 -0.7731
vn -0.1034 0.9625 -0.2507
vn 0.2344 0.6044 -0.7614
vn 0.5065 -0.8383 0.2019
vn 0.0530 -0.9632 0.2635
vn 0.0313 -0.9994 -0.0112
vn 0.6303 0.7743 0.0561
vn 0.7699 0.6361 0.0521
vn 0.8373 0.5445 -0.0483
vn -0.6291 0.7084 0.3200
vn 0.1683 0.9741 0.1513
vn -0.1628 0.9805 0.1102
vn -0.4710 0.8410 0.2662
vn 0.0427 0.5464 -0.8364
vn 0.3553 0.3929 -0.8482
vn -0.1980 0.3436 -0.9180
vn 0.1791 0.9832 -0.0361
vn -0.3247 -0.9454 0.0267
vn -0.5151 -0.7389 0.4345
vn -0.4739 -0.6495 0.5946
vn -0.6558 -0.1291 -0.7438
vn -0.6766 -0.3878 -0.6259
vn -0.6496 -0.5565 -0.5180
vn -0.2371 0.6792 0.6946
vn 0.5618 -0.7696 0.3035
vn 0.2379 -0.8636 0.4445
vn 0.1665 -0.9044 0.3930
vn -0.4170 -0.8910 -0.1794
vn -0.3443 -0.7222 -0.5999
vn -0.5497 -0.5949 -0.5865
vn 0.3024 0.7372 -0.6043
vn -0.5136 0.6321 0.5803
vn 0.6191 0.7737 -0.1346
vn 0.7607 0.6106 -0.2200
vn -0.1956 -0.7533 -0.6280
vn -0.0711 -0.9970 -0.0318
vn -0.6745 -0.7382 -0.0067
vn -0.3683 0.8220 0.4343
vn -0.0754 -0.9945 0.0733
vn -0.4858 -0.8204 -0.3014
vn -0.4988 -0.8330 -0.2392
vn 0.5489 -0.8033 0.2312
vn 0.1057 0.0429 -0.9935
vn -0.3508 -0.2637 -0.8985
vn 0.7064 0.7037 -0.0767
vn 0.5827 0.8035 0.1221
vn 0.2812 0.9590 0.0361
vn 0.3421 0.9170 0.2049
vn 0.3389 0.8858 -0.3169
vn 0.1014 -0.9115 0.3987
vn 0.6181 -0.7799 0.0983
vn 0.3173 -0.9073 0.2760
vn 0.4620 -0.8401 0.2841
vn 0.7115 -0.6376 0.2954
vn 0.2515 0.8027 -0.5408
vn -0.2225 0.5332 -0.8162
vn -0.3835 -0.7671 0.5142
vn -0.4100 -0.7533 0.5141
vn -0.0445 -0.9192 0.3912
vn -0.0203 0.0106 -0.9997
vn 0.0059 -0.1599 -0.9871
vn -0.3436 -0.7076 0.6175
vn -0.7218 -0.3856 -0.5747
vn -0.5156 0.1479 -0.8440
vn -0.4796 0.2715 0.8344
vn 0.1528 -0.2136 -0.9649
vn 0.3804 0.1822 -0.9067
vn -0.3892 -0.6686 0.6336
vn -0.4080 -0.8711 0.2733
vn -0.2194 -0.7086 0.6707
vn -0.0246 0.9352 -0.3531
vn -0.1055 0.9691 0.2228
vn 0.0594 0.9969 0.0517
vn -0.0069 -0.7321 0.6812
vn 0.0233 -0.9959 0.0871
vn 0.1651 -0.7870 0.5945
vn -0.0338 0.6922 -0.7210
vn -0.6132 0.7807 0.1204
vn -0.2994 0.8740 -0.3829
vn 0.5489 -0.0748 0.8325
vn 0.3377 0.7176 0.6091
vn 0.5252 0.8027 0.2824
vn 0.0833 -0.9965 0.0001
vn -0.2253 -0.6024 0.7657
vn 0.3460 0.0162 0.9381
vn -0.2086 0.2404 -0.9480
vn 0.1273 -0.0092 -0.9918
vn -0.0138 -0.4810 -0.8766
vn -0.0939 -0.2245 0.9699
vn -0.0569 -0.0347 0.9978
vn 0.0951 -0.6976 0.7101
vn -0.2329 0.3042 0.9237
vn -0.1644 -0.9413 -0.2949
vn 0.0365 -0.6476 -0.7611
vn -0.3954 0.9077 0.1408
vn 0.1606 0.9229 -0.3499
vn 0.0289 0.9989 -0.0361
vn -0.1569 0.9773 0.1423
vn 0.1547 0.3485 0.9244
vn 0.0957 -0.2801 0.9552
vn 0.3230 0.2693 0.9073
vn -0.1909 0.2920 -0.9372
vn 0.1925 0.6643 -0.7222
vn 0.0874 0.2931 -0.9521
vn -0.0239 0.6228 -0.7820
vn 0.9636 -0.1416 0.2266
vn 0.0164 0.4725 -0.8812
vn -0.5548 0.0417 -0.8309
vn 0.6969 0.7152 -0.0540
vn 0.1523 -0.7432 0.6515
vn -0.7770 -0.6272 0.0536
vn -0.7282 -0.4573 0.5105
vn -0.8798 -0.2784 -0.3853
vn -0.5747 -0.7445 -0.3398
vn 0.3091 -0.9489 0.0631
vn 0.2562 -0.8802 -0.3995
vn -0.0874 0.7199 0.6885
vn 0.2235 0.7346 0.6406
vn -0.2476 0.3864 -0.8885
vn 0.0101 -0.2441 -0.9697
vn -0.0518 0.6433 -0.7638
vn 0.2490 -0.3830 0.8896
vn 0.7640 -0.6077 0.2168
vn 0.3987 -0.9143 0.0709
vn 0.7237 -0.6823 -0.1029
vn -0.1859 -0.1836 0.9653
vn 0.0486 -0.7643 0.6430
vn 0.9732 0.2242 0.0502
vn 0.8069 0.5887 -0.0484
vn 0.8446 0.4932 -0.2083
vn -0.2491 0.8589 0.4475
vn 0.9833 -0.1194 0.1375
vn -0.4217 0.4565 0.7834
vn -0.3864 -0.6818 -0.6212
vn -0.5673 -0.8216 0.0553
vn -0.4595 -0.8562 -0.2362
vn -0.5053 -0.0716 0.8599
vn -0.1804 -0.2409 0.9536
vn -0.3197 -0.6158 0.7202
vn -0.8274 -0.4975 -0.2604
vn 0.0640 0.9632 -0.2611
vn 0.1307 0.9308 -0.3412
vn 0.0336 0.9279 0.3714
vn -0.0265 -0.6082 0.7933
vn -0.1769 -0.8150 0.5518
vn -0.0231 -0.9630 0.2683
vn 0.1136 0.5725 -0.8120
vn 0.2495 0.7463 -0.6171
vn 0.3803 0.8028 -0.4593
vn 0.7457 -0.2287 -0.6258
vn 0.7774 -0.2036 -0.5951
vn -0.5193 -0.8454 -0.1250
vn -0.4045 0.3072 0.8614
vn -0.4308 0.5260 0.7333
vn -0.6281 -0.3396 0.7001
vn 0.1073 -0.0790 0.9911
vn -0.2940 -0.3553 0.8873
vn -0.7972 -0.1830 0.5753
vn -0.6530 -0.0114 0.7572
vn 0.5112 0.8438 0.1635
vn 0.2570 0.6626 0.7035
vn -0.6264 -0.6526 -0.4262
vn -0.0068 -0.9387 -0.3446
vn 0.2177 -0.9542 -0.2052
vn 0.2590 -0.5472 -0.7959
vn -0.1028 -0.0047 -0.9947
vn 0.2745 0.6142 -0.7398
vn -0.0411 -0.0220 -0.9989
vn -0.2883 -0.8961 0.3375
vn -0.4209 -0.4331 0.7970
vn -0.0195 -0.7268 0.6865
vn 0.2373 0.5931 -0.7694
vn 0.0520 0.6826 -0.7289
vn -0.0458 -0.1596 -0.9861
vn -0.0603 0.4374 0.8972
vn -0.3168 0.2779 0.9068
vn -0.1120 0.7693 -0.6290
vn -0.5505 0.5039 -0.6656
vn -0.5848 -0.0104 0.8111
vn -0.2680 0.7102 0.6510
vn -0.3713 -0.6055 -0.7039
vn -0.5148 -0.6270 0.5846
vn -0.1490 -0.0655 0.9867
vn -0.1470 -0.6477 0.7476
vn -0.0997 0.9769 0.1890
vn 0.0376 0.9904 -0.1328
vn 0.3684 0.8037 -0.4672
vn 0.0113 0.6625 -0.7490
vn -0.4913 0.7960 0.3537
vn -0.1692 0.9411 0.2927
vn 0.4698 0.3855 0.7941
vn 0.0689 0.0541 0.9961
vn 0.1712 0.1333 0.9762
vn 0.1048 0.7040 -0.7024
vn 0.3128 0.8618 -0.3993
vn 0.2839 0.8981 -0.3358
vn 0.2585 0.5837 0.7697
vn 0.2035 -0.1146 0.9723
vn 0.2952 -0.2162 0.9307
vn 0.0805 -0.8745 -0.4782
vn -0.4446 -0.8940 -0.0561
vn -0.0683 -0.9976 -0.0103
vn -0.4537 -0.8874 0.0816
vn 0.0177 -0.9967 -0.0794
vn -0.0835 0.9923 0.0919
vn 0.2288 0.9333 0.2768
vn -0.3947 0.8197 0.4150
vn -0.2411 0.3868 0.8901
vn 0.5270 0.5601 -0.6392
vn 0.8658 0.0815 -0.4936
vn -0.0934 0.9767 -0.1932
vn -0.2363 -0.9093 0.3426
vn -0.4555 0.8130 -0.3627
vn -0.0141 0.8068 -0.5907
vn -0.2244 0.7673 -0.6007
vn -0.0662 0.3842 -0.9209
vn -0.4378 0.8966 0.0668
vn -0.4377 0.7240 -0.5332
vn -0.4369 0.8140 -0.3827
vn -0.4593 0.8777 -0.1367
vn 0.0117 0.8368 -0.5473
vn 0.3799 0.5672 -0.7308
vn 0.0180 0.9788 -0.2040
vn -0.2915 -0.6849 0.6678
vn 0.3737 -0.5845 0.7203
vn 0.1036 -0.7763 -0.6218
vn -0.6782 0.6569 -0.3295
vn -0.1862 0.8970 -0.4009
vn 0.0645 -0.9899 0.1260
vn -0.2556 -0.9241 0.2839
vn 0.0623 -0.9487 0.3100
vn 0.2667 -0.7448 0.6117
vn 0.1076 0.2035 0.9732
vn 0.2424 -0.9478 -0.2072
vn -0.0028 0.9987 0.0519
vn 0.6033 -0.2040 0.7710
vn -0.1094 -0.9181 0.3811
vn -0.2599 -0.1855 0.9476
vn 0.3384 -0.4243 0.8399
vn 0.1187 -0.8231 0.5554
vn 0.6597 -0.2169 0.7195
vn -0.1654 0.9651 0.2031
vn -0.5255 0.7546 0.3931
vn -0.3669 0.8326 0.4149
vn -0.0237 0.8284 -0.5596
vn 0.4997 0.8009 -0.3298
vn 0.3172 0.9086 -0.2716
vn 0.6475 0.7174 -0.2571
vn 0.4779 0.8738 -0.0895
vn 0.2099 0.7866 -0.5807
vn -0.2017 -0.8591 0.4704
vn 0.0163 -0.9821 0.1879
vn 0.5897 -0.7997 0.1133
vn 0.3242 -0.8809 0.3450
vn 0.1248 -0.9311 0.3428
vn 0.2180 0.1966 -0.9559
vn 0.0113 -0.8096 0.5869
vn -0.2513 -0.7476 0.6148
vn 0.2519 -0.2796 -0.9265
vn 0.5863 -0.6538 -0.4783
vn 0.0326 -0.9599 -0.2785
vn 0.3271 -0.9383 0.1126
vn 0.0569 -0.9983 0.0093
vn -0.4859 -0.5422 0.6855
vn -0.4704 -0.5663 0.6768
vn 0.1839 0.6316 -0.7532
vn 0.2597 0.8312 -0.4916
vn 0.2299 -0.9504 0.2093
vn 0.5847 -0.6311 0.5098
vn -0.2510 -0.9284 0.2741
vn 0.1436 0.9477 -0.2850
vn -0.2824 0.8695 -0.4052
vn -0.5326 0.4498 -0.7169
vn 0.1305 0.9665 -0.2212
vn -0.0279 -0.0006 -0.9996
vn -0.3167 0.5609 -0.7649
vn -0.4817 -0.8556 -0.1897
vn -0.1315 0.9183 -0.3733
vn 0.0005 0.9993 0.0375
vn -0.0564 -0.0151 -0.9983
vn -0.2238 -0.4509 -0.8641
vn 0.2696 0.8137 0.5150
vn -0.4411 -0.8973 0.0159
vn -0.0374 -0.6915 -0.7214
vn -0.6899 -0.0225 -0.7236
vn -0.5660 0.4206 -0.7090
vn -0.2216 0.9022 -0.3701
vn -0.2662 0.8181 -0.5098
vn -0.5853 -0.4412 -0.6803
vn -0.3695 -0.8648 -0.3401
vn -0.7836 -0.4827 -0.3912
vn 0.5344 -0.3309 0.7777
vn -0.3206 -0.8225 -0.4698
vn -0.5433 -0.4899 -0.6818
vn -0.5213 -0.7354 -0.4330
vn 0.7160 -0.2434 0.6543
vn 0.6713 0.5152 0.5329
vn 0.3266 0.2313 0.9164
vn 0.4630 0.3278 0.8235
vn -0.5314 0.5064 -0.6791
vn 0.4707 -0.6300 0.6178
vn -0.6558 0.0250 -0.7546
vn -0.5078 0.6268 -0.5910
vn -0.3127 0.0548 -0.9483
vn 0.4587 0.0405 0.8877
vn 0.1925 0.9425 0.2733
vn -0.0918 -0.9869 0.1323
vn -0.0458 -0.9962 0.0745
vn -0.3484 -0.9250 -0.1519
vn 0.3998 -0.8918 0.2119
vn 0.2470 0.9662 0.0734
vn 0.2070 0.9036 0.3751
vn 0.6341 -0.7503 0.1871
vn 0.2574 0.9540 0.1537
vn -0.2525 0.9516 -0.1753
vn 0.2436 -0.9375 0.2483
vn 0.6147 -0.5774 0.5374
vn -0.0052 -0.9931 0.1170
vn 0.3011 -0.8205 0.4858
vn 0.2759 0.7084 0.6496
vn -0.3650 0.7474 -0.5552
vn -0.7317 0.5891 -0.3429
vn -0.0040 0.9623 -0.2719
vn -0.4105 -0.4551 -0.7902
vn 0.2915 -0.6758 -0.6770
vn -0.0363 -0.3317 -0.9427
vn -0.2005 -0.8917 0.4058
vn -0.5214 -0.5367 0.6634
vn 0.4099 -0.0182 0.9119
vn 0.3756 0.5186 0.7681
vn 0.4379 0.5969 -0.6723
vn 0.0478 0.9714 -0.2326
vn 0.3578 0.8130 -0.4594
vn 0.3447 -0.5430 0.7657
vn 0.3790 -0.6352 0.6730
vn 0.1560 -0.9243 0.3482
vn -0.6332 -0.6551 0.4121
vn 0.2071 0.8628 0.4613
vn 0.1892 0.8519 0.4882
vn -0.3480 0.8154 0.4627
vn -0.1947 -0.6203 -0.7598
vn -0.4192 -0.4052 -0.8125
vn -0.8407 -0.4334 -0.3247
vn -0.1191 -0.9648 -0.2345
vn -0.1024 -0.7023 -0.7045
vn 0.2122 -0.8567 -0.4702
vn 0.4363 -0.8997 0.0120
vn -0.1332 -0.8530 -0.5046
vn -0.8698 0.4842 0.0944
vn -0.6324 0.7633 0.1320
vn -0.4960 0.8620 0.1044
vn -0.3465 0.1442 -0.9269
vn -0.5519 0.2632 -0.7913
vn -0.5242 0.7134 -0.4651
vn -0.2484 0.5363 -0.8067
vn -0.2040 0.9746 -0.0920
vn -0.0629 -0.6716 0.7382
vn 0.3524 -0.3703 0.8595
vn 0.0329 0.0540 0.9980
vn 0.0936 -0.9912 -0.0940
vn 0.2624 -0.9035 0.3389
vn -0.0367 -0.9652 0.2590
vn 0.2563 -0.8410 0.4765
vn 0.1124 -0.7337 0.6701
vn 0.2938 -0.8600 0.4172
vn 0.2361 -0.6134 0.7537
vn 0.3439 -0.9274 0.1469
vn -0.9715 0.2331 -0.0429
vn -0.3998 0.8931 0.2061
vn 0.1862 0.8895 0.4173
vn 0.3637 0.8781 0.3108
vn -0.0998 0.9838 0.1489
vn 0.5637 -0.8260 -0.0016
vn 0.5785 -0.7402 0.3427
vn 0.6727 -0.3307 0.6619
vn -0.0191 -0.9746 -0.2233
vn -0.7924 -0.6051 0.0769
vn 0.6002 -0.4033 -0.6907
vn 0.6967 -0.4437 -0.5637
vn 0.1602 -0.1931 -0.9680
vn 0.5756 -0.5880 -0.5683
vn 0.4203 -0.1126 -0.9004
vn 0.1847 -0.6693 -0.7197
vn 0.1431 -0.2906 0.9461
vn -0.1398 -0.2645 0.9542
vn 0.1988 0.8870 0.4167
vn -0.1359 0.7162 0.6846
vn 0.3766 0.3317 0.8650
vn 0.3004 0.9237 -0.2378
vn -0.3956 0.8780 0.2695
vn -0.2928 0.9538 0.0669
vn -0.2017 0.9594 0.1972
vn -0.2571 0.8712 -0.4182
vn 0.1318 -0.9522 0.2755
vn 0.0575 -0.9980 -0.0245
vn 0.4195 0.8709 -0.2561
vn 0.4034 0.3390 0.8499
vn 0.1401 0.7623 0.6318
vn 0.1009 0.6172 0.7803
vn -0.1161 -0.8800 0.4606
vn 0.1188 0.7512 0.6492
vn 0.5877 0.1257 0.7993
vn 0.5068 0.1699 0.8451
vn -0.1501 -0.4549 -0.8778
vn 0.2606 -0.8540 -0.4504
vn 0.0799 0.4791 -0.8741
vn -0.5345 -0.1341 -0.8344
vn 0.6629 0.5456 -0.5127
vn -0.2688 0.9623 0.0405
vn -0.2431 0.9481 -0.2048
vn -0.2079 0.7917 -0.5745
vn 0.7270 0.6602 -0.1887
vn 0.7586 0.5527 -0.3450
vn 0.4707 0.8378 -0.2767
vn 0.8379 -0.5164 0.1767
vn 0.7986 -0.5696 -0.1943
vn 0.9051 0.0257 -0.4245
vn 0.8328 -0.3149 -0.4553
vn -0.0917 0.7631 0.6397
vn 0.9619 0.0755 -0.2628
vn 0.3313 0.7253 -0.6034
vn 0.3609 -0.9215 -0.1432
vn -0.0559 -0.9881 0.1433
vn 0.2551 -0.9491 -0.1849
vn 0.5040 -0.4158 -0.7570
vn 0.5710 -0.5653 -0.5953
vn -0.7462 -0.5284 0.4050
vn -0.6461 -0.3468 0.6799
vn -0.4534 -0.5376 0.7110
vn -0.4233 -0.7468 0.5128
vn -0.5037 -0.2732 0.8195
vn -0.3614 0.0932 0.9277
vn -0.7066 0.3686 0.6041
vn 0.2212 0.8644 -0.4515
vn 0.8226 0.3853 -0.4183
vn 0.6068 0.2245 -0.7625
vn 0.5616 0.1953 -0.8041
vn 0.0447 0.9989 -0.0103
vn -0.5411 0.8303 0.1330
vn -0.2941 0.9147 0.2771
vn -0.4266 0.8914 0.1528
vn -0.0791 -0.9879 -0.1336
vn 0.0529 -0.8422 -0.5365
vn -0.2771 0.8071 0.5213
vn -0.3559 0.5793 0.7333
vn 0.5035 0.8211 -0.2689
vn -0.0493 -0.9965 0.0677
vn 0.3553 -0.8035 -0.4776
vn -0.6921 0.5864 0.4209
vn -0.5046 -0.7890 -0.3504
vn 0.1223 0.9744 0.1887
vn -0.2677 0.8863 0.3778
vn -0.3040 0.8856 0.3511
vn -0.1895 0.8821 -0.4313
vn -0.4144 0.7644 -0.4939
vn 0.1130 0.9779 -0.1760
vn -0.2805 0.7545 0.5934
vn 0.0643 0.7175 0.6936
vn 0.2060 0.9398 0.2727
vn 0.6069 -0.6979 -0.3803
vn 0.7160 -0.4228 -0.5556
vn 0.2286 -0.8237 -0.5189
vn -0.2640 -0.9322 0.2475
vn -0.2325 -0.9657 0.1160
vn 0.0922 -0.8089 -0.5807
vn 0.3665 -0.4109 -0.8348
vn 0.1974 -0.8217 -0.5347
vn 0.3228 -0.4430 -0.8364
vn -0.2509 -0.6099 -0.7517
vn -0.0153 0.8752 0.4835
vn 0.1145 0.7438 0.6585
vn -0.5710 0.6791 0.4613
vn -0.4533 -0.8823 0.1267
vn -0.2262 -0.7386 0.6350
vn -0.2110 -0.6832 0.6990
vn 0.0855 -0.0944 0.9919
vn 0.0633 0.5296 0.8459
vn -0.4482 0.1931 0.8728
vn -0.3882 -0.2837 0.8768
vn 0.0897 -0.5929 -0.8003
vn 0.0563 -0.2921 -0.9547
vn -0.6130 0.0568 0.7880
vn -0.4743 -0.6773 0.5624
vn -0.5569 -0.5383 0.6325
vn -0.5045 0.6101 0.6110
vn -0.3492 0.6670 0.6581
vn 0.2898 0.8429 0.4533
vn -0.1148 0.8964 0.4281
vn 0.2943 0.1751 -0.9395
vn -0.0930 0.1314 -0.9870
vn 0.2273 0.7148 -0.6614
vn -0.0078 -0.7622 -0.6473
vn -0.0508 -0.7016 -0.7108
vn 0.2867 -0.4481 -0.8468
vn -0.2878 -0.9174 -0.2748
vn -0.2834 -0.8848 -0.3698
vn -0.2256 -0.4985 0.8370
vn 0.0775 -0.7024 0.7076
vn -0.2335 -0.8466 0.4783
vn -0.1779 -0.9492 0.2597
vn 0.8775 0.4784 -0.0335
vn 0.8408 0.5409 0.0237
vn 0.3622 0.9001 0.2423
vn -0.3739 0.3442 0.8612
vn -0.0815 -0.9966 0.0128
vn 0.1535 -0.9374 0.3125
vn 0.2270 0.8444 -0.4852
vn 0.2108 0.9705 -0.1172
vn -0.0723 0.9697 -0.2333
vn 0.2784 -0.2721 -0.9211
vn 0.4900 -0.1352 -0.8612
vn 0.0704 0.0020 0.9975
vn -0.0208 0.4053 0.9139
vn -0.1037 -0.2682 0.9578
vn -0.4960 -0.8381 0.2268
vn -0.4923 -0.7596 -0.4250
vn -0.2130 -0.8610 -0.4618
vn -0.3846 -0.3207 -0.8656
vn -0.2548 -0.8991 -0.3561
vn 0.0909 -0.8223 -0.5617
vn -0.1350 0.3180 -0.9384
vn -0.4809 0.2278 -0.8467
vn 0.8274 0.5174 0.2184
vn 0.4820 0.8750 -0.0440
vn 0.3254 0.9445 0.0438
vn 0.1062 -0.8638 0.4925
vn 0.2527 -0.8267 0.5027
vn 0.0105 0.9775 -0.2106
vn 0.6156 0.7706 0.1651
vn 0.9632 -0.1431 0.2274
vn 0.4875 -0.8473 0.2109
vn 0.5932 -0.6855 0.4222
vn 0.3212 0.9465 0.0320
vn 0.1058 0.7956 -0.5966
vn 0.2001 0.8816 -0.4274
vn -0.6339 0.3704 -0.6789
vn -0.7758 -0.5843 -0.2381
vn -0.5358 0.5007 -0.6799
vn 0.2507 0.6445 -0.7223
vn -0.6055 -0.1124 0.7878
vn -0.7024 -0.1539 0.6950
vn 0.7458 0.6642 0.0516
vn -0.3082 -0.8490 0.4292
vn -0.3368 0.8309 -0.4429
vn -0.6264 0.7717 -0.1103
vn -0.7782 -0.5759 -0.2506
vn -0.6016 -0.7870 0.1371
vn -0.4711 -0.8101 0.3490
vn -0.6742 0.0314 -0.7379
vn -0.6654 0.5255 -0.5302
vn -0.8062 -0.4379 0.3978
vn -0.7721 0.4703 0.4274
vn -0.7377 -0.4096 -0.5367
vn -0.5826 0.8071 0.0957
vn -0.6682 0.6950 -0.2655
vn -0.7757 0.0175 0.6309
vn 0.6707 0.1550 -0.7253
vn 0.6316 -0.4474 -0.6332
vn 0.8766 -0.3107 -0.3676
vn -0.0645 -0.1933 0.9790
vn 0.9439 0.2326 0.2343
vn 0.8481 0.5245 0.0750
vn -0.7915 -0.5592 0.2465
vn -0.8181 -0.5615 0.1242
vn -0.9956 -0.0849 0.0402
vn 0.3437 -0.4996 0.7952
vn 0.6064 0.0840 0.7907
vn 0.6103 0.6670 0.4274
vn 0.6971 0.3372 0.6328
vn 0.8120 0.3729 0.4490
vn -0.5056 -0.8579 0.0912
vn -0.8151 -0.5537 0.1705
vn -0.5640 -0.7951 0.2229
vn -0.7708 0.1609 0.6164
vn 0.8511 -0.3172 0.4184
vn -0.1858 -0.9764 0.1098
vn -0.8828 -0.4433 0.1557
vn -0.6913 -0.4547 -0.5615
vn -0.0294 0.3349 -0.9418
vn 0.0453 0.0369 -0.9983
vn 0.9991 -0.0032 0.0431
vn 0.2308 -0.7109 -0.6643
vn 0.5732 -0.2774 -0.7711
vn 0.4767 -0.7266 -0.4948
vn 0.4547 0.5640 0.6893
vn 0.4182 0.3975 0.8168
vn 0.6143 0.7796 0.1220
vn 0.3125 0.9403 0.1350
vn 0.2704 0.7168 0.6427
vn -0.6943 -0.6414 0.3263
vn -0.7982 0.1216 0.5900
vn -0.8431 -0.1521 0.5157
vn 0.4458 -0.8714 0.2047
vn 0.5118 -0.8474 0.1416
vn 0.8584 -0.4961 0.1305
vn 0.5714 -0.5084 0.6443
vn 0.3779 0.1666 0.9107
vn -0.0277 -0.9574 -0.2873
vn 0.2189 -0.9049 -0.3650
vn 0.4162 0.4141 0.8095
vn 0.7529 0.0590 0.6554
vn -0.5639 0.7425 -0.3616
vn 0.2705 0.8317 -0.4849
vn 0.9813 0.1906 -0.0254
vn -0.6407 0.6585 -0.3949
vn -0.5926 0.3992 -0.6997
vn 0.7282 -0.6525 0.2100
vn 0.5490 -0.8181 0.1711
vn 0.1220 -0.9530 0.2774
vn -0.5644 0.1367 0.8141
vn -0.4496 0.3141 0.8362
vn -0.4120 0.6076 0.6790
vn 0.9426 0.1437 -0.3014
vn 0.8411 0.2176 -0.4952
vn -0.7540 -0.5499 -0.3592
vn 0.8431 -0.3280 -0.4261
vn 0.1355 -0.4259 -0.8945
vn -0.0929 -0.8548 -0.5106
vn -0.1409 -0.1500 -0.9786
vn -0.9845 0.0723 0.1601
vn -0.7782 0.6133 -0.1350
vn -0.7181 0.6398 0.2739
vn -0.5510 0.5480 0.6293
vn -0.9059 0.1096 0.4091
vn -0.6583 0.2899 0.6947
vn -0.7241 -0.3289 0.6062
vn 0.4220 -0.7951 -0.4357
vn 0.7641 -0.3741 -0.5255
vn 0.3953 -0.8718 0.2893
vn 0.9197 0.2916 -0.2629
vn 0.7624 -0.6468 0.0188
vn 0.5631 -0.3940 0.7264
vn 0.7742 0.5560 -0.3026
vn 0.6830 0.7047 -0.1920
vn 0.9467 0.0719 -0.3140
vn 0.8563 0.4992 0.1323
vn -0.7870 -0.5039 0.3560
vn 0.7465 -0.6625 0.0616
vn 0.7013 -0.6105 -0.3679
vn 0.0893 -0.9246 0.3704
vn -0.8730 0.0834 -0.4805
vn -0.5591 0.8239 -0.0931
vn -0.8031 0.4907 -0.3379
vn -0.4663 0.1805 -0.8660
vn 0.8686 0.4928 -0.0514
vn 0.9339 0.3572 0.0122
vn 0.5041 -0.0755 -0.8604
vn 0.7872 0.5975 0.1525
vn 0.9232 -0.2385 0.3014
vn -0.5981 0.6924 -0.4035
vn -0.9845 -0.0821 -0.1551
vn -0.9192 0.3745 0.1219
vn -0.7123 0.3169 -0.6262
vn -0.5403 0.8105 0.2261
vn 0.2295 0.1759 0.9573
vn 0.4880 0.4889 0.7230
vn 0.8796 0.3557 -0.3159
vn 0.0034 0.7486 0.6630
vn 0.5453 0.7380 -0.3974
vn -0.4914 -0.7778 0.3919
vn -0.5666 -0.7025 -0.4307
vn -0.6314 -0.6607 -0.4061
vn -0.5881 -0.0710 -0.8057
vn 0.3968 -0.6888 0.6068
vn 0.4737 -0.3560 0.8055
vn -0.4258 -0.8259 0.3696
vn -0.6244 -0.7407 0.2478
vn -0.5179 0.8299 0.2073
vn -0.4728 0.8621 -0.1822
vn -0.6466 0.7274 0.2296
vn -0.4468 0.8368 -0.3165
vn 0.7387 0.1781 -0.6501
vn 0.6275 0.2899 -0.7227
vn 0.7864 0.5856 -0.1965
vn 0.7211 0.6917 0.0400
vn -0.7379 -0.5832 0.3397
vn 0.5748 0.4017 0.7130
vn 0.5432 0.6639 0.5140
vn -0.8054 -0.5855 0.0917
vn -0.8361 -0.5479 0.0271
vn 0.9773 -0.1084 -0.1819
vn -0.4326 0.7904 -0.4338
vn -0.8184 0.5239 -0.2360
vn 0.2933 0.9355 0.1969
vn -0.1446 -0.7760 -0.6139
vn -0.4708 0.8411 0.2662
vn -0.6030 0.7936 0.0815
vn -0.4402 0.8516 -0.2844
vn -0.8321 0.5057 -0.2278
vn 0.7575 -0.1930 -0.6237
vn -0.7318 -0.6762 -0.0850
vn -0.6802 -0.5663 0.4655
vn -0.9984 -0.0296 -0.0474
vn -0.9018 0.4130 0.1273
vn -0.5885 0.6321 -0.5042
vn -0.7630 0.2375 -0.6012
vn 0.2164 0.8774 -0.4282
vn -0.4209 0.8802 -0.2193
vn -0.7476 0.6473 -0.1490
vn 0.0953 -0.5058 0.8574
vn 0.3688 -0.5011 0.7829
vn 0.3724 -0.2955 0.8798
vn 0.7747 -0.1769 0.6071
vn 0.6579 -0.7472 0.0937
vn -0.8337 0.4882 0.2581
vn -0.9892 0.1462 -0.0067
vn -0.8236 0.5549 0.1171
vn -0.6590 0.7173 -0.2262
vn 0.7146 -0.6456 -0.2694
vn 0.1626 -0.9511 -0.2627
vn 0.5753 -0.6796 -0.4552
vn 0.7955 -0.5520 0.2501
vn -0.5862 -0.6799 -0.4406
vn -0.5943 -0.7729 -0.2222
vn -0.8173 -0.4192 -0.3954
vn -0.0398 -0.7311 -0.6811
vn 0.4371 -0.8579 0.2699
vn 0.8953 -0.4430 -0.0456
vn 0.8523 0.3659 0.3737
vn 0.9062 -0.3646 -0.2140
vn 0.9484 0.1540 -0.2772
vn 0.9707 0.2152 -0.1072
vn 0.3211 -0.4364 0.8405
vn 0.6083 0.1138 0.7855
vn 0.7047 0.2753 0.6540
vn 0.6023 -0.1613 0.7818
vn 0.7598 0.6028 -0.2438
vn 0.4138 0.8830 0.2214
vn 0.8830 -0.3115 -0.3510
vn 0.9682 0.1953 -0.1566
vn -0.7191 0.4625 -0.5185
vn -0.6493 0.6522 -0.3913
vn -0.5997 0.7433 -0.2964
vn -0.9349 -0.3105 0.1721
vn -0.8347 -0.3392 0.4340
vn 0.1434 0.4558 -0.8785
vn 0.2820 0.8075 -0.5181
vn -0.7052 -0.6870 -0.1751
vn -0.7606 -0.1416 -0.6336
vn 0.6633 0.0959 0.7422
vn -0.2399 -0.6211 -0.7461
vn 0.0247 -0.2169 -0.9759
vn -0.0568 -0.7921 -0.6078
vn -0.8676 0.4389 -0.2339
vn -0.9736 0.1055 -0.2022
vn -0.4160 -0.7815 -0.4649
vn 0.5715 0.3224 0.7546
vn 0.5980 0.0323 0.8008
vn 0.2688 -0.3079 0.9127
vn -0.8999 0.4332 -0.0501
vn -0.5698 -0.4609 0.6804
vn 0.8394 -0.3335 -0.4291
vn 0.7149 -0.4004 -0.5733
vn 0.8228 -0.0239 -0.5678
vn -0.4019 -0.3154 -0.8596
vn -0.0425 0.0149 -0.9990
vn -0.7218 0.6005 0.3442
vn -0.8450 0.0945 0.5264
vn 0.7760 -0.0389 -0.6295
vn -0.8956 0.2144 0.3899
vn -0.8077 -0.4765 0.3472
vn 0.7736 -0.4692 -0.4258
vn 0.8377 0.0716 -0.5415
vn -0.9400 0.3139 -0.1335
vn 0.6598 0.0261 0.7510
vn -0.4949 0.6518 -0.5746
vn -0.4184 0.8689 0.2644
vn -0.4052 -0.8294 0.3846
vn -0.9059 -0.0191 -0.4230
vn -0.9338 0.1911 0.3026
vn 0.7058 -0.7084 0.0031
vn 0.7665 -0.4861 0.4198
vn 0.8509 0.2581 0.4575
vn 0.7818 0.4465 0.4352
vn 0.8011 -0.0673 0.5948
vn 0.9940 -0.0514 -0.0970
vn -0.7561 -0.6203 0.2088
vn -0.8294 -0.1173 0.5462
vn -0.7481 0.4329 0.5030
vn -0.6761 0.6069 -0.4177
vn -0.4793 0.8501 -0.2181
vn -0.7138 0.5246 -0.4640
vn 0.9921 -0.0106 0.1250
vn 0.7801 -0.3048 0.5464
vn 0.6745 -0.6731 0.3034
vn 0.6494 -0.4571 0.6078
vn 0.8765 0.0460 0.4791
vn 0.9856 0.1254 0.1136
vn 0.9666 0.0562 -0.2502
vn 0.5712 0.1324 -0.8101
vn 0.7401 0.0877 -0.6667
vn 0.5893 0.1385 -0.7960
vn -0.3974 0.7370 -0.5467
vn -0.8061 -0.2162 -0.5509
vn -0.5857 -0.0388 -0.8096
vn 0.4132 0.8863 0.2090
vn 0.4661 0.8320 -0.3008
vn 0.9261 -0.3757 -0.0337
vn -0.2975 -0.1757 0.9384
vn -0.3253 0.3339 0.8847
vn -0.4708 -0.8668 -0.1641
vn -0.1537 -0.8275 0.5400
vn -0.8550 -0.4134 0.3131
vn -0.9763 0.0334 0.2139
vn -0.8603 -0.4319 0.2708
vn 0.5669 0.0008 0.8238
vn 0.5742 0.6098 0.5463
vn -0.7580 -0.1879 0.6245
vn 0.6208 0.7762 -0.1101
vn -0.7851 0.5949 0.1723
vn -0.5449 0.8306 0.1147
vn -0.7198 0.6318 0.2877
vn 0.4096 -0.4548 0.7908
vn -0.7089 -0.6327 0.3118
vn -0.6863 -0.6089 0.3977
vn -0.7297 -0.1093 -0.6750
vn -0.3750 -0.7325 -0.5682
vn 0.5781 -0.8130 -0.0688
vn 0.9340 0.1979 0.2975
vn -0.8026 -0.4209 0.4228
vn 0.8673 0.4863 0.1063
vn 0.5759 0.5067 -0.6416
vn 0.6674 0.5834 -0.4628
vn 0.7362 0.3289 -0.5915
vn -0.9589 -0.0576 -0.2777
vn -0.8153 -0.4260 -0.3922
vn -0.7443 0.3177 0.5874
vn -0.8160 -0.2831 -0.5040
vn -0.9773 -0.0030 0.2119
vn -0.7957 -0.5875 0.1470
vn -0.7585 -0.1400 -0.6364
vn -0.9085 0.4034 0.1089
vn -0.2014 -0.6786 0.7064
vn 0.8261 -0.2007 -0.5266
vn 0.9882 -0.0238 -0.1512
vn 0.8431 0.1223 -0.5237
vn -0.4135 0.8887 -0.1978
vn -0.6176 0.7852 0.0448
vn 0.0342 0.8959 0.4429
vn 0.6633 0.0948 0.7423
vn 0.3138 0.3210 -0.8936
vn 0.6218 0.3517 -0.6997
vn 0.4311 0.6836 -0.5889
vn 0.4949 0.8642 0.0908
vn 0.4627 0.8312 -0.3081
vn 0.7143 0.5064 0.4831
vn -0.6410 -0.4426 0.6271
vn 0.6528 -0.4914 -0.5764
vn -0.8635 0.1199 0.4899
vn -0.2583 -0.9166 0.3052
vn -0.2324 -0.9724 0.0193
vn 0.4353 -0.8694 0.2337
vn 0.9790 0.1575 -0.1298
vn 0.9690 0.0366 -0.2445
vn -0.7235 -0.4702 -0.5055
vn -0.6565 -0.0296 -0.7538
vn -0.5790 -0.6462 -0.4973
vn -0.7519 0.6473 0.1254
vn -0.7664 0.0773 0.6377
vn -0.5955 -0.7064 -0.3827
vn -0.6079 -0.5213 -0.5989
vn -0.0066 -0.6625 0.7490
vn -0.6909 0.6351 -0.3453
vn -0.5156 -0.8561 -0.0360
vn 0.7906 0.2907 -0.5389
vn 0.9471 0.3000 0.1144
vn 0.8857 -0.4329 -0.1675
vn 0.5413 -0.8368 -0.0826
vn 0.7666 -0.6023 0.2226
vn 0.1641 -0.9617 0.2197
vn -0.6094 -0.1381 0.7807
vn -0.8060 0.2597 0.5320
vn 0.5346 -0.8219 0.1966
vn 0.7303 -0.3792 0.5682
vn 0.0291 -0.5058 0.8622
vn -0.5546 -0.0190 0.8319
vn 0.3699 0.5169 -0.7720
vn -0.2875 -0.6798 -0.6747
vn -0.4220 0.1179 -0.8989
vn -0.6625 -0.4271 -0.6153
vn 0.1559 0.8577 -0.4899
vn 0.5267 0.8026 -0.2799
vn -0.6748 -0.7181 0.1701
vn -0.6900 -0.7190 -0.0833
vn -0.1350 -0.9582 0.2521
vn -0.8630 -0.3960 -0.3139
vn -0.7416 -0.6677 -0.0656
vn -0.9101 0.1296 -0.3936
vn 0.6719 0.4606 -0.5800
vn 0.5137 0.7404 -0.4336
vn 0.6048 0.6918 -0.3944
vn -0.9863 -0.0673 0.1505
vn -0.0237 -0.0948 -0.9952
vn 0.6210 0.7814 -0.0608
vn 0.6570 0.7218 -0.2178
vn -0.6434 -0.7500 0.1534
vn -0.8853 -0.2683 0.3798
vn 0.8325 0.4391 0.3380
vn 0.5740 0.8140 -0.0890
vn 0.4328 0.3477 -0.8317
vn 0.8874 -0.3158 0.3358
vn 0.9040 0.2329 0.3587
vn -0.7932 -0.0599 -0.6060
vn -0.7507 0.4929 -0.4399
vn 0.4614 0.3276 -0.8245
vn 0.3997 0.7256 -0.5601
vn 0.4820 -0.0011 -0.8762
vn -0.2961 -0.6821 -0.6686
vn 0.8512 -0.2426 0.4653
vn 0.2633 -0.9607 0.0885
vn -0.1393 -0.8150 0.5625
vn 0.6304 -0.3166 -0.7088
vn 0.1908 -0.9300 0.3143
vn 0.5322 -0.8375 0.1240
vn 0.5440 -0.8379 -0.0448
vn 0.2844 -0.9498 0.1306
vn -0.1018 -0.7212 -0.6852
vn 0.0753 -0.9900 0.1195
vn 0.4803 0.3953 -0.7830
vn 0.0579 -0.9403 -0.3354
vn -0.4963 -0.5210 0.6944
vn -0.6487 0.2666 -0.7128
vn -0.2285 -0.3520 -0.9077
vn -0.5284 -0.4965 -0.6887
vn -0.4439 -0.0899 -0.8916
vn -0.1179 -0.8836 0.4531
vn 0.4687 0.7628 -0.4456
vn -0.0513 -0.7558 -0.6528
vn -0.2448 0.8282 -0.5041
vn 0.9043 0.3771 0.2001
vn -0.1786 0.9814 0.0706
vn 0.0208 0.9548 -0.2965
vn 0.0282 0.9996 0.0086
vn -0.0821 0.3759 0.9230
vn 0.3349 0.1572 0.9291
vn 0.1713 0.7624 0.6240
vn -0.0248 0.9231 -0.3838
vn 0.2079 0.7913 -0.5750
vn -0.6265 0.4469 0.6385
vn -0.3276 0.2226 -0.9182
vn 0.6149 -0.7372 0.2801
vn -0.5115 0.7329 -0.4485
vn -0.5775 0.7722 -0.2648
vn -0.4131 0.8809 -0.2309
vn -0.6788 -0.4628 -0.5702
vn -0.4545 0.4395 -0.7747
vn -0.0583 -0.8860 -0.4600
vn -0.2592 -0.9247 0.2789
vn -0.3273 0.1455 0.9337
vn -0.6515 -0.1465 -0.7444
vn 0.3902 -0.4362 0.8108
vn 0.1975 -0.4542 0.8687
vn 0.0523 -0.7192 0.6928
vn 0.5559 -0.1189 -0.8227
vn -0.3501 -0.9363 0.0268
vn -0.3816 -0.9220 -0.0654
vn -0.6968 0.6503 -0.3027
vn 0.2279 0.9515 -0.2066
vn 0.3252 0.9282 -0.1810
vn -0.1374 0.9442 0.2993
vn 0.1913 -0.7238 -0.6629
vn 0.4446 -0.6582 -0.6075
vn 0.2597 -0.0949 -0.9610
vn -0.2197 0.6887 -0.6909
vn -0.7138 0.6992 -0.0388
vn -0.4920 0.8100 -0.3192
vn -0.6835 0.6778 0.2708
vn -0.8560 0.4455 0.2623
vn -0.2632 0.6025 0.7535
vn -0.5696 -0.5370 0.6223
vn 0.1785 0.8600 -0.4781
vn 0.1239 0.9199 -0.3720
vn -0.2157 -0.9327 0.2889
vn -0.3400 -0.5560 0.7585
vn 0.5190 0.7498 -0.4103
vn -0.1179 0.9928 0.0216
vn 0.5936 0.3124 0.7416
vn 0.1828 0.6101 -0.7710
vn 0.5692 0.8219 -0.0230
vn 0.4136 -0.1453 0.8988
vn -0.4307 0.1339 -0.8925
vn -0.2678 -0.3313 -0.9047
vn -0.6435 0.7404 -0.1941
vn 0.0069 -1.0000 0.0053
vn 0.3727 -0.7112 0.5960
vn 0.0496 0.7395 -0.6713
vn -0.4040 0.6835 0.6079
vn 0.3239 -0.5264 0.7861
vn 0.0917 0.0680 0.9935
vn 0.5709 -0.6414 0.5125
vn 0.1839 0.7318 -0.6562
vn 0.1639 0.9518 0.2592
vn 0.4821 -0.2261 0.8464
vn 0.1493 -0.2876 -0.9460
vn 0.1998 0.1409 0.9696
vn 0.1376 -0.9567 0.2564
vn -0.3251 -0.7468 0.5801
vn 0.3861 -0.8993 -0.2052
vn -0.7183 0.3209 -0.6173
vn -0.5730 -0.1197 -0.8108
vn -0.6151 -0.3208 0.7203
vn -0.7549 0.1828 0.6299
vn -0.2431 0.9427 -0.2285
vn -0.0877 0.9882 -0.1259
vn -0.1076 0.9806 0.1635
vn -0.4698 0.8781 0.0910
vn 0.3516 0.3532 -0.8670
vn 0.5968 -0.1769 -0.7826
vn 0.5124 0.2975 0.8056
vn 0.5327 -0.6598 -0.5299
vn 0.1400 -0.7309 0.6679
vn 0.0494 -0.4685 -0.8821
vn 0.0533 -0.7383 -0.6724
vn 0.3114 -0.8251 -0.4714
vn 0.1541 0.5470 0.8228
vn -0.1188 0.9547 -0.2730
vn 0.0204 -0.9944 0.1037
vn -0.1647 -0.9222 0.3497
vn -0.3469 -0.9348 0.0765
vn 0.1358 0.7859 0.6032
vn 0.2454 0.8747 -0.4179
vn -0.0214 0.7847 -0.6196
vn 0.0959 0.6969 -0.7107
vn -0.7091 -0.5925 0.3823
vn 0.4262 0.7720 0.4715
vn 0.6306 0.4649 0.6214
vn 0.2936 0.9417 0.1643
vn 0.5675 0.7307 0.3794
vn -0.2789 0.8017 -0.5286
vn 0.0566 0.9638 -0.2605
vn -0.0981 0.5397 0.8361
vn 0.0921 0.8803 0.4653
vn 0.1106 0.9897 -0.0905
vn 0.2475 -0.6949 0.6752
vn 0.6548 -0.3425 -0.6738
vn -0.2150 -0.9290 -0.3014
vn -0.6575 -0.3957 0.6413
vn -0.5427 -0.1947 -0.8171
vn -0.4754 0.2601 -0.8404
vn 0.3153 0.8599 -0.4015
vn 0.0418 0.4454 -0.8943
vn 0.2031 0.9510 -0.2332
vn -0.6106 -0.5764 0.5431
vn 0.0098 0.9980 -0.0619
vn 0.1560 0.9876 0.0184
vn 0.5306 -0.8243 -0.1975
vn 0.2706 -0.9596 0.0771
vn 0.5515 -0.7804 -0.2946
vn 0.4782 -0.7040 0.5251
vn -0.0862 -0.6326 -0.7697
vn -0.2858 -0.7176 0.6351
vn 0.3807 -0.9057 0.1862
vn -0.0250 0.8999 0.4353
vn 0.2874 0.9215 -0.2614
vn -0.1388 0.9839 -0.1125
vn 0.4094 0.8928 0.1878
vn 0.7375 -0.0181 -0.6751
vn -0.0242 0.8954 -0.4446
vn 0.5033 0.8000 -0.3267
vn 0.4906 0.7046 -0.5127
vn 0.1010 -0.1649 -0.9811
vn 0.1140 -0.4494 -0.8860
vn -0.1213 -0.9822 0.1434
vn -0.2173 0.6841 0.6963
vn 0.3158 0.7238 -0.6135
vn 0.6653 0.3465 -0.6613
vn 0.5612 -0.4263 0.7095
vn 0.3028 -0.8639 0.4025
vn 0.3041 -0.9523 0.0237
vn 0.2845 -0.8166 -0.5022
vn 0.2292 0.8210 -0.5230
vn 0.5089 0.5580 -0.6555
vn 0.4678 -0.8061 0.3626
vn 0.0662 0.9849 0.1602
vn -0.0090 0.7970 0.6039
vn 0.3362 -0.7268 0.5989
vn 0.5900 -0.7627 0.2649
vn -0.2730 -0.2391 -0.9318
vn 0.0908 0.3824 -0.9195
vn 0.1508 0.7894 -0.5951
vn 0.1570 -0.3546 0.9217
vn 0.1035 -0.7991 0.5923
vn -0.2190 -0.8270 -0.5178
vn -0.0159 -0.3734 -0.9275
vn -0.1460 0.9457 -0.2903
vn 0.1213 0.8910 -0.4375
vn -0.3948 0.7679 -0.5044
vn 0.1462 0.6962 0.7028
vn -0.1729 0.7052 0.6876
vn -0.2532 -0.7840 -0.5668
vn 0.0377 0.9986 0.0365
vn -0.3515 0.9341 0.0623
vn -0.3513 -0.9006 -0.2558
vn -0.3849 0.7948 -0.4692
vn -0.2153 -0.9012 0.3760
vn -0.4341 -0.6492 0.6245
vn -0.6200 0.6403 -0.4535
vn -0.2565 0.9536 0.1578
vn -0.6195 0.5953 0.5116
vn 0.1007 -0.9770 0.1880
vn 0.1320 -0.9810 0.1423
vn 0.4320 0.8965 0.0979
vn 0.2610 0.7583 0.5974
vn 0.1055 0.4976 0.8610
vn -0.4705 -0.7584 0.4511
vn -0.2529 -0.9342 0.2514
vn -0.5670 0.2081 -0.7970
vn -0.6877 -0.2886 -0.6661
vn -0.0994 -0.9845 0.1448
vn -0.4569 0.7969 0.3952
vn -0.4305 -0.8723 -0.2321
vn -0.8388 -0.5443 -0.0095
vn -0.3242 -0.9459 0.0118
vn -0.9778 -0.1854 -0.0975
vn -0.8809 0.0167 0.4729
vn -0.9049 0.4200 -0.0689
vn -0.5188 -0.7272 -0.4494
vn -0.8359 -0.3560 -0.4178
vn -0.4682 -0.5496 -0.6920
vn 0.4701 -0.8448 -0.2554
vn -0.0403 -0.9668 0.2523
vn 0.1189 -0.4840 -0.8670
vn -0.5314 -0.6258 -0.5709
vn 0.2770 -0.9453 -0.1721
vn 0.1596 -0.9871 0.0137
vn 0.2612 -0.7528 0.6041
vn 0.2003 -0.8687 0.4531
vn 0.6271 -0.7129 0.3140
vn 0.2576 -0.8603 0.4400
vn -0.1130 -0.9693 0.2183
vn 0.0220 0.7284 0.6848
vn -0.2924 0.3940 0.8714
vn -0.1758 0.7374 0.6522
vn -0.0044 -0.0310 0.9995
vn 0.2639 0.4367 -0.8600
vn -0.1472 0.7138 -0.6847
vn -0.0346 -0.3896 -0.9203
vn 0.1509 0.8973 -0.4148
vn 0.3926 0.8707 0.2962
vn -0.3349 0.9266 -0.1711
vn -0.2820 0.3064 -0.9092
vn -0.2254 0.3272 -0.9177
vn -0.2452 0.6403 -0.7280
vn -0.0711 -0.1410 -0.9875
vn 0.2260 -0.9367 0.2673
vn 0.2029 -0.9141 0.3510
vn 0.1843 -0.6220 0.7610
vn 0.2243 0.3632 0.9043
vn -0.8030 -0.1779 0.5688
vn -0.2942 0.8361 0.4630
vn -0.1855 0.9627 0.1968
vn -0.2210 -0.9744 -0.0402
vn 0.1851 -0.9456 0.2675
vn -0.1440 0.8622 -0.4856
vn -0.3167 0.9193 -0.2337
vn -0.1098 -0.8684 -0.4835
vn -0.0733 0.8126 -0.5782
vn 0.3708 0.1285 -0.9198
vn 0.0965 0.4665 -0.8792
vn 0.1507 0.5642 -0.8118
vn 0.1784 -0.8784 0.4433
vn 0.1418 -0.5591 0.8169
vn 0.2175 -0.6207 0.7532
vn -0.6295 0.0999 0.7706
vn -0.4608 0.7796 0.4242
vn -0.3202 0.5081 0.7996
vn -0.0721 0.9524 -0.2963
vn -0.4974 0.8535 0.1557
vn 0.3752 -0.2786 -0.8841
vn 0.5593 -0.7678 0.3125
vn -0.0725 -0.8656 0.4955
vn 0.2584 0.7989 -0.5431
vn -0.3686 0.9185 -0.1431
vn -0.1198 0.5448 0.8300
vn -0.1610 0.5421 0.8248
vn 0.0039 -0.0032 1.0000
vn -0.7304 0.6600 0.1756
vn -0.6637 0.0554 0.7460
vn 0.0543 -0.9320 0.3584
vn -0.2743 -0.8565 0.4371
vn -0.4082 -0.6590 0.6318
vn -0.3570 0.9323 -0.0576
vn 0.4882 -0.7166 -0.4981
vn 0.2545 -0.9655 0.0558
vn 0.4392 -0.8934 -0.0948
vn -0.5022 0.2397 -0.8309
vn -0.2494 0.9068 -0.3399
vn -0.2873 0.6903 -0.6640
vn -0.0273 0.9814 0.1900
vn -0.3814 0.8743 -0.3001
vn -0.2140 0.2832 0.9349
vn 0.2666 -0.0998 0.9586
vn -0.2837 -0.2271 0.9316
vn -0.2371 0.3283 -0.9143
vn 0.0144 0.1963 -0.9804
vn 0.1326 0.7104 -0.6911
vn 0.2268 0.6996 0.6776
vn 0.1931 0.5001 0.8442
vn 0.0994 0.2036 0.9740
vn 0.2036 0.2888 -0.9355
vn 0.3300 0.5141 -0.7917
vn 0.3407 0.8071 -0.4823
vn -0.4269 0.8923 0.1466
vn -0.3340 0.8737 -0.3536
vn -0.0406 -0.7335 -0.6785
vn 0.2220 -0.2548 -0.9412
vn 0.1682 -0.2303 -0.9585
vn 0.2604 0.7535 -0.6037
vn 0.5117 0.2556 -0.8203
vn 0.2606 0.2665 -0.9279
vn 0.2255 0.3805 -0.8969
vn 0.1787 0.9369 -0.3003
vn 0.3302 0.7593 -0.5607
vn 0.3648 -0.3983 0.8416
vn -0.2527 -0.3660 0.8956
vn -0.0967 0.2990 0.9493
vn 0.0353 -0.7800 0.6247
vn -0.0578 0.6655 0.7441
vn 0.2216 0.9668 0.1272
vn -0.0287 0.8619 0.5063
vn -0.0165 -0.2376 -0.9712
vn -0.0100 -0.6710 -0.7414
vn 0.1452 -0.7590 -0.6347
vn 0.2736 0.9604 0.0527
vn 0.1389 0.9232 -0.3584
vn -0.4374 -0.7925 0.4249
vn -0.0119 -0.8681 0.4963
vn 0.1327 -0.8854 0.4454
vn -0.3818 -0.7574 0.5296
vn -0.8164 -0.5104 0.2702
vn -0.3312 -0.8474 0.4149
vn 0.4379 0.2105 -0.8741
vn 0.3341 -0.3473 -0.8763
vn 0.0327 0.2037 0.9785
vn -0.3346 -0.8750 0.3498
vn -0.2948 -0.7530 0.5882
vn -0.2901 -0.9157 0.2779
vn -0.2963 0.4399 0.8478
vn -0.3380 0.2131 0.9167
vn -0.4966 -0.2740 0.8236
vn 0.0037 -0.1648 -0.9863
vn -0.4246 0.7843 -0.4523
vn 0.5237 -0.4158 0.7436
vn -0.0177 -0.8634 0.5042
vn 0.2308 -0.8614 0.4524
vn -0.4410 -0.8671 -0.2315
vn -0.2060 -0.8920 -0.4023
vn 0.7000 -0.6592 -0.2746
vn 0.7767 -0.4669 -0.4228
vn -0.1995 -0.9654 0.1679
vn 0.1724 0.8810 -0.4405
vn -0.0466 0.5829 -0.8112
vn 0.1212 0.9196 -0.3736
vn -0.4807 -0.8573 -0.1843
vn -0.2188 -0.9626 0.1595
vn 0.0799 0.9507 -0.2996
vn 0.2457 0.9113 -0.3304
vn -0.0105 0.9969 -0.0776
vn -0.3791 0.0874 -0.9212
vn -0.0546 0.9059 -0.4199
vn 0.1308 0.8755 -0.4652
vn -0.3540 0.7665 -0.5359
vn -0.2686 -0.9520 -0.1470
vn -0.2168 -0.9710 -0.1005
vn -0.2504 -0.8825 0.3980
vn -0.1234 -0.6447 0.7545
vn -0.2200 -0.8847 0.4111
vn -0.2989 -0.9454 0.1301
vn -0.3878 -0.8192 0.4224
vn -0.2003 -0.8018 0.5630
vn -0.6473 -0.7217 0.2452
vn -0.3035 -0.9479 0.0974
vn -0.6366 0.6218 -0.4562
vn -0.0413 -0.9700 0.2398
vn -0.5258 -0.8503 0.0224
vn 0.2048 0.9628 -0.1764
vn -0.2237 0.9447 -0.2398
vn -0.1742 -0.5107 -0.8419
vn -0.4829 -0.3453 -0.8047
vn -0.8153 0.4675 -0.3417
vn -0.6618 0.7392 0.1253
vn 0.2940 -0.6206 -0.7269
vn 0.5079 0.2259 0.8313
vn 0.5414 -0.3149 0.7796
vn 0.8047 0.3717 0.4629
vn -0.1440 -0.8478 -0.5104
vn -0.2486 0.9677 -0.0411
vn 0.8864 0.4516 0.1019
vn 0.4348 0.4252 0.7938
vn 0.7618 0.0808 0.6427
vn 0.8281 0.5157 -0.2197
vn 0.6193 0.7850 0.0132
vn 0.9934 0.0668 0.0929
vn -0.2865 0.9476 -0.1409
vn 0.7949 0.6020 -0.0755
vn 0.7596 0.6324 -0.1522
vn 0.9911 -0.0655 0.1159
vn 0.5134 -0.7760 0.3664
vn 0.6350 -0.7724 0.0135
vn -0.2281 0.6976 -0.6793
vn -0.9451 0.1731 0.2772
vn 0.2509 -0.9547 0.1600
vn -0.7930 -0.5977 0.1179
vn -0.7785 -0.5984 -0.1892
vn -0.9935 -0.0015 0.1140
vn 0.5459 -0.6792 0.4905
vn 0.6661 -0.5736 0.4768
vn 0.9419 -0.2444 0.2302
vn -0.0782 0.9508 -0.2997
vn -0.6044 0.5496 -0.5768
vn 0.5300 -0.6033 -0.5959
vn 0.7799 -0.1597 -0.6052
vn 0.6037 0.0025 -0.7972
vn 0.1479 -0.5276 -0.8365
vn 0.6478 -0.5572 -0.5195
vn 0.5902 -0.6235 -0.5128
vn 0.9855 0.1104 -0.1285
vn 0.7059 -0.5427 -0.4551
vn 0.7081 0.1128 -0.6971
vn -0.6650 0.6290 -0.4026
vn -0.6552 -0.7550 0.0263
vn 0.7162 -0.6100 -0.3390
vn -0.9035 -0.0356 -0.4271
vn 0.2918 -0.8644 0.4095
vn 0.4345 -0.9004 0.0236
vn 0.4666 -0.5307 0.7075
vn -0.2311 -0.4179 0.8786
vn -0.9743 0.1123 0.1951
vn -0.7697 0.6381 -0.0190
vn -0.5858 0.7940 -0.1627
vn -0.2773 0.8543 -0.4396
vn -0.5251 -0.0939 -0.8459
vn -0.9023 -0.3320 0.2751
vn -0.7752 0.5474 0.3152
vn -0.3720 -0.7702 0.5180
vn -0.8133 -0.5656 -0.1365
vn -0.7394 -0.2551 -0.6231
vn -0.9707 0.0307 0.2384
vn -0.4198 -0.3701 -0.8288
vn -0.6136 -0.7625 -0.2053
vn -0.6088 -0.2078 -0.7656
vn -0.5929 -0.7725 0.2274
vn -0.9083 0.3961 -0.1343
vn -0.6956 0.7137 -0.0815
vn -0.6098 -0.6614 0.4367
vn -0.3186 -0.9091 0.2685
vn -0.8073 0.0880 0.5836
vn -0.9158 -0.3763 -0.1406
vn 0.7139 0.6796 -0.1687
vn 0.7483 0.2658 -0.6077
vn 0.6999 0.7092 0.0849
vn -0.0460 -0.9819 0.1839
vn -0.1675 -0.9681 0.1865
vn -0.6463 -0.7573 -0.0937
vn 0.8063 0.5325 -0.2574
vn 0.5288 0.8453 0.0767
vn 0.8616 0.5061 0.0391
vn -0.5155 -0.4681 -0.7177
vn -0.0823 -0.6585 -0.7481
vn 0.9649 0.2591 -0.0432
vn 0.4391 0.0425 -0.8975
vn 0.5072 0.4024 -0.7622
vn 0.7398 0.5261 -0.4193
vn 0.2987 -0.6436 0.7046
vn -0.7250 0.6883 -0.0254
vn -0.7469 -0.5575 0.3623
vn 0.6236 -0.7756 -0.0977
vn -0.8280 0.4305 -0.3593
vn -0.2748 -0.9316 -0.2378
vn -0.5312 -0.8323 0.1582
vn -0.9489 0.0952 -0.3008
vn 0.0571 -0.1272 0.9902
vn -0.2087 0.7984 0.5647
vn 0.5786 -0.6354 0.5114
vn 0.9699 0.2364 0.0585
vn 0.8682 -0.0698 0.4913
vn -0.3274 0.6735 0.6627
vn -0.6625 0.0528 0.7472
vn 0.6827 -0.1941 -0.7044
vn 0.5371 -0.7845 -0.3100
vn 0.5770 -0.1810 -0.7964
vn 0.6148 0.6038 -0.5073
vn 0.8769 -0.1720 -0.4488
vn -0.6638 -0.1065 -0.7402
vn -0.6545 0.0896 -0.7508
vn 0.5873 -0.6760 0.4451
vn 0.5162 -0.5993 0.6119
vn 0.6527 0.7094 0.2658
vn 0.4568 0.1889 0.8693
vn -0.8989 -0.4379 -0.0158
vn -0.6148 -0.3406 0.7114
vn -0.6318 -0.5892 -0.5037
vn 0.4225 0.9062 0.0151
vn -0.6000 -0.3886 0.6993
vn 0.3635 -0.6401 -0.6769
vn 0.1512 -0.8088 -0.5683
vn 0.2181 0.9344 0.2817
vn -0.5320 -0.8290 -0.1724
vn 0.9527 0.1169 0.2805
vn 0.9658 -0.0589 0.2524
vn -0.7697 -0.5295 -0.3566
vn -0.7538 -0.0558 -0.6547
vn -0.7000 0.6541 0.2866
vn -0.9447 -0.0816 0.3175
vn -0.4546 -0.3894 0.8011
vn -0.5183 -0.0080 0.8552
vn -0.8882 -0.2097 -0.4087
vn 0.7046 0.3923 -0.5913
vn 0.4749 0.8601 -0.1861
vn -0.5624 -0.4455 -0.6966
vn -0.7504 -0.1898 -0.6332
vn 0.3460 -0.5325 -0.7725
vn 0.6149 -0.7237 -0.3135
vn 0.1442 0.0373 -0.9888
vn -0.8484 -0.5275 0.0447
vn -0.7601 -0.6232 -0.1842
vn -0.5263 0.4559 -0.7178
vn -0.6237 -0.4409 -0.6454
vn -0.7055 -0.1154 -0.6992
vn -0.7543 0.0277 -0.6559
vn -0.0284 0.9992 0.0282
vn -0.1448 0.9774 -0.1541
vn -0.8053 0.2617 0.5321
vn -0.7226 0.5938 0.3539
vn -0.5747 0.7637 0.2940
vn -0.8991 -0.0077 0.4377
vn 0.9138 -0.4059 -0.0156
vn 0.9692 0.0844 -0.2312
vn 0.9762 0.1125 0.1852
vn -0.0071 0.7413 -0.6711
vn -0.1139 0.5784 -0.8078
vn 0.8877 0.0400 0.4587
vn 0.4778 -0.7302 -0.4883
vn 0.2034 -0.4291 -0.8801
vn 0.4296 -0.0494 -0.9017
vn 0.9359 -0.1147 0.3331
vn 0.9586 -0.2340 0.1626
vn -0.9796 -0.1796 -0.0899
vn -0.1236 -0.9838 0.1295
vn -0.1665 -0.9652 0.2014
vn -0.4419 -0.8519 -0.2810
vn -0.4399 -0.8185 0.3695
vn -0.3791 0.8410 0.3860
vn -0.6114 0.7899 -0.0467
vn -0.4622 0.7682 0.4430
vn -0.8106 -0.5551 0.1867
vn -0.4295 0.8432 -0.3233
vn 0.4324 -0.7723 0.4655
vn -0.4690 0.8681 -0.1623
vn -0.1411 0.9599 -0.2423
vn 0.1324 0.9839 0.1199
vn 0.5165 0.4920 0.7008
vn -0.1196 -0.8940 0.4319
vn -0.4931 -0.8647 0.0958
vn 0.5564 0.5117 0.6546
vn 0.5827 -0.2394 0.7766
vn 0.2175 -0.9615 0.1678
vn 0.4996 -0.8375 -0.2213
vn -0.3168 0.8250 -0.4680
vn 0.5839 -0.8087 0.0711
vn 0.2302 0.6313 -0.7406
vn -0.7031 -0.4466 0.5534
vn -0.6343 -0.6522 -0.4151
vn -0.6679 -0.1893 -0.7198
vn -0.8092 0.5495 -0.2081
vn -0.7618 0.6478 0.0032
vn 0.9053 0.0263 -0.4240
vn 0.8538 0.3574 -0.3785
vn 0.8027 0.1356 -0.5808
vn 0.6668 0.6337 -0.3922
vn -0.0482 0.8140 0.5788
vn -0.2654 0.2291 0.9365
vn -0.5383 0.8426 -0.0122
vn -0.1864 0.8593 0.4762
vn 0.5832 -0.4151 0.6983
vn -0.8221 -0.5298 0.2085
vn -0.8467 -0.4996 0.1831
vn -0.7016 0.6821 0.2061
vn -0.9572 0.2881 0.0274
vn -0.9086 0.1635 0.3844
vn -0.8862 0.2609 0.3830
vn -0.6526 0.6820 0.3301
vn -0.5713 0.6600 -0.4878
vn -0.5624 0.8167 -0.1290
vn -0.5177 0.8044 0.2914
vn 0.9691 0.0498 -0.2416
vn 0.5306 0.6255 -0.5720
vn -0.5406 0.8290 -0.1430
vn 0.7631 -0.4340 -0.4789
vn -0.8118 -0.3156 0.4913
vn -0.5962 0.4035 0.6940
vn -0.6374 0.6665 0.3866
vn 0.6004 0.5005 -0.6237
vn 0.9057 0.1624 -0.3915
vn 0.6929 0.0772 -0.7169
vn -0.3667 -0.9302 -0.0138
vn -0.6402 -0.7585 -0.1218
vn -0.5642 0.3802 -0.7329
vn 0.6793 -0.7242 -0.1187
vn 0.8433 -0.3203 -0.4315
vn -0.5630 -0.0321 -0.8258
vn 0.4504 -0.8090 -0.3778
vn -0.4141 -0.8479 -0.3310
vn -0.9751 -0.1293 0.1800
vn -0.1247 -0.8836 0.4513
vn -0.2252 0.9454 -0.2356
vn -0.6754 0.6722 -0.3034
vn -0.4681 0.1972 -0.8614
vn 0.3429 -0.6138 0.7111
vn 0.3520 -0.7752 0.5246
vn 0.3642 0.9179 -0.1574
vn 0.0679 0.4729 -0.8785
vn 0.0608 0.8634 -0.5008
vn -0.7771 0.6211 -0.1020
vn -0.0826 0.9463 0.3127
vn 0.5120 0.8020 0.3077
vn 0.3255 0.1666 -0.9308
vn 0.5135 -0.6348 -0.5774
vn 0.2331 0.0381 0.9717
vn 0.4039 -0.8855 -0.2299
vn 0.4306 -0.7959 -0.4255
vn -0.3349 0.8683 0.3659
vn 0.1889 -0.9716 -0.1426
vn 0.3495 -0.8632 0.3643
vn 0.0913 -0.9944 -0.0533
vn 0.5009 -0.8628 0.0679
vn -0.0110 -0.8729 0.4877
vn 0.9980 0.0205 -0.0605
vn -0.5715 0.7569 -0.3169
vn -0.1835 0.3443 0.9208
vn 0.6697 0.2377 -0.7036
vn 0.6417 0.2785 -0.7146
vn -0.2872 0.9517 0.1088
vn 0.2227 -0.6458 -0.7303
vn -0.2238 0.9066 -0.3579
vn -0.5507 0.0770 -0.8312
vn -0.4247 0.9053 0.0117
vn -0.3965 0.6964 0.5981
vn 0.5580 -0.2138 -0.8018
vn 0.5566 -0.7802 -0.2853
vn -0.4221 -0.8350 -0.3531
vn 0.2959 0.5080 -0.8089
vn 0.1114 0.0520 0.9924
vn 0.0978 -0.9119 0.3986
vn 0.9164 -0.2972 0.2681
vn 0.3199 0.8145 0.4841
vn 0.5455 0.8346 0.0770
vn -0.1884 0.9284 -0.3202
vn 0.7944 0.5981 0.1054
vn 0.2097 0.7471 0.6308
vn 0.3906 -0.2099 -0.8963
vn 0.4562 0.3016 -0.8372
vn 0.1952 0.8672 -0.4582
vn -0.2977 -0.4196 0.8575
vn -0.3582 -0.5698 0.7396
vn 0.3844 0.8208 -0.4225
vn -0.1266 -0.4457 -0.8862
vn -0.4591 -0.7366 0.4965
vn -0.4754 -0.8757 0.0842
vn 0.2262 0.6967 -0.6808
vn 0.2194 0.9484 0.2290
vn -0.1677 0.7543 0.6348
vn -0.3668 -0.8582 -0.3592
vn -0.3420 -0.6534 -0.6754
vn -0.2625 -0.8117 0.5218
vn -0.2234 -0.8681 0.4433
vn -0.2721 -0.9583 0.0870
vn 0.3069 0.7462 0.5908
vn 0.1983 0.3876 0.9003
vn -0.5485 -0.7991 -0.2460
vn -0.6682 -0.5644 -0.4848
vn -0.0740 0.4378 -0.8960
vn 0.5771 0.7433 -0.3383
vn -0.5301 -0.6111 0.5879
vn 0.5901 0.8046 -0.0659
vn 0.4770 0.8471 -0.2341
vn -0.2092 -0.4966 -0.8424
vn 0.3342 0.8697 0.3632
vn -0.4467 -0.3037 0.8416
vn -0.9982 0.0383 -0.0464
vn -0.8546 -0.3655 0.3688
vn -0.1031 -0.8690 -0.4839
vn -0.3768 -0.7237 0.5782
vn -0.6847 -0.2087 -0.6983
vn 0.7155 0.6549 -0.2432
vn 0.2086 0.2409 -0.9479
vn 0.1615 -0.5850 -0.7948
vn 0.4821 0.6901 -0.5397
vn 0.2091 0.1482 0.9666
vn -0.5509 -0.1713 0.8168
vn 0.2526 -0.8367 0.4860
vn -0.0522 -0.9816 0.1836
vn 0.1725 -0.3982 0.9009
vn 0.3182 0.2912 0.9022
vn 0.0251 0.4645 -0.8852
vn 0.6470 -0.7441 0.1667
vn 0.5289 0.6007 0.5995
vn 0.4422 0.8262 0.3490
vn -0.3418 0.9289 -0.1427
vn -0.5777 0.8116 -0.0870
vn 0.0449 -0.9959 -0.0782
vn 0.1124 -0.9775 -0.1787
vn 0.2993 0.9539 -0.0241
vn -0.1745 -0.9718 0.1587
vn 0.4356 -0.9000 0.0171
vn -0.0251 0.6961 -0.7175
vn -0.4366 0.7841 -0.4411
vn -0.4077 0.7829 -0.4700
vn -0.0857 0.9831 -0.1618
vn -0.1299 0.8880 -0.4412
vn -0.0919 -0.9061 -0.4130
vn 0.2364 0.4879 -0.8403
vn -0.4428 -0.2466 0.8621
vn 0.3691 -0.8497 0.3765
vn -0.2094 0.7084 -0.6740
vn -0.0309 0.9469 -0.3200
vn 0.2574 -0.8764 0.4070
vn -0.1110 -0.5929 0.7976
vn 0.5569 -0.4320 0.7094
vn -0.0101 -0.4925 0.8703
vn -0.3780 0.5090 0.7733
vn -0.5173 0.5583 0.6487
vn -0.4569 0.7594 0.4631
vn 0.2789 0.7764 0.5652
vn 0.4354 -0.5605 0.7045
vn -0.4199 -0.5886 -0.6908
vn -0.4015 0.0316 -0.9153
vn 0.7270 0.2929 0.6211
vn 0.5655 0.7184 0.4052
vn 0.4064 -0.1329 0.9040
vn 0.2065 -0.7202 -0.6623
vn -0.1105 -0.9926 -0.0495
vn -0.0982 0.4019 -0.9104
vn 0.4646 -0.0095 -0.8855
vn -0.2676 -0.3364 -0.9029
vn -0.2310 -0.7795 -0.5822
vn -0.5697 0.3338 -0.7511
vn 0.4412 0.3061 0.8436
vn -0.3863 0.2173 -0.8964
vn -0.2179 0.0383 -0.9752
vn 0.0196 0.7304 -0.6827
vn 0.0005 -0.9218 0.3876
vn 0.5243 -0.7561 0.3917
vn 0.0171 0.3627 0.9317
vn 0.5484 -0.2832 0.7868
vn -0.2168 -0.8763 -0.4302
vn -0.0023 -0.9986 0.0525
vn -0.2119 0.9139 -0.3464
vn 0.7349 0.2099 -0.6448
vn -0.1124 0.1345 -0.9845
vn -0.2292 -0.5847 -0.7782
vn -0.1539 -0.9881 -0.0036
vn -0.3149 0.8672 -0.3857
vn -0.4786 -0.2369 0.8455
vn 0.6848 -0.5355 -0.4944
vn -0.1487 0.6093 -0.7788
vn 0.0651 -0.5286 -0.8464
vn 0.0918 -0.0612 -0.9939
vn 0.4769 -0.4402 -0.7608
vn 0.5620 -0.5756 -0.5940
vn -0.1622 0.7906 -0.5905
vn -0.2709 -0.7158 -0.6437
vn -0.8241 0.3737 0.4256
vn -0.1742 0.3173 0.9322
vn -0.3724 0.1284 0.9192
vn -0.0699 0.9633 -0.2591
vn 0.7730 0.2113 -0.5982
vn 0.4598 -0.7420 -0.4878
vn -0.2265 0.7066 0.6704
vn 0.5389 -0.1868 -0.8214
vn 0.3710 0.8404 -0.3951
vn -0.0837 0.9207 0.3813
vn 0.0509 0.9724 -0.2277
vn 0.2391 0.8539 -0.4623
vn -0.2248 -0.9639 0.1427
vn 0.1345 -0.7519 0.6454
vn -0.1580 0.9375 0.3100
vn 0.0538 0.7356 -0.6753
vn 0.1392 0.7783 -0.6122
vn 0.1195 0.7659 -0.6317
vn 0.7436 0.2208 0.6311
vn -0.8006 0.5957 0.0645
vn -0.3625 -0.8854 0.2911
vn 0.0132 -0.9710 -0.2388
vn -0.9109 -0.4095 -0.0515
vn -0.2820 -0.9135 0.2933
vn 0.1172 -0.5749 -0.8098
vn 0.0858 0.4921 -0.8663
vn 0.4593 0.8696 -0.1815
vn 0.7007 0.6432 0.3087
vn 0.1348 0.9813 -0.1376
vn -0.4941 -0.8112 0.3127
vn -0.6740 0.7226 -0.1534
vn -0.4182 -0.9069 0.0509
vn -0.6873 -0.3636 0.6288
vn -0.3377 -0.8897 -0.3073
vn -0.1818 0.2548 -0.9497
vn -0.0669 -0.6550 0.7526
vn 0.0164 -0.4174 0.9086
vn 0.1248 0.5975 -0.7921
vn -0.0464 0.6813 -0.7305
vn 0.3837 -0.4268 -0.8189
vn -0.3315 -0.2855 -0.8992
vn 0.3896 0.1408 -0.9101
vn -0.3815 -0.4241 0.8213
vn -0.4049 -0.2909 0.8669
vn -0.5979 0.6858 0.4148
vn -0.2798 -0.8324 -0.4783
vn -0.0547 0.4704 -0.8807
vn 0.0550 -0.7303 0.6809
vn -0.4145 -0.2432 -0.8770
vn -0.1974 0.1456 -0.9694
vn -0.7758 0.2606 -0.5746
vn -0.2360 -0.9191 0.3154
vn 0.2180 0.8777 -0.4267
vn 0.5609 -0.0531 -0.8262
vn -0.3352 0.8098 0.4815
vn -0.4329 0.3016 0.8495
vn 0.1237 0.7749 0.6199
vn 0.3493 -0.6085 -0.7125
vn 0.5750 -0.6585 -0.4856
vn 0.4039 0.9051 0.1329
vn 0.4425 0.8311 0.3369
vn -0.1502 0.3899 -0.9085
vn -0.3608 0.5156 -0.7771
vn -0.2396 -0.7591 0.6053
vn -0.0825 0.9964 -0.0210
vn 0.3229 -0.9435 -0.0750
vn 0.0020 -0.9892 0.1467
vn 0.3431 -0.7667 -0.5427
vn -0.2734 -0.2732 -0.9223
vn 0.3886 0.7625 0.5173
vn 0.0789 0.9933 -0.0847
vn -0.0146 0.8097 0.5867
vn -0.8320 -0.5505 0.0680
vn -0.7363 -0.6512 -0.1837
vn 0.3139 -0.7605 0.5684
vn 0.0046 -0.9534 0.3018
vn -0.3984 -0.2073 0.8935
vn -0.0864 -0.6991 0.7098
vn -0.5638 0.3296 0.7573
vn -0.3445 0.2131 0.9143
vn -0.5681 -0.6514 -0.5029
vn 0.1704 0.6658 -0.7264
vn -0.2222 0.3302 -0.9174
vn 0.1733 0.4586 -0.8716
vn -0.0874 0.8260 -0.5569
vn -0.0285 0.6084 -0.7931
vn -0.2786 0.6650 -0.6930
vn 0.2530 0.0400 0.9666
vn 0.1780 0.5146 0.8387
vn -0.0048 -0.9119 0.4105
vn -0.3644 -0.8289 -0.4244
vn 0.0316 -0.9811 -0.1910
vn 0.0325 -0.7679 0.6398
vn 0.3087 -0.9431 0.1235
vn -0.0710 0.8833 -0.4634
vn 0.2674 0.3389 0.9020
vn 0.6661 0.3246 0.6716
vn -0.2776 0.9415 0.1912
vn -0.0898 0.9760 -0.1986
vn 0.1681 -0.9151 0.3666
vn 0.2984 0.2821 -0.9118
vn 0.0468 0.6376 -0.7689
vn 0.2989 -0.9430 0.1462
vn -0.1347 0.7525 -0.6446
vn 0.2837 0.9551 -0.0854
vn 0.2917 -0.9557 0.0382
vn 0.4687 0.2687 -0.8415
vn 0.1229 0.7243 -0.6784
vn -0.3164 0.4516 -0.8343
vn 0.5116 -0.2611 0.8186
vn 0.2498 -0.6367 0.7295
vn -0.0623 0.9953 0.0742
vn 0.0260 0.7170 0.6966
vn 0.2363 -0.7859 -0.5715
vn 0.1208 -0.9926 0.0074
vn -0.0139 0.9832 -0.1818
vn 0.0396 0.8582 0.5118
vn 0.6191 -0.6602 -0.4252
vn 0.6944 -0.4337 -0.5742
vn 0.6243 -0.2356 -0.7448
vn -0.5969 -0.7437 -0.3010
vn -0.1860 0.7150 -0.6739
vn -0.2256 0.8057 -0.5477
vn 0.5421 -0.7850 -0.2999
vn -0.6924 0.3711 -0.6187
vn 0.4175 0.3728 -0.8287
vn -0.6028 0.6673 0.4374
vn -0.3231 -0.7917 0.5185
vn -0.1818 -0.0660 0.9811
vn -0.2043 0.4756 0.8556
vn -0.3876 -0.7021 0.5973
vn -0.2505 -0.4258 0.8694
vn 0.0389 0.8839 0.4661
vn -0.2433 0.8618 0.4451
vn 0.1302 -0.5470 0.8270
vn 0.3864 -0.0336 0.9217
vn 0.1874 0.6857 -0.7034
vn -0.0550 0.9933 -0.1012
vn 0.5046 0.7476 -0.4319
vn 0.8914 0.1569 -0.4253
vn -0.3951 -0.7479 -0.5334
vn -0.3061 -0.2064 -0.9293
vn 0.6375 0.4187 0.6467
vn 0.3349 0.5257 0.7820
vn -0.7481 -0.2345 0.6207
vn -0.4050 0.6917 0.5979
vn -0.2570 0.2721 -0.9273
vn -0.0798 0.7055 -0.7042
vn 0.6870 -0.4828 0.5430
vn 0.1519 0.7151 -0.6823
vn -0.0668 0.6337 -0.7707
vn 0.1608 0.6628 -0.7314
vn -0.6120 -0.7672 -0.1919
vn -0.5580 -0.7406 -0.3745
vn -0.3094 -0.9168 0.2523
vn 0.2258 0.9108 -0.3455
vn 0.4512 0.8917 0.0365
vn -0.2007 0.0974 -0.9748
vn 0.0770 0.0717 -0.9945
vn -0.1952 -0.4231 -0.8848
vn 0.1382 0.9615 0.2377
vn 0.2939 0.8065 0.5129
vn 0.1222 -0.1901 0.9741
vn 0.2984 0.4211 0.8565
vn 0.2402 -0.2714 0.9320
vn -0.3800 0.3879 -0.8397
vn 0.1760 0.8161 -0.5504
vn -0.4188 -0.4166 0.8068
vn 0.2668 0.8952 0.3570
vn -0.2809 -0.8834 0.3751
vn 0.8312 -0.5480 0.0937
vn -0.5835 -0.8029 0.1221
vn -0.1395 -0.9616 0.2363
vn 0.0595 -0.9656 0.2533
vn 0.3871 0.8898 -0.2418
vn -0.4643 -0.7113 -0.5277
vn 0.2204 0.8239 -0.5222
vn 0.3093 0.6439 0.6998
vn -0.2459 0.9506 0.1896
vn 0.6399 -0.7368 -0.2184
vn 0.7174 -0.4274 -0.5502
vn -0.4946 0.0136 -0.8690
vn -0.3763 0.4163 -0.8277
vn -0.2824 0.2626 -0.9227
vn 0.3110 0.9362 -0.1637
vn -0.6622 -0.4943 -0.5632
vn -0.5590 -0.2193 -0.7996
vn -0.3097 -0.9504 0.0305
vn -0.0776 -0.6424 -0.7624
vn -0.0080 -0.8106 0.5855
vn 0.0536 -0.0257 -0.9982
vn -0.9603 0.0172 -0.2785
vn 0.3802 -0.7721 0.5093
vn 0.1884 -0.9577 0.2175
vn 0.5962 0.7932 -0.1243
vn 0.6573 0.7268 0.1993
vn -0.3890 0.4411 -0.8088
vn 0.6535 -0.7318 0.1934
vn 0.6743 -0.6541 -0.3429
vn -0.7468 -0.6176 0.2467
vn -0.7115 -0.7027 -0.0036
vn -0.9411 0.0611 0.3327
vn -0.7547 0.2683 0.5987
vn -0.3164 0.9348 0.1614
vn -0.6880 0.5976 0.4117
vn -0.4145 0.9092 -0.0399
vn 0.8879 -0.3464 -0.3028
vn 0.2891 0.7031 0.6497
vn -0.2303 -0.9458 -0.2289
vn 0.1314 -0.9438 -0.3032
vn -0.2265 -0.8878 0.4007
vn 0.4942 0.0797 -0.8657
vn 0.6887 -0.7136 -0.1284
vn 0.8865 -0.0194 0.4624
vn 0.0247 -0.3500 0.9364
vn -0.0277 0.6442 0.7643
vn 0.3360 -0.8192 0.4648
vn 0.3440 -0.6069 0.7165
vn 0.2923 0.2194 0.9308
vn -0.2093 0.9171 -0.3393
vn -0.2618 0.9262 0.2712
vn 0.1624 -0.7794 -0.6052
vn 0.0855 -0.7984 0.5960
vn 0.2956 0.7674 -0.5689
vn 0.2204 0.5762 -0.7871
vn -0.2873 0.6916 0.6627
vn 0.1689 -0.1838 0.9683
vn -0.0097 0.2506 0.9680
vn -0.0072 -0.7191 -0.6949
vn 0.1265 -0.3110 0.9419
vn -0.0327 -0.7217 0.6914
vn 0.7307 -0.6772 -0.0859
vn -0.1050 0.0747 -0.9917
vn -0.5453 -0.2721 -0.7928
vn 0.3993 0.9118 -0.0955
vn 0.4050 0.8758 0.2625
vn -0.2512 0.7018 -0.6666
vn -0.2809 0.9585 -0.0491
vn -0.4734 0.1597 -0.8662
vn -0.1976 -0.7404 -0.6424
vn -0.2153 0.0372 0.9759
vn 0.2591 0.8099 -0.5262
vn 0.2336 0.9436 -0.2348
vn -0.3672 -0.9301 0.0049
vn -0.2319 -0.6800 0.6955
vn 0.0302 -0.1750 -0.9841
vn -0.1705 -0.6902 -0.7032
vn 0.1495 -0.6336 0.7590
vn 0.0871 -0.2606 -0.9615
vn 0.3547 0.1478 -0.9232
vn -0.6724 -0.3639 0.6445
vn -0.1880 -0.8575 -0.4789
vn -0.4110 -0.8991 0.1505
vn -0.3390 0.2655 0.9025
vn -0.0775 -0.1297 0.9885
vn -0.5440 -0.4280 0.7217
vn -0.5715 -0.8192 0.0478
vn -0.1854 -0.1787 0.9663
vn -0.1219 0.3255 0.9377
vn -0.2127 -0.6347 -0.7429
vn -0.3866 -0.5804 0.7167
vn -0.3675 -0.7517 0.5475
vn -0.4637 -0.8114 0.3557
vn 0.3533 -0.8725 -0.3375
vn -0.0534 -0.9015 0.4294
vn 0.6904 0.2634 -0.6738
vn -0.6447 -0.6361 0.4239
vn -0.7960 -0.3810 0.4704
vn 0.7489 0.6387 0.1766
vn 0.9457 0.3185 -0.0654
vn 0.4337 0.5549 -0.7099
vn 0.5110 0.2727 -0.8152
vn 0.1654 0.9788 -0.1210
vn -0.9443 0.3028 0.1292
vn -0.8976 0.3410 0.2794
vn 0.5082 -0.0698 0.8584
vn 0.1539 0.1827 0.9710
vn 0.5172 -0.2316 -0.8240
vn -0.8662 -0.1540 -0.4753
vn 0.9922 -0.0682 -0.1047
vn 0.7938 -0.1213 -0.5959
vn 0.0543 0.6059 0.7937
vn 0.2913 -0.7897 0.5400
vn 0.1987 -0.9543 0.2231
vn 0.8112 0.1088 0.5746
vn 0.7518 -0.4364 0.4943
vn 0.7635 -0.3684 -0.5304
vn 0.9189 -0.2865 0.2712
vn -0.8568 0.3174 -0.4063
vn -0.6465 0.6936 -0.3176
vn -0.7589 -0.1144 -0.6411
vn 0.9374 -0.3437 -0.0561
vn 0.9915 -0.0396 -0.1236
vn 0.8105 -0.5265 -0.2568
vn 0.8161 -0.3490 -0.4606
vn 0.6682 0.0507 -0.7422
vn 0.5873 0.6865 0.4287
vn -0.6204 -0.7821 0.0584
vn 0.7800 0.0210 0.6255
vn 0.7188 0.6259 0.3025
vn 0.7845 0.4395 0.4375
vn 0.3546 0.8407 -0.4093
vn 0.4952 0.7973 -0.3451
vn 0.4802 0.5371 0.6935
vn 0.9395 -0.3008 -0.1639
vn -0.6792 -0.0989 -0.7273
vn 0.8949 -0.0424 0.4442
vn 0.9781 -0.0625 -0.1984
vn -0.0763 0.1921 -0.9784
vn 0.5306 0.3209 0.7845
vn -0.7836 0.2937 -0.5475
vn 0.3629 -0.3394 0.8678
vn -0.4881 0.6434 -0.5898
vn 0.8246 0.2713 -0.4964
vn -0.9225 -0.3528 0.1564
vn -0.1701 0.9116 0.3741
vn -0.2479 0.9662 0.0700
vn -0.8330 -0.2510 -0.4930
vn -0.9929 -0.0591 -0.1034
vn 0.4719 0.4372 -0.7656
vn -0.7285 0.0529 0.6830
vn -0.7032 -0.4969 0.5086
vn -0.7393 -0.1533 -0.6557
vn -0.8418 -0.5388 -0.0310
vn -0.9480 0.2127 -0.2367
vn -0.8517 0.3739 -0.3673
vn -0.4878 -0.8726 0.0243
vn -0.5468 0.7467 -0.3788
vn -0.5154 -0.6928 0.5044
vn -0.3470 -0.1112 0.9312
vn -0.5026 -0.3016 0.8102
vn -0.9273 0.3712 0.0488
vn -0.6293 0.1862 0.7545
vn -0.2489 0.5816 0.7745
vn -0.5894 0.5882 0.5537
vn -0.1822 0.0035 0.9832
vn -0.5991 -0.7628 0.2433
vn 0.6980 -0.2838 0.6575
vn 0.5761 0.5647 0.5909
vn -0.7582 -0.5404 0.3650
vn 0.5515 0.4036 0.7301
vn 0.6672 0.6391 0.3826
vn 0.5116 0.6462 -0.5662
vn -0.5686 -0.4978 -0.6549
vn 0.3506 0.4756 -0.8068
vn 0.4664 0.8801 0.0889
vn 0.5897 0.7226 0.3608
vn -0.9819 -0.1874 0.0274
vn -0.7677 -0.4277 -0.4773
vn -0.3382 -0.2928 -0.8944
vn -0.0092 -0.5887 -0.8083
vn -0.3096 0.4564 -0.8342
vn 0.8321 0.0903 -0.5472
vn 0.6141 -0.6670 -0.4218
vn 0.7217 0.3918 0.5706
vn -0.3767 0.9010 -0.2153
vn 0.6355 -0.7615 -0.1275
vn 0.7968 0.2428 -0.5533
vn 0.5522 -0.2591 0.7925
vn 0.1207 -0.9791 0.1638
vn 0.7254 -0.6784 -0.1165
vn 0.9331 0.3242 -0.1558
vn 0.8806 0.3212 0.3485
vn 0.5115 0.1118 -0.8520
vn 0.8023 -0.5879 -0.1031
vn 0.5838 -0.3342 0.7399
vn -0.5750 -0.0767 0.8145
vn 0.3378 -0.6630 0.6681
vn -0.3026 0.5700 -0.7639
vn 0.0198 0.7682 -0.6399
vn -0.6921 0.2926 -0.6598
vn -0.0893 0.9280 -0.3618
vn 0.0176 0.9561 -0.2925
vn -0.4854 -0.8410 -0.2389
vn -0.5528 -0.6279 -0.5480
vn 0.0436 0.9776 0.2059
vn -0.1957 -0.9490 -0.2473
vn 0.6510 -0.1019 -0.7522
vn 0.6809 -0.6396 -0.3568
vn -0.4989 -0.7504 0.4335
vn -0.0770 -0.5248 0.8477
vn 0.0759 -0.8325 0.5488
vn 0.2229 -0.7967 0.5618
vn 0.4175 -0.3675 0.8310
vn -0.3759 0.9239 -0.0713
vn 0.1155 0.7984 -0.5910
vn -0.3605 0.9322 0.0306
vn -0.1944 0.9126 0.3596
vn 0.0627 0.8598 0.5067
vn -0.1269 -0.9579 0.2573
vn -0.2058 0.6727 -0.7107
vn 0.3591 0.8765 0.3206
vn 0.4572 0.5872 0.6679
vn 0.5744 -0.6998 -0.4246
vn -0.5837 0.8078 -0.0822
vn -0.1850 -0.9694 -0.1612
vn 0.0439 -0.7697 -0.6369
vn 0.1543 0.5568 -0.8162
vn 0.4486 0.0460 -0.8925
vn -0.0511 0.6867 -0.7251
vn 0.3498 -0.9338 0.0758
vn 0.4989 -0.8402 0.2123
vn 0.7628 -0.6323 -0.1356
vn -0.4673 0.8833 0.0371
vn 0.3799 0.7608 0.5262
vn -0.4110 -0.1823 0.8932
vn 0.2453 -0.4700 -0.8479
vn 0.1415 0.1574 -0.9773
vn 0.3250 0.0590 -0.9439
vn 0.1598 -0.3292 -0.9306
vn 0.0100 0.6926 -0.7212
vn 0.2332 0.8962 -0.3774
vn 0.2775 0.5981 -0.7519
vn 0.4872 -0.1662 0.8573
vn 0.6897 -0.6596 -0.2986
vn 0.1411 -0.8847 -0.4443
vn 0.8116 0.4384 -0.3861
vn 0.3461 0.7958 -0.4969
vn -0.0012 0.9282 -0.3722
vn 0.6122 0.4636 0.6405
vn -0.0025 0.9836 -0.1805
vn -0.0274 0.9916 -0.1266
vn -0.1997 0.6338 -0.7473
vn -0.3920 -0.9173 -0.0703
vn 0.1127 -0.9933 -0.0261
vn -0.4062 -0.9125 0.0485
vn -0.7006 -0.6479 -0.2990
vn -0.0974 -0.8352 -0.5412
vn 0.2826 -0.4837 -0.8284
vn -0.0163 -0.7250 -0.6886
vn -0.2457 0.3643 -0.8983
vn 0.6231 0.5391 0.5667
vn 0.4101 0.2319 0.8821
vn -0.4351 0.3003 -0.8488
vn -0.2029 -0.8748 0.4400
vn -0.2442 -0.9675 0.0656
vn -0.2717 0.9402 0.2054
vn -0.1893 -0.9526 0.2381
vn 0.0283 0.9575 0.2870
vn -0.9839 0.0636 -0.1670
vn 0.0957 -0.9736 0.2071
vn 0.1635 0.8065 0.5681
vn -0.3877 0.4937 -0.7784
vn -0.5511 0.8333 -0.0421
vn 0.2062 -0.5562 0.8050
vn -0.4689 0.6478 0.6005
vn -0.3590 0.8473 0.3914
vn -0.6891 0.7178 -0.0994
vn -0.6981 0.6444 -0.3120
vn -0.4531 -0.8890 -0.0669
vn -0.8556 -0.5175 0.0102
vn 0.5306 0.7513 -0.3924
vn -0.4854 0.5935 0.6420
vn -0.2369 -0.6351 -0.7352
vn -0.6232 -0.3636 -0.6924
vn -0.6651 0.0678 -0.7437
vn -0.8987 -0.2597 -0.3534
vn 0.0075 -0.5243 -0.8515
vn -0.2055 -0.9596 0.1923
vn -0.4840 -0.8679 0.1115
vn -0.4332 0.8814 0.1882
vn -0.2876 0.9340 -0.2117
vn -0.2209 0.9723 -0.0764
vn 0.2168 0.8520 -0.4765
vn 0.1812 -0.8674 -0.4635
vn 0.0672 -0.4717 -0.8792
vn 0.2286 0.2062 -0.9514
vn -0.2268 0.1819 0.9568
vn -0.1545 0.4203 -0.8941
vn -0.5545 0.4199 -0.7185
vn 0.3479 0.7867 0.5099
vn -0.0156 0.8306 0.5566
vn -0.6662 -0.5677 0.4837
vn 0.7047 -0.5099 0.4933
vn -0.4071 0.9127 0.0349
vn -0.3910 0.5968 0.7006
vn -0.7790 0.5418 0.3156
vn -0.3836 0.7457 -0.5448
vn -0.0661 -0.0864 0.9941
vn -0.3162 -0.1089 -0.9424
vn -0.7280 -0.6856 -0.0030
vn 0.3758 0.9242 0.0673
vn -0.5858 -0.4395 0.6809
vn -0.3948 0.7838 0.4792
vn 0.2478 0.9529 0.1746
vn -0.4061 -0.9095 0.0890
vn 0.6332 -0.6415 -0.4331
vn -0.4972 -0.2114 0.8415
vn -0.0964 -0.5890 0.8024
vn -0.1125 0.5416 0.8331
vn 0.8380 -0.4694 -0.2783
vn -0.7423 -0.4306 0.5134
vn 0.1366 -0.8091 -0.5716
vn -0.2878 -0.3568 -0.8888
vn 0.8523 -0.5219 0.0353
vn -0.5600 -0.7215 0.4073
vn 0.4015 0.8640 -0.3039
vn -0.4974 -0.8420 -0.2088
vn -0.6655 -0.0427 -0.7452
vn -0.6065 -0.1236 0.7854
vn -0.1628 -0.6337 -0.7562
vn -0.2780 -0.7935 0.5413
vn -0.2991 -0.8918 -0.3395
vn -0.2463 0.7807 0.5743
vn -0.5877 0.3445 -0.7321
vn -0.1889 -0.3177 -0.9292
vn -0.4362 -0.6715 -0.5991
vn -0.2088 0.9221 0.3257
vn -0.0388 0.9086 0.4158
vn -0.4352 0.0333 0.8997
vn -0.2499 0.8205 -0.5141
vn -0.7102 0.7013 -0.0620
vn -0.2770 0.9515 0.1339
vn -0.5389 0.3696 0.7570
vn -0.2205 0.8074 -0.5473
vn -0.7743 0.3366 0.5359
vn -0.5754 0.0673 0.8151
vn -0.5652 0.3244 0.7585
vn 0.2688 -0.9593 0.0868
vn -0.3182 -0.1284 -0.9393
vn 0.1117 -0.7628 -0.6370
vn 0.1835 -0.9587 0.2172
vn -0.1747 0.6040 0.7776
vn 0.2663 -0.5500 -0.7916
vn -0.3271 -0.7157 -0.6170
vn 0.1940 -0.9316 -0.3073
vn 0.3533 0.7392 -0.5734
vn -0.0992 0.8562 -0.5071
vn 0.4238 -0.5859 0.6907
vn -0.1158 -0.9233 0.3662
vn 0.1708 -0.9796 0.1064
vn 0.0739 -0.9039 -0.4213
vn -0.6510 0.6511 -0.3902
vn 0.0148 -0.0390 -0.9991
vn -0.7355 0.3174 -0.5987
vn 0.3283 -0.5170 0.7905
vn -0.4804 -0.0093 0.8770
vn -0.3637 -0.7158 -0.5961
vn 0.5195 0.4638 -0.7177
vn 0.4098 -0.4632 0.7858
vn 0.0215 0.9984 0.0520
vn -0.2273 0.6562 -0.7195
vn 0.1786 -0.6884 -0.7030
vn -0.7074 0.3842 -0.5932
vn -0.4909 0.8417 -0.2248
vn 0.1969 0.6386 0.7439
vn 0.1998 0.9584 -0.2039
vn 0.0744 0.8513 0.5193
vn -0.2151 -0.8700 -0.4437
vn 0.1756 0.8757 0.4497
vn -0.7753 -0.4259 0.4663
vn 0.1156 0.9315 0.3449
vn -0.3162 0.5947 0.7392
vn -0.4347 -0.8414 -0.3210
vn -0.1941 0.9032 -0.3828
vn 0.2858 0.5257 0.8012
vn -0.3292 -0.6383 0.6959
vn -0.0897 -0.1905 -0.9776
vn -0.2178 -0.0727 -0.9733
vn -0.2313 -0.9168 0.3255
vn -0.2834 -0.9436 -0.1710
vn -0.3436 -0.7176 -0.6058
vn 0.2017 0.6276 -0.7519
vn -0.2343 0.6872 -0.6876
vn -0.3412 -0.0891 0.9358
vn 0.1842 -0.6667 -0.7222
vn 0.0943 0.9267 0.3637
vn 0.0614 0.6308 0.7735
vn 0.3326 0.8981 0.2879
vn 0.4922 0.6952 0.5239
vn 0.0912 0.9707 -0.2222
vn -0.2727 -0.9594 0.0722
vn -0.0712 0.0099 -0.9974
vn -0.6685 -0.7302 0.1412
vn -0.7671 0.6036 -0.2173
vn -0.0827 0.8451 -0.5281
vn -0.0343 0.7677 -0.6399
vn -0.4025 0.8475 -0.3461
vn 0.7667 -0.3772 0.5195
vn -0.5366 -0.8436 0.0199
vn -0.6759 -0.6961 -0.2421
vn 0.9854 0.1535 -0.0730
vn -0.0713 0.9971 -0.0257
vn 0.0104 0.9547 -0.2974
vn 0.1515 0.9857 -0.0732
vn -0.7501 0.3983 -0.5280
vn -0.6536 0.6387 -0.4061
vn -0.8427 0.5277 -0.1066
vn -0.9900 0.0050 0.1411
vn 0.6084 0.7813 0.1395
vn 0.7576 -0.3509 -0.5503
vn 0.8268 -0.3336 -0.4528
vn 0.9926 0.1001 -0.0686
vn 0.8377 -0.3788 0.3934
vn 0.5736 -0.8075 -0.1376
vn -0.4989 -0.3040 -0.8116
vn 0.6276 0.1944 -0.7538
vn 0.8664 0.4806 -0.1358
vn -0.8863 -0.3106 0.3435
vn -0.6886 -0.7235 0.0496
vn -0.7146 -0.5674 -0.4092
vn -0.0619 0.9964 0.0586
vn 0.7777 -0.2597 -0.5724
vn -0.9112 0.0991 -0.3999
vn 0.8367 0.4405 -0.3252
vn 0.5250 0.6559 -0.5424
vn -0.6310 -0.4239 0.6497
vn -0.8212 -0.0306 0.5699
vn -0.8651 0.4152 0.2813
vn 0.4806 -0.8017 -0.3553
vn 0.4860 0.3492 -0.8011
vn -0.8155 -0.2396 -0.5268
vn -0.2603 0.9638 0.0584
vn 0.3147 -0.8784 0.3597
vn 0.3776 0.7021 0.6037
vn -0.4463 0.8632 0.2359
vn -0.5310 0.4160 0.7382
vn -0.5432 0.4311 0.7205
vn -0.7917 0.1196 0.5991
vn -0.6942 -0.7196 0.0140
vn 0.4401 0.7626 0.4740
vn 0.6311 -0.2567 -0.7320
vn 0.4399 0.3859 -0.8109
vn 0.9314 0.1576 -0.3280
vn 0.2667 0.5985 -0.7554
vn -0.9480 -0.2351 0.2146
vn -0.9850 0.0339 -0.1690
vn -0.6813 -0.3942 0.6168
vn -0.3992 0.5523 0.7318
vn -0.4810 -0.8716 -0.0951
vn 0.7791 0.5613 -0.2791
vn 0.9700 -0.1494 0.1917
vn -0.7558 -0.4560 0.4700
vn -0.7775 0.4608 0.4279
vn 0.6879 0.0273 -0.7253
vn 0.9990 0.0145 0.0413
vn 0.9946 0.0147 -0.1024
vn -0.5643 -0.8043 0.1862
vn -0.3830 0.7268 -0.5702
vn -0.2361 -0.6109 -0.7557
vn 0.1593 0.1605 0.9741
vn 0.1146 -0.9270 -0.3571
vn 0.4511 -0.7401 0.4988
vn 0.7881 -0.5361 -0.3024
vn 0.5503 0.7599 0.3459
vn 0.1872 -0.7024 0.6867
vn 0.9220 -0.0013 -0.3872
vn -0.3071 0.9059 0.2916
vn -0.0111 0.7928 0.6093
vn -0.2319 -0.5345 -0.8127
vn 0.1226 0.2075 -0.9705
vn -0.2689 0.6086 -0.7465
vn 0.0300 0.7246 0.6885
vn 0.0406 0.6379 0.7691
vn 0.4546 -0.1562 0.8769
vn -0.3786 0.8694 -0.3174
vn 0.1253 -0.8772 -0.4634
vn 0.4513 0.8915 -0.0404
vn 0.1416 0.9891 -0.0394
vn 0.0572 -0.5506 -0.8328
vn -0.4759 -0.6975 0.5358
vn -0.5429 -0.7666 -0.3430
vn -0.4183 0.7035 0.5746
vn -0.1597 0.4657 -0.8704
vn 0.2670 0.9488 0.1687
vn -0.7283 0.3737 0.5744
vn 0.2846 0.8223 0.4927
vn -0.3601 -0.6783 0.6405
vn 0.5261 0.8284 -0.1924
vn -0.4399 -0.8392 -0.3196
vn -0.8116 -0.3732 -0.4494
vn 0.5177 -0.6778 -0.5221
vn 0.6665 -0.7441 -0.0456
vn 0.3004 0.9538 0.0076
vn -0.1999 0.9363 -0.2887
vn 0.1642 -0.8569 0.4886
vn 0.8631 -0.4092 0.2959
vn 0.3001 -0.9407 -0.1580
vn 0.0114 0.0069 -0.9999
vn -0.8166 -0.3208 -0.4799
vn 0.2304 0.9008 -0.3682
vn -0.1934 -0.6460 -0.7384
vn -0.2860 0.0155 -0.9581
vn 0.4962 0.8681 0.0110
vn 0.7065 -0.1492 0.6918
vn 0.9401 -0.2251 0.2562
vn -0.2972 -0.3247 0.8979
vn -0.5525 -0.0387 0.8326
vn -0.0198 0.7170 0.6968
vn -0.0281 0.9050 0.4246
vn 0.1826 -0.9748 0.1278
vn 0.4227 -0.6964 0.5800
vn -0.4080 -0.7700 -0.4905
vn -0.0808 -0.9613 -0.2634
vn -0.0762 0.4886 -0.8691
vn 0.3096 0.4132 -0.8564
vn 0.3315 0.0289 -0.9430
vn 0.1736 -0.8970 0.4066
vn -0.6983 0.5005 -0.5118
vn -0.4666 -0.6433 -0.6070
vn -0.5266 0.8407 -0.1264
vn 0.4691 0.8750 -0.1194
vn -0.3008 -0.8891 -0.3450
vn -0.3803 -0.8965 0.2274
vn 0.1410 0.9887 0.0508
vn -0.3966 0.2443 -0.8849
vn -0.3605 -0.9323 -0.0284
vn -0.1982 0.5322 -0.8231
vn 0.0912 -0.9679 -0.2343
vn -0.3547 0.6368 0.6846
vn 0.3279 -0.6172 0.7152
vn -0.0742 -0.7914 0.6068
vn 0.0718 0.7916 -0.6067
vn -0.3069 0.8440 0.4399
vn -0.1655 0.9259 -0.3396
vn -0.3680 -0.9119 0.1818
vn 0.2349 0.2403 0.9418
vn 0.2555 -0.3499 0.9013
vn 0.3007 0.2217 0.9276
vn 0.2518 0.9447 -0.2102
vn 0.1371 -0.8767 -0.4611
vn 0.2190 -0.9757 0.0086
vn 0.3296 -0.8720 -0.3620
vn -0.1266 0.5254 0.8414
vn 0.0551 0.0316 0.9980
vn -0.0881 -0.0005 -0.9961
vn 0.3324 0.4495 0.8291
vn 0.3472 -0.9285 0.1317
vn 0.0955 -0.9656 0.2417
vn -0.1458 0.9827 -0.1141
vn 0.0587 0.8299 0.5547
vn 0.1739 -0.0550 -0.9832
vn -0.2844 0.3149 -0.9055
vn 0.7659 0.3236 -0.5555
vn -0.1675 0.7752 0.6091
vn 0.0639 -0.6006 -0.7970
vn -0.0346 0.1691 0.9850
vn 0.0581 -0.4572 -0.8874
vn 0.2332 -0.7944 -0.5608
vn -0.2200 0.8556 -0.4686
vn -0.1867 0.1426 -0.9720
vn -0.4086 0.5736 -0.7100
vn 0.0938 0.1179 -0.9886
vn 0.0866 -0.3312 -0.9396
vn 0.0030 0.9998 -0.0177
vn -0.4025 0.4097 0.8186
vn -0.5620 0.8059 -0.1861
vn 0.0801 -0.8997 -0.4291
vn -0.0459 -0.9467 0.3188
vn -0.2408 -0.2350 0.9417
vn 0.4036 -0.4908 0.7722
vn 0.4588 0.4878 0.7427
vn -0.5057 -0.8624 0.0244
vn 0.1866 -0.7989 0.5719
vn 0.3758 -0.7940 0.4778
vn 0.5083 0.0356 -0.8605
vn 0.4577 0.2213 -0.8611
vn 0.8993 0.1958 -0.3910
vn -0.9202 0.3118 0.2368
vn -0.7185 0.3818 0.5814
vn 0.2058 -0.6275 -0.7509
vn 0.8089 -0.4054 -0.4258
vn -0.3371 -0.5869 0.7361
vn 0.1220 0.9733 0.1942
vn -0.0903 0.6770 0.7304
vn -0.5582 -0.6972 0.4498
vn -0.1507 0.9806 0.1250
vn -0.3010 0.7370 0.6052
vn -0.6300 0.7162 0.3003
vn -0.2312 -0.9332 0.2750
vn 0.1771 -0.9201 0.3492
vn 0.1425 0.6835 0.7159
vn -0.1245 -0.9917 0.0315
vn 0.4026 -0.9126 -0.0712
vn -0.6676 0.4811 -0.5682
vn -0.0511 0.8040 0.5925
vn -0.2866 0.9574 0.0355
vn 0.0501 0.9983 0.0290
vn 0.9098 -0.3909 0.1395
vn 0.3434 0.9359 0.0789
vn -0.4637 0.1783 0.8679
vn 0.4636 -0.7423 0.4838
vn 0.2699 0.9541 0.1299
vn 0.1111 0.2363 -0.9653
vn -0.2673 -0.1896 -0.9448
vn 0.3215 0.5367 -0.7801
vn 0.0827 0.7160 0.6932
vn 0.7305 0.6828 -0.0137
vn -0.0943 0.9875 -0.1265
vn 0.4426 0.2427 0.8633
vn -0.0086 -0.9066 -0.4219
vn -0.1839 -0.9597 0.2123
vn -0.3377 -0.0984 0.9361
vn -0.7816 0.0091 0.6237
vn -0.5840 0.4579 0.6703
vn -0.5541 0.0630 -0.8300
vn -0.8476 -0.3156 -0.4266
vn -0.9990 0.0400 -0.0219
vn -0.9347 0.1848 -0.3036
vn -0.0478 -0.9807 0.1895
vn 0.1777 0.9515 0.2512
vn 0.8428 -0.4206 0.3359
vn -0.9865 0.1442 0.0772
vn -0.8206 -0.4818 -0.3076
vn -0.6751 -0.5010 -0.5415
vn -0.5471 0.2310 -0.8045
vn -0.2258 0.6615 -0.7151
vn -0.3539 0.4284 -0.8314
vn -0.6930 -0.4622 -0.5533
vn -0.2156 -0.1250 0.9684
vn 0.3529 0.9104 -0.2159
vn 0.1683 0.9199 -0.3543
vn -0.3383 0.9271 -0.1614
vn -0.3645 -0.8858 -0.2872
vn -0.6019 -0.2136 0.7695
vn 0.6733 0.3309 -0.6612
vn 0.9879 0.1512 0.0343
vn 0.5115 -0.6219 -0.5929
vn -0.7729 -0.3113 -0.5529
vn 0.4018 0.9017 -0.1596
vn 0.4514 0.5410 0.7096
vn 0.6514 -0.3751 -0.6595
vn 0.8481 0.4980 0.1807
vn 0.9641 0.2635 -0.0326
vn -0.7371 -0.6295 -0.2457
vn -0.9238 -0.1702 0.3429
vn 0.8468 -0.3273 0.4193
vn 0.2820 -0.8527 0.4398
vn 0.6473 -0.7404 -0.1809
vn -0.5637 0.7020 0.4353
vn -0.4777 0.6889 -0.5452
vn -0.6914 0.1535 0.7059
vn -0.4228 -0.9060 -0.0205
vn -0.2404 0.9700 -0.0368
vn -0.7030 0.2577 -0.6628
vn -0.7261 -0.2614 -0.6360
vn -0.5392 -0.2118 -0.8152
vn -0.9755 0.1790 -0.1281
vn -0.4734 0.5369 -0.6982
vn -0.8823 0.4121 -0.2273
vn -0.6037 -0.6747 0.4246
vn 0.5596 -0.8146 -0.1526
vn 0.8719 -0.4552 -0.1806
vn 0.9657 0.0334 -0.2576
vn 0.4849 -0.5931 -0.6428
vn 0.2580 -0.0075 -0.9661
vn -0.8142 0.2969 -0.4989
vn -0.6116 0.5616 0.5573
vn -0.4966 -0.2885 0.8186
vn 0.7341 0.6774 -0.0468
vn 0.5643 -0.1906 0.8033
vn 0.0945 -0.6525 0.7518
vn 0.3253 0.6284 -0.7066
vn 0.2683 0.9457 0.1837
vn -0.4267 0.7140 -0.5551
vn -0.2115 0.9752 -0.0653
vn -0.3065 0.8868 0.3458
vn 0.2641 -0.9464 -0.1861
vn -0.5084 0.2629 -0.8200
vn 0.5287 0.3355 -0.7797
vn 0.1032 0.2926 -0.9507
vn -0.1087 -0.4547 0.8840
vn -0.3529 -0.1373 -0.9255
vn -0.1296 -0.6983 -0.7040
vn -0.2764 -0.4922 -0.8254
vn -0.5908 -0.1068 0.7997
vn -0.1083 0.7180 -0.6876
vn -0.2886 0.6865 0.6675
vn -0.1988 0.1012 -0.9748
vn -0.4569 -0.6785 0.5752
vn 0.1109 -0.3027 0.9466
vn 0.1374 0.9896 0.0417
vn -0.2334 -0.9626 -0.1375
vn 0.3474 0.8823 -0.3175
vn 0.5987 0.7854 -0.1573
vn 0.7546 0.6458 0.1163
vn 0.7391 -0.6733 0.0222
vn 0.2281 -0.9366 0.2659
vn -0.0923 0.9118 0.4001
vn -0.4372 0.8888 -0.1377
vn 0.6523 -0.1744 0.7377
vn 0.2070 -0.7855 0.5832
vn -0.5631 -0.6812 -0.4679
vn -0.1578 0.7901 -0.5924
vn 0.1635 0.7561 -0.6337
vn 0.2117 0.3759 0.9022
vn -0.2495 0.5559 -0.7930
vn -0.3742 0.7410 -0.5576
vn 0.1332 -0.9354 -0.3277
vn -0.0698 -0.9964 0.0479
vn 0.3469 0.9372 -0.0369
vn 0.2918 0.8909 -0.3481
vn 0.4062 0.8886 -0.2131
vn 0.2244 0.9050 -0.3614
vn -0.1287 -0.7508 0.6479
vn -0.1042 -0.8794 0.4645
vn 0.5425 0.8398 0.0218
vn -0.0961 -0.9887 -0.1147
vn 0.8760 -0.4679 0.1167
vn 0.4518 0.7244 0.5207
vn 0.2347 -0.9488 -0.2115
vn -0.4562 -0.8619 0.2214
vn 0.5338 -0.8307 0.1581
vn 0.0159 0.9841 -0.1769
vn 0.2996 -0.9472 -0.1144
vn 0.4405 0.8607 0.2552
vn 0.4436 -0.6048 0.6614
vn 0.1425 -0.9557 0.2574
vn -0.4514 0.0299 -0.8918
vn 0.0909 -0.9742 0.2064
vn 0.2659 -0.6954 0.6676
vn -0.1139 -0.8551 0.5058
vn -0.0592 -0.9503 0.3056
vn 0.5727 0.3953 -0.7181
vn -0.3462 0.6665 0.6602
vn 0.4132 -0.0946 0.9057
vn -0.3121 0.9221 -0.2287
vn -0.3924 0.6517 -0.6490
vn -0.1068 -0.9781 0.1785
vn -0.0874 -0.9710 0.2224
vn -0.3215 -0.4654 0.8246
vn 0.1958 -0.9800 0.0366
vn -0.0329 -0.2194 0.9751
vn 0.2821 -0.8659 -0.4130
vn -0.0624 0.9899 -0.1274
vn 0.2559 0.9649 0.0586
vn -0.2263 -0.7382 -0.6355
vn -0.5507 -0.4681 -0.6910
vn -0.3180 0.0965 0.9432
vn 0.1391 0.6744 0.7252
vn -0.1766 0.9677 -0.1798
vn -0.3252 -0.8426 -0.4292
vn -0.1947 0.0257 -0.9805
vn 0.4894 -0.8156 -0.3087
vn -0.0375 -0.8690 -0.4934
vn 0.4168 0.8948 -0.1600
vn 0.0266 0.9048 -0.4250
vn -0.2000 -0.9779 0.0616
vn 0.3180 0.7812 -0.5372
vn -0.3880 0.3270 0.8617
vn 0.5723 -0.4031 -0.7142
vn -0.6220 -0.7767 0.0993
vn -0.5413 -0.8312 0.1272
vn -0.1013 -0.9666 0.2353
vn -0.3879 0.9060 -0.1694
vn 0.1143 0.9198 -0.3753
vn -0.2708 0.9228 -0.2742
vn 0.1620 -0.8856 0.4352
vn 0.1101 -0.9244 0.3651
vn 0.2713 -0.9625 0.0052
vn -0.0382 -0.9681 0.2476
vn 0.5681 -0.1867 -0.8015
vn -0.3676 0.8935 -0.2580
vn 0.0468 0.6118 0.7896
vn -0.3147 0.2802 0.9069
vn -0.0451 0.9802 -0.1927
vn 0.4526 0.8219 -0.3459
vn 0.4633 0.8165 -0.3446
vn 0.5179 -0.0803 -0.8517
vn 0.2572 -0.5996 0.7579
vn 0.1281 0.9889 -0.0747
vn 0.4233 0.8925 0.1559
vn -0.6321 -0.7263 0.2699
vn 0.3780 0.5571 0.7394
vn -0.3279 -0.0991 -0.9395
vn 0.1678 -0.9557 0.2419
vn -0.1020 -0.9908 0.0891
vn 0.2795 -0.7650 -0.5802
vn -0.0507 -0.9581 -0.2819
vn 0.5165 -0.8559 -0.0262
vn -0.4963 -0.3457 -0.7964
vn -0.0181 0.9996 -0.0210
vn -0.6557 -0.4209 0.6268
vn 0.3591 0.8217 -0.4425
vn 0.6371 0.7640 -0.1016
vn 0.4815 -0.5384 -0.6916
vn -0.5427 0.4429 0.7137
vn -0.1288 -0.9693 -0.2094
vn 0.2131 0.7840 0.5830
vn -0.0897 0.9584 0.2709
vn -0.3146 -0.7324 0.6039
vn 0.0946 -0.9545 0.2829
vn 0.0212 -0.9998 0.0025
vn 0.4309 -0.9016 -0.0378
vn -0.6608 -0.4507 -0.6002
vn -0.3847 -0.7746 -0.5020
vn 0.0142 0.7739 -0.6331
vn 0.2779 0.5732 0.7708
vn 0.7078 -0.3157 0.6319
vn -0.6118 0.0619 0.7886
vn 0.7338 -0.2960 -0.6115
vn 0.1792 -0.9730 -0.1452
vn -0.5745 -0.6003 0.5564
vn 0.8419 0.2725 -0.4657
vn -0.2228 0.7807 0.5839
vn -0.1917 0.9627 -0.1907
vn 0.0089 0.9387 0.3445
vn -0.6677 0.6860 0.2892
vn -0.0477 0.5283 0.8477
vn 0.3581 0.5941 -0.7202
vn 0.1383 -0.1558 0.9781
vn -0.5936 -0.2433 0.7671
vn 0.0364 -0.7292 0.6833
vn 0.0069 -0.8322 -0.5544
vn 0.6592 -0.1793 0.7303
vn -0.0373 -0.4434 -0.8956
vn 0.0911 -0.9308 -0.3541
vn -0.0458 -0.7045 0.7082
vn 0.0064 -0.9888 0.1491
vn 0.6851 -0.6968 0.2127
vn -0.6640 -0.5408 0.5163
vn -0.2081 0.3355 0.9188
vn 0.0863 -0.3295 0.9402
vn -0.4605 0.0089 -0.8876
vn 0.2465 0.9368 -0.2483
vn -0.0014 0.1372 -0.9905
vn -0.0320 -0.6142 0.7885
vn -0.3393 0.7239 -0.6007
vn -0.0314 -0.1828 0.9827
vn -0.1810 -0.9740 0.1362
vn -0.6306 -0.0173 -0.7759
vn -0.2529 0.9675 0.0032
vn -0.2265 0.3883 -0.8932
vn -0.2969 -0.3698 0.8804
vn 0.1785 0.3377 0.9242
vn -0.3429 0.9168 -0.2046
vn -0.1726 -0.7258 -0.6659
vn 0.0810 -0.0211 0.9965
vn -0.4618 -0.4587 0.7592
vn 0.2150 -0.6591 0.7207
vn -0.0892 0.6144 0.7840
vn 0.0702 0.8558 -0.5126
vn 0.1802 -0.7157 0.6747
vn -0.5060 -0.5411 -0.6717
vn 0.5149 -0.4451 -0.7326
vn -0.2350 0.8978 -0.3724
vn -0.4150 0.4709 -0.7785
vn -0.0134 0.8454 0.5340
vn -0.4766 -0.1482 0.8665
vn 0.5142 0.6218 -0.5908
vn -0.0955 -0.8078 -0.5817
vn -0.3700 0.7498 0.5485
vn 0.3240 0.6976 -0.6390
vn -0.1811 0.1156 0.9766
vn 0.1450 -0.9890 -0.0292
vn 0.4053 -0.9121 0.0623
vn 0.2375 -0.8300 -0.5047
vn 0.2014 0.4031 0.8927
vn -0.1102 -0.1978 0.9740
vn 0.6611 0.1140 -0.7416
vn -0.1111 0.8021 -0.5867
vn 0.5189 0.8535 0.0473
vn -0.0868 -0.5927 0.8007
vn 0.1989 -0.1991 -0.9596
vn -0.6918 -0.6624 -0.2876
vn 0.1004 0.9079 0.4070
vn 0.5904 -0.4086 -0.6960
vn 0.0940 0.7596 -0.6436
vn 0.3649 0.8003 0.4758
vn -0.6234 0.5930 0.5097
vn -0.6164 -0.2646 0.7416
vn -0.3371 0.9367 -0.0947
vn 0.7933 -0.1158 0.5977
vn -0.8066 -0.0464 0.5893
vn -0.5076 0.6925 0.5126
vn -0.8271 -0.3001 -0.4752
vn -0.6040 -0.7966 0.0233
vn -0.9672 -0.1800 0.1795
vn -0.8796 0.2225 0.4205
vn -0.7686 0.5343 0.3518
vn 0.3221 -0.5807 -0.7477
vn -0.1419 0.6825 -0.7170
vn 0.7002 -0.6357 0.3250
vn -0.9048 -0.2178 0.3658
vn -0.9136 0.3378 0.2263
vn 0.4106 -0.5716 -0.7104
vn 0.2167 0.6992 0.6813
vn -0.2551 -0.2748 -0.9271
vn -0.5807 -0.4433 -0.6829
vn -0.7785 -0.6235 -0.0724
vn -0.4057 -0.3373 -0.8495
vn -0.3151 0.9428 0.1085
vn -0.6988 0.4258 -0.5748
vn 0.3658 0.3213 0.8735
vn 0.0698 0.0131 -0.9975
vn -0.1273 0.9586 0.2547
vn -0.0896 -0.5163 -0.8517
vn -0.0795 -0.1674 0.9827
vn -0.2755 0.9507 -0.1423
vn -0.5816 0.7653 0.2756
vn -0.1402 -0.9722 0.1875
vn -0.0380 -0.9199 -0.3903
vn 0.3436 0.4996 -0.7952
vn -0.0048 -0.9007 0.4344
vn -0.4794 -0.7989 0.3632
vn -0.1687 -0.9837 -0.0622
vn -0.0899 -0.7703 0.6313
vn 0.4360 -0.8987 0.0471
vn -0.6687 -0.7110 -0.2176
vn -0.3903 0.8218 -0.4152
vn -0.1202 0.3036 0.9452
vn -0.1069 -0.9248 0.3650
vn -0.0134 -0.9219 0.3872
vn 0.0472 0.0312 -0.9984
vn 0.0434 0.6725 -0.7388
vn 0.5455 0.8377 0.0272
vn 0.2323 0.7972 0.5572
vn -0.6107 -0.7059 0.3587
vn 0.1439 0.9865 -0.0778
vn 0.2025 0.1513 0.9675
vn 0.5192 -0.2858 -0.8054
vn -0.1616 0.1616 -0.9735
vn -0.5393 -0.5889 -0.6020
vn 0.7665 0.4586 0.4496
vn -0.5472 0.6028 -0.5807
vn 0.5884 -0.6993 0.4060
vn -0.8098 0.3795 -0.4474
vn -0.3045 0.1119 0.9459
vn -0.3020 -0.7984 -0.5209
vn -0.6985 0.3672 0.6142
vn 0.0166 -0.7162 -0.6977
vn 0.1067 0.7014 0.7047
vn -0.6738 -0.4004 0.6210
vn -0.3717 -0.7640 0.5274
vn -0.2048 0.9728 0.1080
vn 0.2869 -0.8225 0.4912
vn 0.7467 0.4807 0.4597
vn 0.6723 0.5788 -0.4616
vn 0.7804 -0.5729 0.2504
vn 0.2225 -0.6190 -0.7532
vn -0.0093 0.9093 -0.4161
vn -0.3584 0.8896 -0.2830
vn -0.1623 -0.9790 -0.1234
vn 0.2731 0.2350 -0.9328
vn -0.0924 0.8130 -0.5748
vn -0.1015 -0.8039 -0.5861
vn 0.1411 -0.3754 -0.9161
vn 0.8912 0.1675 0.4215
vn 0.3747 -0.6670 -0.6440
vn -0.7112 -0.6561 -0.2524
vn 0.8967 -0.3647 -0.2509
vn 0.9134 0.1663 0.3716
vn -0.2252 -0.9532 0.2019
vn -0.5511 -0.7974 -0.2458
vn -0.0356 0.8615 -0.5065
vn -0.7097 -0.7032 -0.0433
vn -0.0196 0.8733 -0.4869
vn -0.0585 0.9431 -0.3274
vn -0.3927 0.9068 0.1530
vn -0.3406 0.9364 -0.0848
vn 0.1232 0.9659 -0.2278
vn 0.1433 -0.9449 0.2943
vn -0.0830 0.8924 -0.4436
vn 0.1966 0.9255 0.3237
vn 0.1386 -0.8776 -0.4589
vn -0.1889 0.8885 -0.4183
vn 0.1530 -0.3944 0.9061
vn 0.5342 -0.7171 -0.4477
vn 0.4376 -0.8651 -0.2450
vn -0.6507 -0.5499 0.5236
vn 0.4266 -0.8934 -0.1408
vn 0.2780 0.9410 -0.1929
vn 0.7256 -0.3713 -0.5793
vn 0.4686 0.5899 -0.6576
vn 0.6619 0.7009 0.2657
vn 0.2392 0.9677 0.0800
vn 0.4302 -0.7910 0.4350
s 1
f 3//1 629//2 634//3
f 1//4 4//5 930//6
f 4//5 628//7 930//6
f 628//7 4//5 16//8
f 2399//9 5//10 1002//11
f 2399//9 1002//11 3//1
f 4283//12 18//13 7//14
f 8//15 15//16 630//17
f 14//18 631//19 9//20
f 628//7 16//8 359//21
f 11//22 2//23 14//18
f 12//24 1//4 6//25
f 15//16 18//13 632//26
f 16//8 8//15 359//21
f 6//25 17//27 12//24
f 629//2 13//28 633//29
f 19//30 1176//31 28//32
f 20//33 37//34 29//35
f 20//33 3454//36 37//34
f 25//37 51//38 1633//39
f 25//37 434//40 51//38
f 2183//41 39//42 3324//43
f 28//32 1176//31 3758//44
f 30//45 1191//46 1330//47
f 58//48 346//49 69//50
f 31//51 34//52 346//49
f 3758//44 30//45 28//32
f 34//52 22//53 346//49
f 35//54 49//55 55//56
f 36//57 1714//58 69//50
f 37//34 3457//59 76//60
f 37//34 76//60 29//35
f 3463//61 2183//41 3324//43
f 41//62 62//63 53//64
f 43//65 46//66 1309//67
f 45//68 3470//69 70//70
f 45//68 70//70 1329//71
f 59//72 3456//73 48//74
f 3458//75 3462//76 1308//77
f 3458//75 1308//77 60//78
f 74//79 57//80 3455//81
f 36//57 69//50 346//49
f 61//82 66//83 2611//84
f 49//55 35//54 23//85
f 51//38 24//86 3464//87
f 52//88 75//89 3499//90
f 53//64 3744//91 56//92
f 57//80 2914//93 3455//81
f 54//94 48//74 3460//95
f 26//96 27//97 3454//36
f 55//56 67//98 1312//99
f 3760//100 3726//101 50//102
f 47//103 45//68 1318//104
f 19//30 27//97 1176//31
f 59//72 48//74 3759//105
f 3462//76 42//106 1308//77
f 56//92 4028//107 3472//108
f 60//78 63//109 3458//75
f 61//82 3469//110 59//72
f 61//82 59//72 3759//105
f 20//33 26//96 3454//36
f 22//53 73//111 346//49
f 66//83 2009//112 2611//84
f 25//37 1633//39 30//45
f 30//45 3758//44 1191//46
f 45//68 47//103 3470//69
f 70//70 72//113 1329//71
f 65//114 74//79 3467//115
f 40//116 52//88 3499//90
f 1309//67 1760//117 43//65
f 1309//67 70//70 1760//117
f 1309//67 72//113 70//70
f 53//64 62//63 3744//91
f 25//37 30//45 1330//47
f 74//79 3455//81 3467//115
f 75//89 52//88 3465//118
f 76//60 3457//59 24//86
f 44//119 38//120 1333//121
f 27//97 19//30 3454//36
f 61//82 2611//84 3349//122
f 51//38 3464//87 1633//39
f 75//89 3465//118 57//80
f 93//123 3766//124 3474//125
f 82//126 78//127 3475//128
f 83//129 3477//130 3768//131
f 3321//132 1358//133 77//134
f 85//135 1367//136 3768//131
f 80//137 3479//138 88//139
f 3478//140 107//141 3771//142
f 88//139 3479//138 84//143
f 2245//144 3550//145 120//146
f 2637//147 1344//148 106//149
f 93//123 3762//150 1347//151
f 92//152 3473//153 3487//154
f 78//127 84//143 3475//128
f 97//155 119//156 1356//157
f 95//158 86//159 1350//160
f 3481//161 104//162 119//156
f 81//163 606//164 3766//124
f 98//165 3769//166 3494//167
f 79//168 3492//169 3490//170
f 91//171 3765//172 107//141
f 2185//173 3487//154 117//174
f 3489//175 3494//167 1354//176
f 3489//175 1354//176 4031//177
f 100//178 81//163 1255//179
f 85//135 2245//144 1367//136
f 3768//131 3477//130 110//180
f 101//181 118//182 3482//183
f 79//168 3490//170 4313//184
f 82//126 3475//128 3476//185
f 77//134 82//126 3476//185
f 103//186 117//174 118//182
f 105//187 2051//188 96//189
f 105//187 96//189 1364//190
f 90//191 114//192 3485//193
f 97//155 86//159 3486//194
f 102//195 100//178 1255//179
f 114//192 96//189 3485//193
f 89//196 3763//197 2532//198
f 115//199 3497//200 80//137
f 3478//140 1358//133 3321//132
f 3478//140 3771//142 1358//133
f 3763//197 3770//201 2532//198
f 110//180 85//135 3768//131
f 84//143 78//127 88//139
f 112//202 109//203 116//204
f 112//202 116//204 3767//205
f 112//202 3767//205 111//206
f 119//156 104//162 1356//157
f 3487//154 2185//173 92//152
f 113//207 1174//208 4030//209
f 101//181 3484//210 102//195
f 115//199 99//211 3497//200
f 1350//160 109//203 95//158
f 102//195 3484//210 3496//212
f 89//196 2532//198 83//129
f 81//163 100//178 606//164
f 90//191 3492//169 79//168
f 90//191 79//168 3764//213
f 115//199 91//171 99//211
f 80//137 3497//200 2023//214
f 3770//201 3763//197 572//215
f 113//207 120//146 3550//145
f 109//203 1362//216 116//204
f 90//191 3764//213 114//192
f 77//134 3476//185 3321//132
f 92//152 79//168 3473//153
f 118//182 3772//217 103//186
f 4036//218 128//219 480//220
f 122//221 3375//222 3804//223
f 122//221 127//224 3375//222
f 124//225 144//226 461//227
f 126//228 1374//229 139//230
f 126//228 139//230 3366//231
f 3367//232 3368//233 3802//234
f 1741//235 3316//236 1086//237
f 1741//235 1086//237 127//224
f 3801//238 132//239 128//219
f 129//240 3799//241 130//242
f 3373//243 1393//244 143//245
f 3373//243 132//239 1393//244
f 3374//246 3370//247 1389//248
f 1376//249 3800//250 3381//251
f 144//226 3380//252 1391//253
f 1389//248 3370//247 137//254
f 130//242 145//255 129//240
f 1387//256 3372//257 139//230
f 135//258 1375//259 3368//233
f 4036//218 480//220 145//255
f 136//260 3804//223 3384//261
f 138//262 131//263 4253//264
f 3375//222 3384//261 3804//223
f 3375//222 2659//265 3384//261
f 123//266 4253//264 2657//267
f 129//240 3805//268 3799//241
f 2679//269 141//270 3383//271
f 3800//250 3382//272 3378//273
f 3800//250 3378//273 3381//251
f 142//274 3380//252 2675//275
f 1376//249 3379//276 125//277
f 1376//249 3381//251 3379//276
f 3374//246 1389//248 126//228
f 142//274 2675//275 3803//278
f 3380//252 142//274 1391//253
f 3372//257 1387//256 135//258
f 3803//278 3369//279 146//280
f 146//280 3369//279 134//281
f 147//282 157//283 3386//284
f 149//285 178//286 1414//287
f 150//288 174//289 155//290
f 176//291 2143//292 4169//293
f 1652//294 166//295 172//296
f 154//297 3389//298 173//299
f 176//291 1420//300 2143//292
f 155//290 174//289 1397//301
f 154//297 4039//302 2690//303
f 148//304 2703//305 1398//306
f 2690//303 4039//302 2701//307
f 160//308 1652//294 2696//309
f 160//308 2696//309 161//310
f 164//311 3395//312 3394//313
f 1398//306 3388//314 148//304
f 1400//315 176//291 4169//293
f 3830//316 3387//317 3397//318
f 2706//319 1421//320 3390//321
f 3395//312 1419//322 3397//318
f 177//323 171//324 2705//325
f 147//282 3386//284 171//324
f 2143//292 1420//300 1409//326
f 3830//316 175//327 3387//317
f 168//328 3831//329 1415//330
f 151//331 2683//332 178//286
f 175//327 1406//333 162//334
f 4039//302 164//311 3394//313
f 154//297 2690//303 3389//298
f 3831//329 2688//335 1407//336
f 3313//337 582//338 2141//339
f 485//340 3391//341 157//283
f 1407//336 3396//342 1409//326
f 1407//336 2688//335 3396//342
f 4039//302 3394//313 2701//307
f 2143//292 1409//326 3396//342
f 1414//287 178//286 159//343
f 171//324 3386//284 2705//325
f 155//290 1397//301 2703//305
f 151//331 3392//344 2683//332
f 553//345 1843//346 186//347
f 3018//348 3656//349 2231//350
f 2228//351 213//352 4258//353
f 179//354 2430//355 206//356
f 1858//357 4412//358 2431//359
f 2404//360 1847//361 184//362
f 2909//363 2873//364 183//365
f 180//366 3991//367 205//368
f 186//347 1843//346 1844//369
f 3564//370 186//347 1844//369
f 3564//370 1844//369 210//371
f 1856//372 4259//373 4042//374
f 192//375 1874//376 1096//377
f 188//378 1854//379 486//380
f 182//381 1859//382 212//383
f 190//384 1875//385 194//386
f 2873//364 1640//387 183//365
f 1842//388 1586//389 2424//390
f 187//391 195//392 2423//393
f 187//391 1853//394 195//392
f 2873//364 182//381 1640//387
f 1852//395 184//362 1847//361
f 1852//395 4041//396 184//362
f 1852//395 1866//397 2419//398
f 1852//395 2419//398 4041//396
f 553//345 181//399 1843//346
f 2223//400 1862//401 1872//402
f 2407//403 1851//404 199//405
f 196//406 203//407 189//408
f 198//409 2416//410 193//411
f 198//409 193//411 1869//412
f 199//405 440//413 201//414
f 199//405 201//414 2400//415
f 190//384 185//416 1855//417
f 1866//397 1858//357 2419//398
f 201//414 440//413 1154//418
f 190//384 194//386 2405//419
f 209//420 1860//421 2232//422
f 183//365 2431//359 4412//358
f 1878//423 1851//404 2407//403
f 195//392 1853//394 1857//424
f 207//425 360//426 2868//427
f 1860//421 204//428 4360//429
f 3018//348 1878//423 3656//349
f 200//430 2123//431 1732//432
f 1856//372 4042//374 360//426
f 195//392 211//433 2425//434
f 2228//351 486//380 1854//379
f 2228//351 1616//435 486//380
f 206//356 2429//436 212//383
f 1872//402 202//437 2223//400
f 1842//388 2424//390 200//430
f 2223//400 191//438 1862//401
f 3399//439 584//440 2127//441
f 3399//439 3408//442 223//443
f 3399//439 223//443 584//440
f 3400//444 226//445 878//446
f 3400//444 878//446 231//447
f 217//448 227//449 4245//450
f 884//451 2722//452 3409//453
f 1266//454 604//455 433//456
f 3837//457 4239//458 1445//459
f 896//460 2620//461 3837//457
f 218//462 2713//463 233//464
f 3403//465 221//466 235//467
f 220//468 228//469 3308//470
f 2885//471 3405//472 883//473
f 225//474 883//473 219//475
f 225//474 219//475 1198//476
f 225//474 2191//477 883//473
f 226//445 889//478 878//446
f 3833//479 228//469 3835//480
f 2127//441 584//440 233//464
f 1657//481 2885//471 3838//482
f 1657//481 3838//482 4419//483
f 232//484 223//443 3406//485
f 232//484 2161//486 223//443
f 235//467 232//484 3403//465
f 234//487 4420//488 879//489
f 884//451 3409//453 216//490
f 4420//488 2558//491 231//447
f 896//460 882//492 2721//493
f 235//467 221//466 2562//494
f 217//448 886//495 236//496
f 217//448 4245//450 886//495
f 1424//497 2717//498 215//499
f 2562//494 221//466 2558//491
f 226//445 238//500 889//478
f 228//469 220//468 3835//480
f 898//501 3410//502 224//503
f 898//501 229//504 3410//502
f 2224//505 220//468 3308//470
f 237//506 2906//507 2937//508
f 2711//509 877//510 2719//511
f 238//500 214//512 889//478
f 894//513 887//514 3404//515
f 883//473 3405//472 219//475
f 4239//458 2722//452 1445//459
f 894//513 3404//515 2719//511
f 2722//452 884//451 1445//459
f 1928//516 4453//517 240//518
f 262//519 4048//520 1934//521
f 241//522 260//523 268//524
f 242//525 281//526 1287//527
f 242//525 2857//528 356//529
f 247//530 3082//531 3085//532
f 4454//533 1115//534 274//535
f 246//536 1680//537 1922//538
f 1691//539 252//540 254//541
f 267//542 2474//543 3092//544
f 1101//545 1278//546 258//547
f 3734//548 4454//533 469//549
f 4452//550 246//536 244//551
f 245//552 4477//553 4262//554
f 249//555 257//556 4263//557
f 255//558 275//559 1127//560
f 250//561 1936//562 1922//538
f 1934//521 4048//520 2493//563
f 1910//564 3528//565 263//566
f 4477//553 3085//532 4262//554
f 242//525 356//529 281//526
f 253//567 1916//568 1936//562
f 2471//569 248//570 3734//548
f 279//571 3092//544 2474//543
f 257//556 272//572 4263//557
f 1922//538 1680//537 250//561
f 550//573 263//566 3498//574
f 2484//575 271//576 1913//577
f 2484//575 1913//577 1933//578
f 1910//564 239//579 3528//565
f 1930//580 269//581 4052//582
f 262//519 2479//583 4048//520
f 253//567 278//584 1916//568
f 277//585 1134//586 278//584
f 2162//587 243//588 1101//545
f 265//589 240//518 1666//590
f 266//591 273//592 2492//593
f 266//591 274//535 273//592
f 446//594 1926//595 277//585
f 248//570 2471//569 2175//596
f 269//581 1917//597 2490//598
f 1928//516 1286//599 4453//517
f 261//600 1924//601 2493//563
f 271//576 1611//602 258//547
f 252//540 1691//539 4265//603
f 244//551 243//588 4452//550
f 263//566 1918//604 1910//564
f 276//605 2486//606 1908//607
f 4454//533 3734//548 1115//534
f 246//536 4452//550 1680//537
f 2479//583 262//519 279//571
f 261//600 254//541 2640//608
f 4011//609 280//610 1925//611
f 240//518 4453//517 2496//612
f 270//613 248//570 2175//596
f 2493//563 1924//601 1934//521
f 278//584 1134//586 1916//568
f 276//605 601//614 2486//606
f 2490//598 1917//597 268//524
f 250//561 253//567 1936//562
f 279//571 262//519 1919//615
f 4052//582 1912//616 1930//580
f 2491//617 2484//575 1933//578
f 4052//582 267//542 1912//616
f 295//618 2061//619 2902//620
f 284//621 3841//622 304//623
f 3418//624 3754//625 2926//626
f 900//627 3412//628 296//629
f 919//630 3843//631 2902//620
f 3415//632 4269//633 1483//634
f 289//635 305//636 4266//637
f 916//638 3419//639 3843//631
f 286//640 303//641 2214//642
f 287//643 902//644 3417//645
f 1265//646 3342//647 913//648
f 3342//647 2734//649 912//650
f 294//651 2061//619 295//618
f 908//652 912//650 1607//653
f 282//654 305//636 928//655
f 282//654 928//655 921//656
f 1133//657 924//658 3421//659
f 925//660 4269//633 2738//661
f 303//641 4421//662 4160//663
f 3947//664 914//665 3417//645
f 3418//624 3423//666 291//667
f 3418//624 291//667 3754//625
f 303//641 3413//668 4421//662
f 292//669 3420//670 3422//671
f 916//638 1133//657 3419//639
f 285//672 2614//673 288//674
f 300//675 302//676 3839//677
f 300//675 906//678 293//679
f 301//680 304//623 3840//681
f 912//650 2734//649 1607//653
f 289//635 3418//624 2926//626
f 3415//632 1466//682 296//629
f 301//680 3840//681 3844//683
f 3421//659 924//658 287//643
f 902//644 3947//664 3417//645
f 290//684 288//674 383//685
f 4009//686 293//679 3842//687
f 1676//688 282//654 4422//689
f 303//641 4160//663 2214//642
f 2902//620 3416//690 295//618
f 3411//691 4406//692 4421//662
f 305//636 289//635 928//655
f 3414//693 900//627 908//652
f 4009//686 3842//687 284//621
f 3422//671 914//665 292//669
f 4269//633 925//660 1483//634
f 286//640 2214//642 291//667
f 4406//692 3305//694 298//695
f 3544//696 1001//697 4381//698
f 3544//696 1720//699 1001//697
f 3531//700 313//701 2596//702
f 311//703 1161//704 315//705
f 307//706 4423//707 3673//708
f 307//706 3673//708 3677//709
f 308//710 309//711 321//712
f 318//713 323//714 3276//715
f 310//716 315//705 3516//717
f 311//703 310//716 3676//718
f 307//706 3677//709 320//719
f 313//701 322//720 321//712
f 313//701 321//712 608//721
f 3678//722 1001//697 1661//723
f 316//724 306//725 3554//726
f 316//724 3554//726 320//719
f 321//712 322//720 308//710
f 309//711 3678//722 1661//723
f 323//714 314//727 3276//715
f 3544//696 314//727 1720//699
f 4001//728 1685//729 312//730
f 320//719 3554//726 307//706
f 1001//697 3678//722 4381//698
f 310//716 3674//731 3676//718
f 324//732 333//733 3565//734
f 327//735 1075//736 336//737
f 333//733 3699//738 3565//734
f 329//739 3696//740 328//741
f 3698//742 3300//743 324//732
f 333//733 3701//744 3699//738
f 334//745 341//746 3700//747
f 331//748 1215//749 339//750
f 331//748 339//750 3847//751
f 409//752 328//741 3695//753
f 335//754 403//755 337//756
f 338//757 326//758 3702//759
f 409//752 1713//760 325//761
f 329//739 3846//762 334//745
f 340//763 339//750 2244//764
f 342//765 330//766 3697//767
f 409//752 3695//753 1713//760
f 333//733 3300//743 1304//768
f 332//769 326//758 1079//770
f 335//754 3704//771 331//748
f 342//765 3697//767 337//756
f 340//763 2244//764 336//737
f 3702//759 330//766 338//757
f 331//748 3847//751 335//754
f 326//758 338//757 1079//770
f 3300//743 3698//742 1304//768
f 328//741 3696//740 3695//753
f 332//769 3447//772 326//758
f 324//732 343//773 3698//742
f 4261//774 2905//775 3907//776
f 1641//777 3289//778 1638//779
f 3562//780 4244//781 4237//782
f 345//783 2874//784 595//785
f 1320//786 1336//787 38//120
f 347//788 2201//789 3059//790
f 349//791 1717//792 1635//793
f 350//794 682//795 2160//796
f 353//797 3151//798 2916//799
f 1229//800 514//801 1230//802
f 1163//803 2190//804 1736//805
f 3109//806 245//552 4262//554
f 3641//807 3143//808 3120//809
f 363//810 2547//811 1205//812
f 364//813 376//814 1626//815
f 365//816 3994//817 2632//818
f 368//819 3625//820 4353//821
f 371//822 4312//823 2536//824
f 1235//825 3278//826 2208//827
f 378//828 3891//829 2654//830
f 354//831 867//832 431//833
f 354//831 4415//834 867//832
f 381//835 3298//836 3192//837
f 382//838 4438//839 1007//840
f 382//838 1007//840 1677//841
f 385//842 1712//843 3649//844
f 1674//845 2652//846 3132//847
f 1674//845 3132//847 3123//848
f 1823//849 438//850 512//851
f 388//852 3491//853 2038//854
f 3216//855 2616//856 1097//857
f 391//858 1561//859 4148//860
f 2495//861 4054//862 406//863
f 379//864 2170//865 2336//866
f 524//867 762//868 3822//869
f 1109//870 2362//871 2353//872
f 1207//873 3745//874 3520//875
f 3487//154 2035//876 2044//877
f 1628//878 3912//879 3719//880
f 1628//878 3719//880 3284//881
f 399//882 2031//883 2050//884
f 399//882 2050//884 419//885
f 1124//886 2987//887 1241//888
f 1124//886 507//889 2987//887
f 2798//890 956//891 967//892
f 3986//893 230//894 222//895
f 3986//893 3833//479 230//894
f 1529//896 1207//873 1659//897
f 405//898 2871//899 3709//900
f 1336//787 1333//121 38//120
f 408//901 1198//476 1705//902
f 408//901 1705//902 1118//903
f 1163//803 1736//805 480//220
f 954//904 1280//905 3658//906
f 1230//802 514//801 551//907
f 1218//908 2169//909 3905//910
f 1218//908 2499//911 2169//909
f 1195//912 2122//913 202//437
f 410//914 1609//915 352//916
f 2174//917 1822//918 3506//919
f 2174//917 3506//919 3927//920
f 3977//921 4444//922 3254//923
f 3977//921 3254//923 1734//924
f 419//885 556//925 2041//926
f 1089//927 2326//928 1360//929
f 1089//927 1360//929 1346//930
f 423//931 4064//932 4108//933
f 424//934 2445//935 1647//936
f 209//420 3295//937 1860//421
f 426//938 3541//939 3451//940
f 2175//596 2471//569 4377//941
f 2175//596 4377//941 1110//942
f 2223//400 202//437 2122//913
f 429//943 4329//944 2027//945
f 429//943 2022//946 4329//944
f 1303//947 1239//948 2308//949
f 3070//950 3619//951 808//952
f 3070//950 808//952 3632//953
f 543//954 504//955 612//956
f 536//957 3588//958 4480//959
f 2238//960 2222//961 2629//962
f 435//963 3981//964 2540//965
f 2401//966 179//354 2404//360
f 1641//777 2828//967 3289//778
f 293//679 3728//968 3842//687
f 522//969 2139//970 2447//971
f 522//969 2447//971 417//972
f 2536//824 3480//973 3493//974
f 2536//824 3493//974 3483//975
f 441//976 2536//824 4325//977
f 441//976 371//822 2536//824
f 442//978 2939//979 691//980
f 452//981 2180//982 2991//983
f 2562//494 3834//984 875//985
f 44//119 3738//986 38//120
f 445//987 2123//431 622//988
f 445//987 622//988 3664//989
f 447//990 1357//991 1253//992
f 4389//993 3440//994 2585//995
f 1739//996 3170//997 3174//998
f 1280//905 1640//387 3658//906
f 538//999 3989//1000 2931//1001
f 3318//1002 4234//1003 2217//1004
f 472//1005 3949//1006 514//801
f 4466//1007 2203//1008 3520//875
f 694//1009 2160//796 3925//1010
f 456//1011 3754//625 911//1012
f 458//1013 4021//1014 3023//1015
f 458//1013 3502//1016 4021//1014
f 3146//1017 3116//1018 2603//1019
f 4153//1020 2896//1021 665//1022
f 4153//1020 4093//1023 2896//1021
f 467//1024 3999//1025 4161//1026
f 468//1027 2354//1028 2364//1029
f 3244//1030 4468//1031 1186//1032
f 2104//1033 2120//1034 1748//1035
f 1755//1036 1567//1037 1555//1038
f 1300//1039 2578//1040 4233//1041
f 470//1042 4250//1043 2639//1044
f 3999//1025 3340//1045 3670//1046
f 1665//1047 3345//1048 3780//1049
f 1529//896 1980//1050 1667//1051
f 556//925 2050//884 4023//1052
f 475//1053 1185//1054 2335//1055
f 476//1056 2001//1057 479//1058
f 3564//370 2223//400 2402//1059
f 113//207 2041//926 556//925
f 2946//1060 3007//1061 4340//1062
f 3987//1063 2313//1064 1282//1065
f 478//1066 1692//1067 1317//1068
f 1763//1069 814//1070 4074//1071
f 2610//1072 2881//1073 1235//825
f 534//1074 462//1075 2516//1076
f 482//1077 3870//1078 2824//1079
f 4243//1080 3994//817 2302//1081
f 490//1082 4070//1083 3818//1084
f 490//1082 3818//1084 2919//1085
f 491//1086 464//1087 866//1088
f 493//1089 174//289 4331//1090
f 497//1091 2383//1092 3147//1093
f 3899//1094 3280//1095 3328//1096
f 1730//1097 1876//1098 3347//1099
f 64//1100 3738//986 44//119
f 500//1101 2449//1102 2200//1103
f 4161//1026 3999//1025 3662//1104
f 501//1105 1997//1106 1988//1107
f 4043//1108 1119//1109 2414//1110
f 4148//860 3255//1111 3556//1112
f 118//182 101//181 3772//217
f 507//889 2317//1113 2326//928
f 1125//1114 2642//1115 2925//1116
f 1125//1114 1199//1117 2642//1115
f 2972//1118 442//978 3583//1119
f 2106//1120 1209//1121 2628//1122
f 510//1123 2380//1124 1631//1125
f 4156//1126 4369//1127 1590//1128
f 3358//1129 1301//1130 2883//1131
f 4119//1132 2733//1133 3889//1134
f 355//1135 2204//1136 2483//1137
f 1598//1138 2598//1139 1594//1140
f 352//916 1706//1141 410//914
f 1747//1142 661//1143 647//1144
f 519//1145 1954//1146 1222//1147
f 3589//1148 3577//1149 4168//1150
f 4224//1151 2185//173 1177//1152
f 4224//1151 1177//1152 3724//1153
f 1699//1154 4117//1155 2218//1156
f 809//1157 1104//1158 820//1159
f 3984//1160 3549//1161 2548//1162
f 4018//1163 1631//1125 2380//1124
f 522//969 2645//1164 3747//1165
f 3897//1166 411//1167 432//1168
f 1193//1169 374//1170 3741//1171
f 1193//1169 3741//1171 1752//1172
f 528//1173 897//1174 889//478
f 531//1175 1866//397 662//1176
f 3283//1177 4066//1178 2592//1179
f 3629//1180 455//1181 1603//1182
f 3517//1183 3147//1093 3344//1184
f 184//362 4041//396 1162//1185
f 615//1186 1829//1187 492//1188
f 1211//1189 1400//315 1399//1190
f 544//1191 1260//1192 2945//1193
f 544//1191 3348//1194 1260//1192
f 2997//1195 4471//1196 2314//1197
f 3132//847 1599//1198 3115//1199
f 437//1200 3534//1201 502//1202
f 2655//1203 2947//1204 1670//1205
f 2655//1203 3459//1206 2947//1204
f 102//195 1355//1207 2131//1208
f 3725//1209 4368//1210 3706//1211
f 3365//1212 2619//1213 2447//971
f 550//573 3498//574 4241//1214
f 3706//1211 2650//1215 3171//1216
f 552//1217 3355//1218 1687//1219
f 527//1220 3904//1221 1294//1222
f 1203//1223 2463//1224 2860//1225
f 557//1226 1377//1227 481//1228
f 1896//1229 1889//1230 3407//1231
f 2948//1232 3023//1015 1841//1233
f 1685//729 2618//1234 318//713
f 2798//890 967//892 2229//1235
f 561//1236 236//496 886//495
f 3857//1237 4205//1238 1757//1239
f 562//1240 1405//1241 2388//1242
f 562//1240 2376//1243 1405//1241
f 564//1244 496//1245 4476//1246
f 4067//1247 3985//1248 2877//1249
f 571//1250 547//1251 4165//1252
f 571//1250 4165//1252 3591//1253
f 924//658 1479//1254 462//1075
f 573//1255 2964//1256 1319//1257
f 436//1258 2083//1259 2073//1260
f 3288//1261 3586//1262 2963//1263
f 4382//1264 2634//1265 4384//1266
f 574//1267 3438//1268 4384//1266
f 2551//1269 1692//1067 2903//1270
f 2605//1271 2860//1225 2165//1272
f 2605//1271 2165//1272 428//1273
f 2120//1034 1297//1274 4320//1275
f 2735//1276 2728//1277 532//1278
f 3259//1279 3244//1030 1186//1032
f 3259//1279 4469//1280 3240//1281
f 3259//1279 1186//1032 4469//1280
f 582//338 616//1282 2141//339
f 3393//1283 167//1284 1288//1285
f 587//1286 3633//1287 829//1288
f 443//1289 2635//1290 2173//1291
f 3051//1292 1681//1293 2621//1294
f 591//1295 1111//1296 3737//1297
f 846//1298 2738//661 1955//1299
f 593//1300 3723//1301 2677//1302
f 416//1303 546//1304 2833//1305
f 596//1306 1732//432 1600//1307
f 596//1306 3038//1308 1732//432
f 2256//1309 1623//1310 4150//1311
f 479//1058 3715//1312 3505//1313
f 479//1058 2001//1057 3715//1312
f 600//1314 1114//1315 560//1316
f 2629//962 601//614 276//605
f 613//1317 1606//1318 1298//1319
f 2913//1320 453//1321 3283//1177
f 2575//1322 3985//1248 3304//1323
f 2575//1322 3304//1323 2527//1324
f 468//1027 2356//1325 474//1326
f 1644//1327 1208//1328 2379//1329
f 4104//1330 420//1331 1113//1332
f 1642//1333 351//1334 1214//1335
f 1728//1336 3896//1337 358//1338
f 1728//1336 1122//1339 3896//1337
f 2492//593 2844//1340 1042//1341
f 833//1342 3049//1343 3636//1344
f 2528//1345 4060//1346 3756//1347
f 623//1348 3727//1349 635//1350
f 2218//1156 839//1351 845//1352
f 2218//1156 845//1352 3942//1353
f 4000//1354 4419//483 224//503
f 625//1355 2215//1356 2164//1357
f 2399//9 3//1 634//3
f 632//26 630//17 15//16
f 14//18 2//23 631//19
f 930//6 934//1358 640//1359
f 930//6 628//7 638//1360
f 930//6 638//1360 934//1358
f 633//29 952//1361 629//2
f 639//1362 643//1363 413//1364
f 2395//1365 629//2 952//1361
f 642//1366 1243//1367 412//1368
f 412//1368 1243//1367 3742//1369
f 643//1363 412//1368 3742//1369
f 637//1370 636//1371 413//1364
f 637//1370 413//1364 4228//1372
f 637//1370 4228//1372 644//1373
f 4282//1374 3743//1375 17//27
f 641//1376 3338//1377 1243//1367
f 644//1373 4228//1372 2225//1378
f 2934//1379 2225//1378 635//1350
f 936//1380 4283//12 7//14
f 640//1359 4282//1374 6//25
f 2934//1379 644//1373 2225//1378
f 13//28 9//20 633//29
f 10//1381 17//27 3743//1375
f 630//17 359//21 8//15
f 630//17 949//1382 359//21
f 641//1376 1243//1367 642//1366
f 9//20 631//19 935//1383
f 2251//1384 3009//1385 650//1386
f 1155//1387 2259//1388 4088//1389
f 1136//1390 652//1391 648//1392
f 648//1392 4094//1393 1136//1390
f 4094//1393 2253//1394 1136//1390
f 650//1386 670//1395 2257//1396
f 2259//1388 657//1397 4088//1389
f 377//1398 2252//1399 2157//1400
f 2251//1384 4089//1401 3009//1385
f 1155//1387 4088//1389 660//1402
f 1155//1387 660//1402 4150//1311
f 4090//1403 669//1404 1248//1405
f 1090//1406 647//1144 2255//1407
f 3272//1408 2260//1409 662//1176
f 3272//1408 645//1410 2260//1409
f 660//1402 656//1411 4150//1311
f 2887//1412 1093//1413 3284//881
f 565//1414 2261//1415 669//1404
f 661//1143 2266//1416 647//1144
f 655//1417 662//1176 2260//1409
f 658//1418 620//1419 667//1420
f 652//1391 653//1421 3778//1422
f 4153//1020 646//1423 4093//1023
f 663//1424 668//1425 2262//1426
f 673//1427 1626//815 2270//1428
f 672//1429 2626//1430 676//1431
f 2253//1394 4094//1393 1851//404
f 565//1414 651//1432 2261//1415
f 675//1433 2157//1400 2252//1399
f 364//813 1626//815 1721//1434
f 432//1168 437//1200 664//1435
f 2264//1436 658//1418 666//1437
f 2264//1436 620//1419 658//1418
f 411//1167 4327//1438 3534//1201
f 676//1431 680//1439 3912//879
f 376//814 3778//1422 653//1421
f 4090//1403 1248//1405 659//1440
f 646//1423 680//1439 3787//1441
f 674//1442 663//1424 2265//1443
f 652//1391 2890//1444 648//1392
f 3284//881 4327//1438 4091//1445
f 669//1404 4090//1403 3776//1446
f 677//1447 2626//1430 672//1429
f 661//1143 674//1442 2266//1416
f 2261//1415 651//1432 673//1427
f 670//1395 2239//1448 2257//1396
f 3534//1201 432//1168 411//1167
f 2253//1394 1851//404 675//1433
f 682//795 690//1449 3910//1450
f 684//1451 3919//1452 695//1453
f 2950//1454 1772//1455 3918//1456
f 2950//1454 712//1457 1772//1455
f 3879//1458 3357//1459 697//1460
f 685//1461 3920//1462 2210//1463
f 1773//1464 3571//1465 706//1466
f 1773//1464 3580//1467 3571//1465
f 687//1468 3924//1469 3581//1470
f 1727//1471 3572//1472 2561//1473
f 454//1474 3921//1475 3583//1119
f 3580//1467 1769//1476 716//1477
f 2189//1478 3582//1479 3925//1010
f 3579//1480 715//1481 714//1482
f 3579//1480 1782//1483 715//1481
f 683//1484 3536//1485 3584//1486
f 3574//1487 1774//1488 1782//1483
f 686//1489 3918//1456 4458//1490
f 685//1461 2210//1463 3590//1491
f 713//1492 687//1468 3581//1470
f 694//1009 3925//1010 3591//1253
f 549//1493 1781//1494 3567//1495
f 694//1009 3591//1253 350//794
f 698//1496 1781//1494 549//1493
f 3595//1497 4101//1498 3578//1499
f 698//1496 3318//1002 701//1500
f 699//1501 683//1484 3584//1486
f 696//1502 699//1501 1274//1503
f 700//1504 683//1484 3917//1505
f 3574//1487 1782//1483 3579//1480
f 580//1506 3921//1475 701//1500
f 580//1506 701//1500 3318//1002
f 3925//1010 3582//1479 3591//1253
f 705//1507 700//1504 3917//1505
f 3576//1508 686//1489 1768//1509
f 3576//1508 1768//1509 693//1510
f 1088//1511 598//1512 705//1507
f 1796//1513 704//1514 2864//1515
f 708//1516 3350//1517 1777//1518
f 3708//1519 3594//1520 693//1510
f 1796//1513 3357//1459 3879//1458
f 3580//1467 1773//1464 1769//1476
f 710//1521 3919//1452 684//1451
f 711//1522 707//1523 692//1524
f 712//1457 549//1493 3542//1525
f 714//1482 706//1466 3571//1465
f 708//1516 1800//1526 688//1527
f 708//1516 3922//1528 1800//1526
f 707//1523 717//1529 1795//1530
f 712//1457 2950//1454 549//1493
f 693//1510 3594//1520 3297//1531
f 3590//1491 3578//1499 685//1461
f 682//795 3910//1450 2160//796
f 681//1532 3588//958 2189//1478
f 705//1507 3917//1505 1088//1511
f 598//1512 3577//1149 705//1507
f 3708//1519 2561//1473 3594//1520
f 704//1514 696//1502 2573//1533
f 699//1501 3584//1486 1274//1503
f 3350//1517 709//1534 1777//1518
f 1774//1488 3574//1487 3920//1462
f 3921//1475 580//1506 3583//1119
f 1//4 12//24 4//5
f 13//28 1005//1535 9//20
f 16//8 4//5 4300//1536
f 13//28 629//2 723//1537
f 14//18 9//20 1015//1538
f 9//20 1005//1535 1015//1538
f 16//8 1004//1539 8//15
f 2//23 11//22 10//1381
f 8//15 1004//1539 15//16
f 15//16 2468//1540 18//13
f 5//10 7//14 1002//11
f 13//28 723//1537 1005//1535
f 2462//1541 4//5 12//24
f 1010//1542 2469//1543 16//8
f 4300//1536 448//1544 1010//1542
f 1002//11 726//1545 2464//1546
f 1228//1547 2470//1548 629//2
f 1228//1547 629//2 3//1
f 12//24 2466//1549 2462//1541
f 2462//1541 4300//1536 4//5
f 2468//1540 726//1545 18//13
f 724//1550 3530//1551 722//1552
f 724//1550 722//1552 2465//1553
f 4300//1536 2462//1541 448//1544
f 4309//1554 14//18 1015//1538
f 1004//1539 16//8 2469//1543
f 1010//1542 16//8 4300//1536
f 4149//1555 3513//1556 2644//1557
f 718//1558 720//1559 3530//1551
f 722//1552 2897//1560 721//1561
f 722//1552 721//1561 4260//1562
f 722//1552 483//1563 2897//1560
f 729//1564 3518//1565 4251//1566
f 729//1564 4251//1566 1003//1567
f 1228//1547 3//1 1002//11
f 1228//1547 1002//11 2464//1546
f 1005//1535 723//1537 1022//1568
f 2466//1549 12//24 728//1569
f 2470//1548 723//1537 629//2
f 729//1564 1003//1567 720//1559
f 721//1561 2897//1560 2644//1557
f 3513//1556 4149//1555 725//1570
f 730//1571 1664//1572 736//1573
f 731//1574 4102//1575 2293//1576
f 739//1577 2310//1578 749//1579
f 733//1580 2309//1581 2312//1582
f 733//1580 745//1583 2309//1581
f 734//1584 763//1585 1621//1586
f 734//1584 2307//1587 763//1585
f 2293//1576 4102//1575 2295//1588
f 735//1589 2130//1590 4310//1591
f 3808//1592 2625//1593 4310//1591
f 731//1574 1170//1594 742//1595
f 731//1574 2293//1576 1170//1594
f 759//1596 742//1595 2311//1597
f 742//1595 1170//1594 2311//1597
f 2301//1598 760//1599 755//1600
f 2301//1598 2294//1601 760//1599
f 3829//1602 2303//1603 761//1604
f 747//1605 751//1606 1146//1607
f 2913//1320 3283//1177 2592//1179
f 747//1605 1146//1607 495//1608
f 748//1609 1113//1332 420//1331
f 423//931 543//954 4064//932
f 1933//578 3352//1610 756//1611
f 453//1321 2913//1320 2238//960
f 387//1612 745//1583 3809//1613
f 3987//1063 524//867 495//1608
f 753//1614 757//1615 3736//1616
f 757//1615 758//1617 3269//1618
f 2303//1603 3829//1602 749//1579
f 2306//1619 1605//1620 4107//1621
f 752//1622 2301//1598 755//1600
f 2299//1623 739//1577 736//1573
f 751//1606 738//1624 4066//1178
f 4339//1625 4105//1626 4070//1083
f 757//1615 3269//1618 3736//1616
f 751//1606 4066//1178 1146//1607
f 739//1577 2299//1623 2310//1578
f 730//1571 756//1611 1664//1572
f 744//1627 2298//1628 4103//1629
f 763//1585 2307//1587 2295//1588
f 3808//1592 1605//1620 2625//1593
f 774//1630 797//1631 1140//1632
f 466//1633 2854//1634 3927//920
f 466//1633 3927//920 3506//919
f 1809//1635 3926//1636 788//1637
f 767//1638 2988//1639 4177//1640
f 3602//1641 1836//1642 2989//1643
f 3599//1644 1824//1645 1828//1646
f 3611//1647 773//1648 3928//1649
f 2998//1650 1816//1651 773//1648
f 772//1652 783//1653 3607//1654
f 766//1655 1815//1656 791//1657
f 795//1658 2237//1659 3722//1660
f 783//1653 780//1661 3614//1662
f 2180//982 799//1663 503//1664
f 773//1648 3611//1647 2998//1650
f 777//1665 558//1666 3278//826
f 777//1665 790//1667 558//1666
f 2998//1650 3598//1668 1816//1651
f 1833//1669 3606//1670 1812//1671
f 2549//1672 555//1673 776//1674
f 780//1661 779//1675 3614//1662
f 778//1676 1817//1677 1835//1678
f 782//1679 3612//1680 2944//1681
f 767//1638 3610//1682 2988//1639
f 503//1664 765//1683 2180//982
f 1819//1684 1643//1685 2610//1072
f 784//1686 770//1687 2199//1688
f 1819//1684 2610//1072 492//1188
f 765//1683 4410//1689 2180//982
f 3605//1690 766//1655 791//1657
f 3539//1691 3605//1690 791//1657
f 3539//1691 3608//1692 3605//1690
f 778//1676 769//1693 1817//1677
f 772//1652 3597//1694 764//1695
f 772//1652 3607//1654 3597//1694
f 452//981 3315//1696 771//1697
f 2854//1634 765//1683 3927//920
f 781//1698 3000//1699 785//1700
f 789//1701 769//1693 1183//1702
f 789//1701 1183//1702 3613//1703
f 796//1704 4246//1705 778//1676
f 790//1667 4344//1706 793//1707
f 3617//1708 1822//918 792//1709
f 792//1709 798//1710 3617//1708
f 798//1710 789//1701 3613//1703
f 4177//1640 1808//1711 767//1638
f 4177//1640 3615//1712 1808//1711
f 794//1713 2199//1688 770//1687
f 778//1676 1835//1678 796//1704
f 784//1686 4330//1714 764//1695
f 793//1707 768//1715 790//1667
f 3928//1649 4340//1062 2851//1716
f 3928//1649 2851//1716 3611//1647
f 3608//1692 3539//1691 776//1674
f 3617//1708 466//1633 1822//918
f 2237//1659 795//1658 771//1697
f 788//1637 3599//1644 1828//1646
f 799//1663 2180//982 452//981
f 796//1704 1815//1656 766//1655
f 781//1698 1824//1645 3599//1644
f 781//1698 3599//1644 3000//1699
f 3929//1717 2989//1643 1836//1642
f 3929//1717 4345//1718 2989//1643
f 775//1719 800//1720 3616//1721
f 790//1667 777//1665 4344//1706
f 765//1683 2854//1634 4410//1689
f 776//1674 555//1673 3608//1692
f 797//1631 779//1675 1140//1632
f 1903//1722 3627//1723 1893//1724
f 804//1725 822//1726 3931//1727
f 4414//1728 2593//1729 837//1730
f 808//952 820//1159 3632//953
f 809//1157 1085//1731 831//1732
f 809//1157 831//1732 3626//1733
f 814//1070 1891//1734 3622//1735
f 814//1070 3622//1735 3628//1736
f 828//1737 1608//1738 825//1739
f 3932//1740 3623//1741 824//1742
f 3932//1740 832//1743 3623//1741
f 815//1744 822//1726 3933//1745
f 1888//1746 368//819 4353//821
f 816//1747 3636//1344 817//1748
f 817//1748 3624//1749 831//1732
f 819//1750 812//1751 1901//1752
f 810//1753 833//1342 1887//1754
f 821//1755 4414//1728 837//1730
f 3625//820 1882//1756 828//1737
f 814//1070 3628//1736 3750//1757
f 810//1753 1892//1758 834//1759
f 804//1725 3931//1727 812//1751
f 578//1760 829//1288 3633//1287
f 824//1742 3623//1741 803//1761
f 808//952 3619//951 4457//1762
f 827//1763 806//1764 3934//1765
f 3398//1766 803//1761 481//1228
f 3398//1766 481//1228 802//1767
f 3627//1723 3634//1768 1907//1769
f 816//1747 833//1342 3636//1344
f 818//1770 811//1771 3930//1772
f 812//1751 1906//1773 1901//1752
f 826//1774 3620//1775 835//1776
f 828//1737 1882//1756 1608//1738
f 3935//1777 3622//1735 1905//1778
f 833//1342 816//1747 1887//1754
f 809//1157 820//1159 1085//1731
f 801//1779 830//1780 3360//1781
f 837//1730 2593//1729 1897//1782
f 395//1783 3629//1180 826//1774
f 4074//1071 821//1755 1763//1069
f 2593//1729 807//1784 1897//1782
f 3634//1768 819//1750 1907//1769
f 865//1785 848//1786 3940//1787
f 838//1788 860//1789 1948//1790
f 839//1351 1292//1791 845//1352
f 2144//1792 1963//1793 3121//1794
f 840//1795 3937//1796 3645//1797
f 1943//1798 859//1799 3652//1800
f 354//831 1130//1801 854//1802
f 856//1803 3942//1353 845//1352
f 843//1804 863//1805 4416//1806
f 840//1795 4358//1807 1939//1808
f 2571//1809 1231//1810 838//1788
f 847//1811 1955//1299 1942//1812
f 847//1811 846//1298 1955//1299
f 848//1786 865//1785 2133//1813
f 851//1814 1950//1815 3939//1816
f 1973//1817 3648//1818 3643//1819
f 842//1820 3938//1821 862//1822
f 4416//1806 3938//1821 842//1820
f 4416//1806 842//1820 3641//807
f 4459//1823 3650//1824 868//1825
f 3651//1826 1965//1827 4358//1807
f 1943//1798 2147//1828 850//1829
f 3645//1797 1950//1815 851//1814
f 859//1799 846//1298 3652//1800
f 4416//1806 863//1805 1150//1830
f 3939//1816 868//1825 851//1814
f 3121//1794 1972//1831 3651//1826
f 1951//1832 1973//1817 3643//1819
f 1951//1832 3643//1819 865//1785
f 861//1833 849//1834 3711//1835
f 862//1822 4415//834 842//1820
f 3121//1794 4120//1836 1972//1831
f 855//1837 3647//1838 864//1839
f 863//1805 3653//1840 857//1841
f 863//1805 843//1804 3653//1840
f 841//1842 1959//1843 3642//1844
f 2144//1792 3650//1824 1963//1793
f 858//1845 3128//1846 3648//1818
f 858//1845 3277//1847 3128//1846
f 4358//1807 1965//1827 1939//1808
f 3655//1848 1970//1849 849//1834
f 3650//1824 4459//1823 1963//1793
f 872//1850 216//490 887//514
f 1442//1851 2224//505 561//1236
f 880//1852 1178//1853 594//1854
f 879//489 878//446 1444//1855
f 881//1856 898//501 876//1857
f 3836//1858 230//894 2086//1859
f 2894//1860 893//1861 2161//486
f 1448//1862 222//895 3836//1858
f 594//1854 1178//1853 874//1863
f 875//985 3834//984 888//1864
f 875//985 888//1864 3944//1865
f 4245//450 2092//1866 1427//1867
f 3837//457 1423//1868 1438//1869
f 885//1870 2937//508 869//1871
f 890//1872 2894//1860 2161//486
f 890//1872 1145//1873 2894//1860
f 869//1871 1428//1874 885//1870
f 897//1174 878//446 889//478
f 886//495 4245//450 1427//1867
f 870//1875 3833//479 3835//480
f 887//514 894//513 1148//1876
f 887//514 1148//1876 872//1850
f 1424//497 215//499 2069//1877
f 3837//457 1445//459 1423//1868
f 888//1864 418//1878 885//1870
f 4245//450 892//1879 2092//1866
f 891//1880 895//1881 2224//505
f 874//1863 1425//1882 1436//1883
f 875//985 3944//1865 890//1872
f 1431//1884 216//490 872//1850
f 1436//1883 883//473 2191//477
f 891//1880 2224//505 1442//1851
f 1424//497 2075//1885 2711//509
f 1446//1886 881//1856 876//1857
f 1446//1886 433//456 881//1856
f 3837//457 1438//1869 896//460
f 3838//482 883//473 465//1887
f 870//1875 3835//480 871//1888
f 879//489 1444//1855 880//1852
f 871//1888 3835//480 895//1881
f 874//1863 1436//1883 2191//477
f 230//894 3833//479 484//1889
f 230//894 484//1889 2086//1859
f 2711//509 2075//1885 877//510
f 895//1881 891//1880 871//1888
f 1438//1869 882//492 896//460
f 888//1864 3834//984 418//1878
f 1454//1890 915//1891 283//1892
f 1484//1893 926//1894 3843//631
f 1484//1893 1487//1895 926//1894
f 4422//689 921//656 1480//1896
f 903//1897 929//1898 1591//1899
f 904//1900 2061//619 929//1898
f 1125//1114 925//660 3845//1901
f 906//678 1476//1902 4405//1903
f 906//678 3839//677 1476//1902
f 927//1904 901//1905 3945//1906
f 3845//1901 1467//1907 1125//1114
f 910//1908 1474//1909 901//1905
f 907//1910 922//1911 1486//1912
f 3946//1913 3555//1914 4406//692
f 3946//1913 4406//692 927//1904
f 1486//1912 922//1911 906//678
f 914//665 1481//1915 910//1908
f 900//627 1452//1916 908//652
f 3842//687 1453//1917 918//1918
f 1476//1902 3839//677 915//1891
f 917//1919 4406//692 3555//1914
f 915//1891 3839//677 299//1920
f 915//1891 3712//1921 1476//1902
f 918//1918 1450//1922 1485//1923
f 904//1900 919//630 2061//619
f 906//678 4405//1903 1486//1912
f 909//1924 2926//626 456//1011
f 4422//689 1480//1896 903//1897
f 905//1925 3841//622 918//1918
f 905//1925 918//1918 1485//1923
f 3842//687 3728//968 907//1910
f 3842//687 907//1910 1462//1926
f 921//656 928//655 1457//1927
f 917//1919 3555//1914 920//1928
f 3840//681 905//1925 1460//1929
f 3840//681 1460//1929 1451//1930
f 923//1931 297//1932 1467//1907
f 901//1905 1474//1909 3945//1906
f 920//1928 4160//663 917//1919
f 925//660 1475//1933 1483//634
f 912//650 1477//1934 3342//647
f 912//650 908//652 1477//1934
f 903//1897 1591//1899 4422//689
f 905//1925 1485//1923 1460//1929
f 17//27 6//25 4282//1374
f 359//21 638//1360 628//7
f 629//2 2395//1365 634//3
f 1//4 640//1359 6//25
f 5//10 4255//1935 7//14
f 18//13 4283//12 632//26
f 5//10 2399//9 4255//1935
f 933//1936 2395//1365 944//1937
f 935//1383 3716//1938 2242//1939
f 938//1940 4456//1941 2065//1942
f 934//1358 638//1360 942//1943
f 939//1944 2399//9 946//1945
f 939//1944 946//1945 3561//1946
f 3543//1947 945//1948 4256//1949
f 950//1950 3743//1375 4282//1374
f 952//1361 2559//1951 944//1937
f 942//1943 638//1360 951//1952
f 932//1953 941//1954 4285//1955
f 940//1956 950//1950 4282//1374
f 944//1937 2559//1951 933//1936
f 935//1383 631//19 4290//1957
f 939//1944 4292//1958 936//1380
f 947//1959 948//1960 614//1961
f 937//1962 2397//1963 945//1948
f 937//1962 945//1948 625//1355
f 947//1959 614//1961 3895//1964
f 937//1962 457//1965 2398//1966
f 943//1967 3895//1964 566//1968
f 4456//1941 4464//1969 948//1960
f 4291//1970 630//17 936//1380
f 4291//1970 949//1382 630//17
f 948//1960 4464//1969 614//1961
f 938//1940 2065//1942 932//1953
f 631//19 4294//1971 4290//1957
f 2242//1939 2267//1972 952//1361
f 941//1954 2396//1973 2398//1966
f 941//1954 2398//1966 4295//1974
f 947//1959 3895//1964 943//1967
f 949//1382 4291//1970 951//1952
f 952//1361 2267//1972 2559//1951
f 2242//1939 3716//1938 2267//1972
f 4456//1941 948//1960 2065//1942
f 2395//1365 933//1936 946//1945
f 957//1975 3662//1104 4448//1976
f 957//1975 4448//1976 2770//1977
f 953//1978 2206//1979 3656//349
f 954//904 3658//906 4131//1980
f 954//904 4131//1980 3898//1981
f 2793//1982 972//1983 2782//1984
f 985//1985 3661//1986 955//1987
f 2206//1979 953//1978 421//1988
f 3666//1989 2539//1990 983//1991
f 2770//1977 958//1992 1171//1993
f 2770//1977 1171//1993 957//1975
f 3658//906 985//1985 4131//1980
f 3662//1104 986//1994 4134//1995
f 964//1996 2802//1997 3854//1998
f 958//1992 3660//1999 1171//1993
f 976//2000 4221//2001 968//2002
f 989//2003 548//2004 3665//2005
f 989//2003 3665//2005 2784//2006
f 968//2002 4221//2001 4139//2007
f 971//2008 2797//2009 960//2010
f 973//2011 987//2012 4362//2013
f 971//2008 2607//2014 2797//2009
f 3663//2015 2803//2016 980//2017
f 3657//2018 2803//2016 3663//2015
f 976//2000 4017//2019 4133//2020
f 963//2021 993//2022 3666//1989
f 963//2021 2781//2023 993//2022
f 2557//2024 3363//2025 4326//2026
f 3660//1999 958//1992 4136//2027
f 2607//2014 971//2008 987//2012
f 986//1994 966//2028 4134//1995
f 963//2021 954//904 3898//1981
f 2798//890 2229//1235 597//2029
f 2798//890 597//2029 1268//2030
f 979//2031 2859//2032 1719//2033
f 979//2031 2789//2034 2859//2032
f 980//2017 2794//2035 3669//2036
f 981//2037 3667//2038 2774//2039
f 4139//2007 2795//2040 972//1983
f 4139//2007 972//1983 968//2002
f 983//1991 984//2041 3340//1045
f 983//1991 2539//1990 984//2041
f 4326//2026 3664//989 622//988
f 4326//2026 622//988 2557//2024
f 2774//2039 3667//2038 960//2010
f 3665//2005 992//2042 2773//2043
f 3665//2005 2773//2043 1538//2044
f 3660//1999 2801//2045 994//2046
f 3660//1999 4136//2027 2801//2045
f 2793//1982 2421//2047 972//1983
f 985//1985 3658//906 3661//1986
f 3666//1989 993//2022 1114//1315
f 988//2048 4460//2049 3668//2050
f 956//891 953//1978 3659//2051
f 4460//2049 2248//2052 992//2042
f 4017//2019 984//2041 4133//2020
f 988//2048 3672//2053 4326//2026
f 988//2048 4326//2026 4138//2054
f 964//1996 991//2055 2802//1997
f 2557//2024 995//2056 3363//2025
f 3662//1104 4134//1995 4448//1976
f 964//1996 3854//1998 995//2056
f 979//2031 1719//2033 974//2057
f 991//2055 964//1996 3671//2058
f 2793//1982 959//2059 2421//2047
f 995//2056 3854//1998 3363//2025
f 996//2060 1536//2061 4130//2062
f 972//1983 2795//2040 2782//1984
f 953//1978 3656//349 3659//2051
f 998//2063 2125//2064 2577//2065
f 999//2066 2618//1234 1685//729
f 506//2067 472//1005 3554//726
f 2125//2064 608//721 321//712
f 998//2063 1661//723 551//907
f 998//2063 2577//2065 1661//723
f 1000//2068 506//2067 1668//2069
f 1001//697 551//907 1661//723
f 999//2066 1685//729 472//1005
f 2125//2064 321//712 2577//2065
f 12//24 17//27 728//1569
f 11//22 727//2070 10//1381
f 7//14 726//1545 1002//11
f 18//13 726//1545 7//14
f 17//27 10//1381 728//1569
f 15//16 1004//1539 2468//1540
f 1003//1567 4251//1566 4167//2071
f 10//1381 727//2070 728//1569
f 1751//2072 1005//1535 1022//1568
f 1008//2073 4467//2074 4226//2075
f 1009//2076 1228//1547 3527//2077
f 4319//2078 2463//1224 1006//2079
f 1010//1542 4247//2080 1019//2081
f 1010//1542 1135//2082 4247//2080
f 1006//2079 1201//2083 1014//2084
f 1012//2085 1759//2086 2467//2087
f 1011//2088 1022//1568 2470//1548
f 1016//2089 4322//2090 1023//2091
f 1016//2089 4408//2092 4322//2090
f 1020//2093 1018//2094 2468//1540
f 727//2070 4305//2095 4249//2096
f 1751//2072 1015//1538 1005//1535
f 4319//2078 2860//1225 2463//1224
f 1021//2097 1012//2085 1016//2089
f 4467//2074 1008//2073 1017//2098
f 1020//2093 1004//1539 2306//1619
f 11//22 14//18 2294//1601
f 448//1544 1135//2082 1010//1542
f 2464//1546 4307//2099 3527//2077
f 1014//2084 2465//1553 1013//2100
f 2466//1549 728//1569 4249//2096
f 4438//839 382//838 4226//2075
f 4226//2075 382//838 1008//2073
f 1019//2081 2306//1619 2469//1543
f 4307//2099 2464//1546 1018//2094
f 1023//2091 4322//2090 1013//2100
f 1203//1223 1017//2098 2463//1224
f 435//963 3681//2101 3981//964
f 1049//2102 568//2103 3683//2104
f 1025//2105 1261//2106 1047//2107
f 1026//2108 3693//2109 1067//2110
f 1028//2111 2899//2112 1038//2113
f 1060//2114 3681//2101 3689//2115
f 367//2116 1064//2117 372//2118
f 1029//2119 1038//2113 2899//2112
f 1029//2119 3327//2120 1038//2113
f 1033//2121 1071//2122 4145//2123
f 4147//2124 577//2125 1055//2126
f 1035//2127 1062//2128 2836//2129
f 1035//2127 2836//2129 1700//2130
f 1029//2119 1064//2117 2818//2131
f 1029//2119 2818//2131 2812//2132
f 1030//2133 1031//2134 2473//2135
f 568//2103 1032//2136 3683//2104
f 1042//1341 2844//1340 367//2116
f 2815//2137 3688//2138 1056//2139
f 2815//2137 1062//2128 3688//2138
f 1036//2140 2837//2141 1063//2142
f 1039//2143 3874//2144 3694//2145
f 1039//2143 1073//2146 1583//2147
f 1039//2143 1583//2147 3874//2144
f 577//2125 1059//2148 1055//2126
f 1044//2149 4142//2150 2843//2151
f 1045//2152 1024//2153 1058//2154
f 1026//2108 1066//2155 3693//2109
f 1700//2130 4142//2150 1044//2149
f 1049//2102 1033//2121 4145//2123
f 1050//2156 3686//2157 2843//2151
f 1051//2158 2834//2159 1054//2160
f 1051//2158 1063//2142 2834//2159
f 3874//2144 2841//2161 3685//2162
f 1052//2163 1040//2164 3247//2165
f 4147//2124 2862//2166 577//2125
f 1034//2167 3265//2168 3690//2169
f 3867//2170 1057//2171 1050//2156
f 3690//2169 1053//2172 1247//2173
f 372//2118 1042//1341 367//2116
f 1048//2174 1041//2175 4143//2176
f 1060//2114 3682//2177 586//2178
f 1061//2179 1041//2175 3691//2180
f 1062//2128 2815//2137 2836//2129
f 2932//2181 3749//2182 1037//2183
f 2209//2184 1043//2185 2813//2186
f 1025//2105 398//2187 1261//2106
f 1064//2117 367//2116 2818//2131
f 1700//2130 1044//2149 1035//2127
f 1049//2102 4145//2123 568//2103
f 1034//2167 2862//2166 4147//2124
f 1034//2167 1588//2188 2862//2166
f 1025//2105 1065//2189 398//2187
f 1053//2172 1544//2190 1043//2185
f 1066//2155 2884//2191 3684//2192
f 1058//2154 1071//2122 3687//2193
f 1029//2119 2812//2132 3327//2120
f 1070//2194 2844//1340 1031//2134
f 1071//2122 1033//2121 3687//2193
f 1052//2163 3247//2165 1059//2148
f 1060//2114 3689//2115 3682//2177
f 2884//2191 482//1077 3684//2192
f 3874//2144 3685//2162 3694//2145
f 1077//2195 1074//2196 409//752
f 403//755 1489//2197 337//756
f 1076//2198 3847//751 1078//2199
f 1079//770 1081//2200 1618//2201
f 1075//736 1704//2202 1078//2199
f 1075//736 1078//2199 340//763
f 1080//2203 3846//762 328//741
f 3951//2204 342//765 1489//2197
f 328//741 1082//2205 1080//2203
f 1077//2195 1618//2201 3952//2206
f 1080//2203 334//745 3846//762
f 1077//2195 1079//770 1618//2201
f 1081//2200 1079//770 338//757
f 1080//2203 617//2207 334//745
f 962//2208 1655//2209 1206//2210
f 962//2208 1206//2210 959//2059
f 2061//619 919//630 2902//620
f 417//972 2447//971 2445//935
f 3409//453 2722//452 1902//2211
f 1873//2212 2909//363 1865//2213
f 3320//2214 3301//2215 4162//2216
f 1085//1731 1890//2217 1886//2218
f 2080//2219 2093//2220 530//2221
f 1359//2222 2163//2223 1613//2224
f 1234//2225 3907//776 2130//1590
f 1096//377 1600//1307 197//2226
f 3185//2227 4449//2228 4277//2229
f 4326//2026 3672//2053 3664//989
f 1097//857 4392//2230 1493//2231
f 395//1783 826//1774 2856//2232
f 2747//2233 3424//2234 3162//2235
f 3679//2236 4364//2237 3276//715
f 4106//2238 3819//2239 3824//2240
f 1257//2241 358//1338 3896//1337
f 153//2242 163//2243 167//1284
f 2777//2244 3882//2245 3546//2246
f 4336//2247 3924//1469 2962//2248
f 1109//870 1370//2249 2346//2250
f 54//94 21//2251 2587//2252
f 139//230 1374//229 1196//2253
f 1520//2254 2203//1008 4466//1007
f 3887//2255 1113//1332 1282//1065
f 3095//2256 2640//608 1921//2257
f 2601//2258 563//2259 3782//2260
f 741//2261 4311//2262 2296//2263
f 1239//948 2893//2264 2869//2265
f 1083//2266 4060//1346 2528//1345
f 2869//2265 2893//2264 2300//2267
f 1124//886 2317//1113 507//889
f 3987//1063 1282//1065 762//868
f 3966//2268 4432//2269 4430//2270
f 1126//2271 2631//2272 1645//2273
f 4059//2274 3756//1347 4465//2275
f 1127//560 2478//2276 2168//2277
f 1130//1801 354//831 3941//2278
f 1132//2279 1587//2280 477//2281
f 1132//2279 477//2281 2212//2282
f 1696//2283 312//730 318//713
f 2214//642 920//1928 911//1012
f 2214//642 911//1012 3754//625
f 1662//2284 4186//2285 4025//2286
f 2643//2287 2893//2264 1239//948
f 1257//2241 3896//1337 264//2288
f 3911//2289 1697//2290 3227//2291
f 2396//1973 3755//2292 3338//1377
f 2396//1973 3338//1377 4257//2293
f 4084//2294 3182//2295 4277//2229
f 1713//760 3695//753 3280//1095
f 2610//1072 2882//2296 1683//2297
f 4095//2298 1232//2299 1753//2300
f 3219//2301 1519//2302 1498//2303
f 3219//2301 4204//2304 1519//2302
f 3219//2301 1498//2303 4171//2305
f 1713//760 3280//1095 3899//1094
f 1478//2306 3844//683 899//2307
f 2667//2308 1792//2309 2673//2310
f 1408//2311 176//291 1400//315
f 2315//2312 3538//2313 4342//2314
f 4250//1043 470//1042 4169//293
f 678//2315 3023//1015 2258//2316
f 2700//2317 582//338 2935//2318
f 3501//2319 2272//2320 1238//2321
f 3501//2319 4175//2322 2272//2320
f 1404//2323 150//288 165//2324
f 1249//2325 1324//2326 2903//1270
f 1286//599 1127//560 4053//2327
f 1149//2328 2093//2220 1434//2329
f 463//2330 1412//2331 2639//1044
f 2932//2181 1024//2153 3881//2332
f 3903//2333 1717//792 1157//2334
f 4143//2176 2915//2335 1024//2153
f 175//327 3830//316 1418//2336
f 175//327 1418//2336 1406//333
f 673//1427 1721//1434 1626//815
f 673//1427 2892//2337 1721//1434
f 3892//2338 2599//2339 3267//2340
f 4331//1090 1404//2323 2374//2341
f 1152//2342 2725//2343 4240//2344
f 1153//2345 1962//2346 518//2347
f 1204//2348 1682//2349 3354//2350
f 1157//2334 1717//792 349//791
f 2058//2351 3236//2352 3261//2353
f 2655//1203 3307//2354 3468//2355
f 1082//2205 1074//2196 1491//2356
f 4135//2357 384//2358 1615//2359
f 3894//2360 3089//2361 3810//2362
f 4246//1705 4071//2363 3989//1000
f 831//1732 1085//1731 1886//2218
f 1464//2364 2110//2365 1116//2366
f 1161//704 3680//2367 315//705
f 1086//237 4101//1498 3359//2368
f 1163//803 480//220 2904//2369
f 344//2370 3171//1216 2585//995
f 2856//2232 835//1776 823//2371
f 2856//2232 823//2371 2235//2372
f 538//999 1683//2297 1100//2373
f 538//999 1100//2373 2635//1290
f 797//1631 3603//2374 1283//2375
f 954//904 2431//359 1280//905
f 1142//2376 3092//544 3821//2377
f 443//1289 1183//1702 769//1693
f 1168//2378 4040//2379 493//1089
f 377//1398 2157//1400 659//1440
f 1170//1594 428//1273 2311//1597
f 1206//2210 2411//2380 2533//2381
f 3308//470 217//448 236//496
f 3308//470 236//496 2224//505
f 433//456 604//455 881//1856
f 3025//2382 2887//1412 2901//2383
f 3025//2382 2901//2383 459//2384
f 2330//2385 2129//2386 1185//1054
f 530//2221 3747//1165 2080//2219
f 1402//2387 152//2388 162//334
f 4207//2389 1519//2302 4210//2390
f 483//1563 3530//1551 1003//1567
f 355//1135 277//585 278//584
f 1149//2328 465//1887 599//2391
f 4440//2392 3861//2393 3862//2394
f 1129//2395 2906//507 1629//2396
f 1129//2395 1266//454 2906//507
f 3016//2397 179//354 1859//382
f 2762//2398 3998//2399 2751//2400
f 2483//1137 1202//2401 355//1135
f 1181//2402 2605//1271 1170//1594
f 4325//977 3491//853 441//976
f 3333//2403 1192//2404 2662//2405
f 3010//2406 1665//1047 3021//2407
f 3336//2408 25//37 1330//47
f 1185//1054 2129//2386 2917//2409
f 150//288 1404//2323 174//289
f 2222//961 2238//960 2913//1320
f 2222//961 2913//1320 2545//2410
f 1189//2411 4416//1806 526//2412
f 1679//2413 3908//2414 823//2371
f 801//1779 3360//1781 3750//1757
f 991//2055 3671//2058 989//2003
f 3059//790 2201//789 627//2415
f 3236//2352 1545//2416 3261//2353
f 113//207 4030//209 120//146
f 346//49 58//48 31//51
f 1200//2417 410//914 1706//1141
f 1200//2417 1706//1141 2526//2418
f 1202//2401 249//555 355//1135
f 1203//1223 2605//1271 4373//2419
f 4375//2420 2217//1004 4234//1003
f 1205//812 1673//2421 363//810
f 1109//870 4321//2422 2156//2423
f 1206//2210 2400//415 1154//418
f 3550//145 2245//144 85//135
f 1207//873 1529//896 1667//1051
f 3559//2424 4063//2425 1788//2426
f 1013//2100 2465//1553 1023//2091
f 2313//1064 1708//2427 3887//2255
f 4011//609 1925//611 4264//2428
f 1213//2429 3351//2430 384//2358
f 3748//2431 1585//2432 2867//2433
f 1217//2434 4233//1041 2598//1139
f 1218//908 4225//2435 1733//2436
f 691//980 598//1512 1793//2437
f 691//980 1793//2437 1107//2438
f 1220//2439 3570//2440 1163//803
f 1220//2439 1217//2434 3570//2440
f 1222//1147 2591//2441 3416//690
f 317//2442 3436//2443 3531//700
f 1227//2444 3354//2350 2593//1729
f 806//1764 392//2445 3322//2446
f 1092//2447 2486//606 1072//2448
f 381//835 2240//2449 3298//836
f 3704//771 3440//994 4389//993
f 1990//2450 47//103 3466//2451
f 425//2452 3539//1691 791//1657
f 388//852 2043//2453 3491//853
f 4320//1275 1748//1035 2120//1034
f 4232//2454 2570//2455 2973//2456
f 1123//2457 1644//1327 2379//1329
f 1123//2457 2379//1329 3142//2458
f 163//2243 153//2242 2195//2459
f 1235//825 2881//1073 380//2460
f 2014//2461 1103//2462 2609//2463
f 3710//2464 4101//1498 1086//237
f 559//2465 2330//2385 2131//1208
f 2163//2223 2170//865 3993//2466
f 3761//2467 71//2468 39//42
f 3537//2469 1183//1702 2173//1291
f 1217//2434 1701//2470 4233//1041
f 1412//2331 463//2330 401//2471
f 1244//2472 3983//2473 1131//2474
f 1244//2472 2213//2475 3983//2473
f 1245//2476 2162//587 2477//2477
f 3295//937 473//2478 1860//421
f 1247//2173 1095//2479 3690//2169
f 373//2480 3950//2481 1704//2202
f 3324//43 1996//2482 476//1056
f 3324//43 476//1056 2013//2483
f 1203//1223 2860//1225 2605//1271
f 1248//1405 2250//2484 659//1440
f 389//2485 2592//1179 3894//2360
f 1249//2325 1750//2486 529//2487
f 3111//2488 1918//604 611//2489
f 381//835 3198//2490 4281//2491
f 1069//2492 3692//2493 2841//2161
f 1069//2492 1046//2494 3692//2493
f 3876//2495 2833//1305 4151//2496
f 3876//2495 3285//2497 2833//1305
f 2905//775 1221//2498 3907//776
f 2309//1581 3757//2499 3527//2077
f 221//466 1210//2500 2558//491
f 3908//2414 587//1286 829//1288
f 1815//1656 2707//2501 1832//2502
f 751//1606 747//1605 2600//2503
f 1264//2504 295//618 3273//2505
f 1399//1190 1400//315 470//1042
f 1266//454 1129//2395 604//455
f 264//2288 3896//1337 1286//599
f 1267//2506 2918//2507 1726//2508
f 1663//2509 242//525 2588//2510
f 1663//2509 2857//528 242//525
f 1269//2511 1403//2512 160//308
f 1266//454 433//456 2906//507
f 3040//2513 1875//385 190//384
f 3040//2513 190//384 1855//417
f 1270//2514 1712//843 464//1087
f 1271//2515 4053//2327 482//1077
f 1272//2516 4248//2517 2152//2518
f 789//1701 1817//1677 769//1693
f 1273//2519 2151//2520 4185//2521
f 1275//2522 4087//2523 3407//1231
f 1276//2524 4076//2525 2850//2526
f 1277//2527 2356//1325 468//1027
f 196//406 974//2057 2415//2528
f 2691//2529 1291//2530 3729//2531
f 1282//1065 748//1609 762//868
f 559//2465 2129//2386 2330//2385
f 3736//1616 3811//2532 3100//2533
f 1284//2534 1635//793 3855//2535
f 1656//2536 676//1431 2626//1430
f 405//898 4073//2537 3731//2538
f 405//898 2865//2539 4073//2537
f 1287//527 2588//2510 242//525
f 1288//1285 2141//339 616//1282
f 1289//2540 1563//2541 2842//2542
f 3719//880 2268//2543 502//1202
f 1291//2530 1804//2544 790//1667
f 1764//2545 3819//2239 4106//2238
f 1292//1791 839//1351 866//1088
f 3315//1696 452//981 2594//2546
f 1294//1222 2546//2547 3916//2548
f 1296//2549 3258//2550 4213//2551
f 1298//1319 1606//1318 2279//2552
f 2587//2252 1306//2553 54//94
f 3786//2554 188//378 1586//389
f 3786//2554 1854//379 188//378
f 3786//2554 1246//2555 1854//379
f 3004//2556 2985//2557 1344//148
f 3004//2556 1344//148 1612//2558
f 1304//768 3698//742 3703//2559
f 1603//1182 1762//2560 4321//2422
f 1634//2561 1326//2562 1176//31
f 1634//2561 1176//31 27//97
f 26//96 20//33 1307//2563
f 1313//2564 1144//2565 2531//2566
f 1313//2564 2531//2566 4026//2567
f 1309//67 1329//71 72//113
f 1309//67 1334//2568 2284//2569
f 1309//67 2284//2569 1329//71
f 1326//2562 3758//44 1176//31
f 1310//2570 1307//2563 29//35
f 1312//99 71//2468 2281//2571
f 3758//44 1326//2562 1316//2572
f 3758//44 1316//2572 1191//46
f 1338//2573 4027//2574 1321//2575
f 1338//2573 2273//2576 4027//2574
f 1313//2564 1335//2577 23//85
f 1313//2564 4026//2567 1335//2577
f 25//37 3336//2408 434//40
f 529//2487 3744//91 4065//2578
f 1321//2575 2291//2579 71//2468
f 3759//105 1249//2325 4065//2578
f 1144//2565 1313//2564 35//54
f 60//78 1337//2580 63//109
f 1324//2326 54//94 3339//2581
f 1327//2582 1331//2583 613//1317
f 60//78 1308//77 4173//2584
f 32//2585 1159//2586 2278//2587
f 2275//2588 1315//2589 51//38
f 64//1100 1322//2590 1238//2321
f 1330//47 1191//46 595//785
f 2275//2588 51//38 434//40
f 1319//1257 46//66 1311//2591
f 54//94 1306//2553 3339//2581
f 1312//99 366//2592 1144//2565
f 1330//47 595//785 3336//2408
f 3744//91 529//2487 4028//107
f 1334//2568 1309//67 1319//1257
f 2290//2593 2183//41 1332//2594
f 2290//2593 1338//2573 2183//41
f 1314//2595 1238//2321 2272//2320
f 1310//2570 76//60 1315//2589
f 1191//46 1316//2572 595//785
f 1308//77 42//106 2278//2587
f 45//68 1329//71 1318//104
f 71//2468 2291//2579 2281//2571
f 1324//2326 3759//105 48//74
f 1340//2596 88//139 78//127
f 80//137 88//139 498//2597
f 3763//197 1366//2598 572//215
f 1367//136 1348//2599 3768//131
f 3771//142 2326//928 2317//1113
f 3771//142 2317//1113 1358//133
f 2319//2600 1350//160 86//159
f 2319//2600 86//159 97//155
f 88//139 1340//2596 2329//2601
f 1343//2602 2322//2603 2327//2604
f 1344//148 1352//2605 1612//2558
f 3772//217 1177//1152 103//186
f 1342//2606 2318//2607 89//196
f 3906//2608 92//152 4224//1151
f 3906//2608 4224//1151 3724//1153
f 1346//930 3765//172 1361//2609
f 3769//166 400//2610 2328//2611
f 1363//2612 2325//2613 1341//2614
f 1343//2602 2327//2604 2245//144
f 1345//2615 1361//2609 115//199
f 1177//1152 2185//173 103//186
f 1179//2616 3764//213 1236//2617
f 1179//2616 114//192 3764//213
f 2221//2618 3535//2619 1364//190
f 2340//2620 97//155 1356//157
f 559//2465 3766//124 1353//2621
f 1351//2622 3769//166 2336//866
f 104//162 1357//991 2332//2623
f 3906//2608 1236//2617 92//152
f 3772//217 101//181 102//195
f 2221//2618 114//192 1179//2616
f 77//134 2317//1113 1339//2624
f 115//199 1361//2609 91//171
f 3765//172 1346//930 1360//929
f 2319//2600 97//155 2340//2620
f 1353//2621 1347//151 2129//2386
f 115//199 498//2597 1345//2615
f 88//139 2329//2601 498//2597
f 1361//2609 3765//172 91//171
f 1350//160 2319//2600 2324//2625
f 98//165 400//2610 3769//166
f 98//165 1365//2626 400//2610
f 2317//1113 77//134 1358//133
f 3769//166 3563//2627 2336//866
f 2880//2628 120//146 4030//209
f 1351//2622 2336//866 2323//2629
f 3767//205 116//204 1363//2612
f 1363//2612 111//206 3767//205
f 1365//2626 98//165 1344//148
f 1359//2222 1342//2606 1348//2599
f 4030//209 4031//177 4176//2630
f 1366//2598 3763//197 89//196
f 3771//142 1360//929 2326//928
f 1353//2621 2129//2386 559//2465
f 120//146 2880//2628 2337//2631
f 120//146 2337//2631 1343//2602
f 559//2465 1355//1207 3766//124
f 2131//1208 3772//217 102//195
f 498//2597 115//199 80//137
f 3799//241 2342//2632 1371//2633
f 3799//241 415//2634 2342//2632
f 1382//2635 2353//872 3802//234
f 515//2636 3802//234 2353//872
f 1394//2637 1376//249 125//277
f 1368//2638 415//2634 3805//268
f 515//2636 2353//872 140//2639
f 1196//2253 1387//256 139//230
f 1371//2633 1377//1227 3799//241
f 1373//2640 1393//244 1383//2641
f 1373//2640 143//245 1393//244
f 141//270 1392//2642 3383//271
f 461//227 1388//2643 124//225
f 140//2639 4450//2644 137//254
f 140//2639 2353//872 4450//2644
f 1376//249 2344//2645 3800//250
f 144//226 1391//253 2351//2646
f 123//266 1369//2647 1378//2648
f 1369//2647 1741//235 1396//2649
f 1380//2650 4034//2651 1387//256
f 131//263 138//262 1592//2652
f 131//263 1592//2652 4033//2653
f 2192//2654 1384//2655 1394//2637
f 1374//229 4032//2656 1196//2253
f 1196//2253 4032//2656 1595//2657
f 136//260 1379//2658 2367//2659
f 136//260 2367//2659 3804//223
f 1592//2652 138//262 1378//2648
f 4450//2644 1381//2660 137//254
f 122//221 2367//2659 2361//2661
f 2192//2654 1394//2637 125//277
f 1385//2662 1391//253 142//274
f 1386//2663 2347//2664 1395//2665
f 1377//1227 130//242 3799//241
f 1388//2643 1384//2655 124//225
f 1373//2640 1368//2638 143//245
f 461//227 144//226 2343//2666
f 1392//2642 1379//2658 3383//271
f 3800//250 2344//2645 1386//2663
f 141//270 4035//2667 1392//2642
f 144//226 2351//2646 2343//2666
f 4034//2651 135//258 1387//256
f 1379//2658 136//260 3383//271
f 1381//2660 1389//248 137//254
f 146//280 1385//2662 3803//278
f 146//280 2358//2668 1385//2662
f 1385//2662 142//274 3803//278
f 122//221 1396//2649 1741//235
f 2367//2659 122//221 3804//223
f 1374//229 1389//248 4032//2656
f 415//2634 3799//241 3805//268
f 151//331 2393//2669 393//2670
f 1401//2671 154//297 173//299
f 1404//2323 4331//1090 174//289
f 156//2672 4037//2673 2378//2674
f 401//2471 2385//2675 1412//2331
f 158//2676 489//2677 1414//287
f 158//2676 3832//2678 2381//2679
f 158//2676 2381//2679 489//2677
f 2390//2680 170//2681 1421//320
f 4039//302 154//297 2372//2682
f 171//324 177//323 1410//2683
f 170//2681 2384//2684 3832//2678
f 151//331 1416//2685 2393//2669
f 393//2670 161//310 151//331
f 2383//1092 1414//287 489//2677
f 2383//1092 149//285 1414//287
f 2376//1243 167//1284 485//340
f 1404//2323 2386//2686 2374//2341
f 1409//326 2392//2687 1407//336
f 4037//2673 156//2672 1398//306
f 2195//2459 2376//1243 1187//2688
f 1411//2689 1117//2690 166//295
f 1187//2688 401//2471 2195//2459
f 171//324 2388//1242 147//282
f 1417//2691 1402//2387 4038//2692
f 177//323 2382//2693 1410//2683
f 1408//2311 1400//315 2370//2694
f 1405//1241 157//283 147//282
f 154//297 1401//2671 2372//2682
f 1402//2387 1406//333 4038//2692
f 1398//306 1413//2695 4037//2673
f 1417//2691 4038//2692 1422//2696
f 1417//2691 1422//2696 173//299
f 173//299 1422//2696 1401//2671
f 160//308 393//2670 1269//2511
f 1416//2685 151//331 149//285
f 1178//1853 4045//2697 1435//2698
f 1444//1855 878//446 1437//2699
f 2076//2700 1436//1883 1425//1882
f 2069//1877 215//499 2453//2701
f 484//1889 3833//479 2089//2702
f 1148//1876 894//513 1439//2703
f 2081//2704 892//1879 1441//2705
f 2081//2704 1449//2706 892//1879
f 2074//2707 898//501 2080//2219
f 1430//2708 2894//1860 1145//1873
f 1440//2709 2077//2710 2193//2711
f 1429//2712 2094//2713 1442//1851
f 2089//2702 870//1875 1443//2714
f 1424//497 2069//1877 2075//1885
f 1445//459 570//2715 1423//1868
f 1426//2716 3893//2717 1145//1873
f 599//2391 465//1887 513//2718
f 1426//2716 1145//1873 3944//1865
f 2186//2719 891//1880 2067//2720
f 1437//2699 878//446 897//1174
f 1442//1851 2094//2713 4046//2721
f 1441//2705 1432//2722 1610//2723
f 1440//2709 2193//2711 1426//2716
f 1425//1882 1178//1853 1435//2698
f 1425//1882 1435//2698 2071//2724
f 1440//2709 1428//1874 2077//2710
f 1444//1855 4045//2697 1178//1853
f 2087//2725 3836//1858 1433//2726
f 1433//2726 3836//1858 2086//1859
f 2080//2219 898//501 1434//2329
f 876//1857 2074//2707 1446//1886
f 2186//2719 1709//2727 1447//2728
f 2453//2701 215//499 2079//2729
f 1426//2716 3944//1865 1440//2709
f 1425//1882 2071//2724 2076//2700
f 1436//1883 3365//1212 513//2718
f 2083//1259 882//492 1438//1869
f 1453//1917 451//2730 4016//2731
f 1454//1890 2108//2732 2535//2733
f 1454//1890 1478//2306 2108//2732
f 2101//2734 4056//2735 297//1932
f 456//1011 911//1012 1464//2364
f 1456//2736 1470//2737 2116//2738
f 1458//2739 1451//1930 2543//2740
f 1457//1927 2104//1033 1480//1896
f 1462//1926 907//1910 2113//2741
f 1463//2742 1456//2736 2095//2743
f 1464//2364 911//1012 1459//2744
f 534//1074 1474//1909 1481//1915
f 1458//2739 2543//2740 1478//2306
f 1468//2745 1460//1929 1485//1923
f 1455//2746 1474//1909 2109//2747
f 1455//2746 3945//1906 1474//1909
f 1224//2748 1485//1923 4058//2749
f 1469//2750 1479//1254 926//1894
f 1470//2737 1480//1896 2116//2738
f 1471//2751 2535//2733 2119//2752
f 1125//1114 2925//1116 1482//2753
f 1453//1917 1462//1926 451//2730
f 1477//1934 2101//2734 913//648
f 1469//2750 926//1894 1487//1895
f 462//1075 1481//1915 3947//664
f 1475//1933 2105//2754 2111//2755
f 1476//1902 1461//2756 1473//2757
f 1224//2748 1468//2745 1485//1923
f 1465//2758 456//1011 2114//2759
f 1466//682 1452//1916 900//627
f 2101//2734 297//1932 913//648
f 4016//2731 1450//1922 1453//1917
f 1471//2751 1454//1890 2535//2733
f 1475//1933 2111//2755 1483//634
f 1483//634 2111//2755 1466//682
f 1456//2736 929//1898 1470//2737
f 1471//2751 3712//1921 915//1891
f 1472//2760 3945//1906 1455//2746
f 1472//2760 3946//1913 3945//1906
f 1484//1893 1463//2742 2097//2761
f 1463//2742 929//1898 1456//2736
f 1463//2742 2095//2743 2097//2761
f 1461//2756 3712//1921 4057//2762
f 1461//2756 4057//2762 4055//2763
f 1484//1893 2097//2761 1487//1895
f 1472//2760 3555//1914 3946//1913
f 1472//2760 1459//2744 3555//1914
f 1472//2760 2568//2764 1459//2744
f 1465//2758 1457//1927 928//655
f 2105//2754 1475//1933 1482//2753
f 4080//2765 1076//2198 3950//2481
f 4080//2765 1489//2197 1076//2198
f 1704//2202 1490//2766 373//2480
f 1765//2767 1491//2356 1074//2196
f 1491//2356 1765//2767 373//2480
f 3848//2768 1729//2769 4007//2770
f 1497//2771 2207//2772 3857//1237
f 1497//2771 1527//2773 4209//2774
f 1497//2771 4209//2774 2207//2772
f 3216//855 3226//2775 1523//2776
f 1499//2777 1523//2776 3958//2778
f 1500//2779 1514//2780 3853//2781
f 1500//2779 1659//897 1514//2780
f 2776//2782 3207//2783 1505//2784
f 2776//2782 1492//2785 3207//2783
f 1493//2231 2766//2786 3218//2787
f 1493//2231 3216//855 1097//857
f 1493//2231 3204//2788 3216//855
f 1525//2789 3225//2790 1508//2791
f 1525//2789 3745//874 3225//2790
f 3201//2792 2780//2793 4335//2794
f 3201//2792 1534//2795 2780//2793
f 1531//2796 1669//2797 1512//2798
f 1510//2799 1757//1239 4205//1238
f 3990//2800 1498//2303 1519//2302
f 1536//2061 3217//2801 3211//2802
f 1496//2803 1529//896 3853//2781
f 1496//2803 3853//2781 3855//2535
f 1496//2803 3202//2804 1529//896
f 1520//2254 3851//2805 3850//2806
f 3848//2768 1975//2807 1496//2803
f 1516//2808 1226//2809 4397//2810
f 1516//2808 3203//2811 1226//2809
f 1535//2812 1517//2813 1526//2814
f 1518//2815 1533//2816 2855//2817
f 450//2818 3850//2806 1515//2819
f 450//2818 1520//2254 3850//2806
f 450//2818 2203//1008 1520//2254
f 1523//2776 2616//856 3216//855
f 4397//2810 1226//2809 1502//2820
f 1506//2821 3849//2822 1514//2780
f 1525//2789 1532//2823 4466//1007
f 1515//2819 2132//2824 450//2818
f 1496//2803 3855//2535 3848//2768
f 4425//2825 1494//2826 3214//2827
f 1528//2828 3351//2430 1530//2829
f 1506//2821 1495//2830 3858//2831
f 1506//2821 3911//2289 1495//2830
f 1495//2830 1513//2832 3858//2831
f 1532//2823 3851//2805 1520//2254
f 1532//2823 1520//2254 4466//1007
f 1533//2816 2609//2463 1509//2833
f 1511//2834 1531//2796 2552//2835
f 1511//2834 3540//2836 1531//2796
f 1527//2773 4206//2837 4209//2774
f 4425//2825 3217//2801 1494//2826
f 1513//2832 1495//2830 3227//2291
f 1519//2302 4207//2389 3990//2800
f 1536//2061 3209//2838 4202//2839
f 1529//896 1500//2779 3853//2781
f 1528//2828 1515//2819 3351//2430
f 1508//2791 3224//2840 1537//2841
f 1508//2791 3225//2790 3224//2840
f 1506//2821 3858//2831 3849//2822
f 1540//2842 3230//2843 1547//2844
f 1541//2845 3861//2393 3231//2846
f 1541//2845 3231//2846 1553//2847
f 1543//2848 3980//2849 1557//2850
f 1544//2190 3865//2851 2863//2852
f 1544//2190 2863//2852 1581//2853
f 3258//2550 1296//2549 3285//2497
f 4215//2854 2631//2272 1574//2855
f 3231//2846 3861//2393 4440//2392
f 1546//2856 4211//2857 3863//2858
f 3262//2859 1577//2860 3890//2861
f 1549//2862 3266//2863 2821//2864
f 3264//2865 1573//2866 3864//2867
f 3264//2865 3256//2868 1573//2866
f 1551//2869 3859//2870 3257//2871
f 4211//2857 1577//2860 3863//2858
f 1562//2872 3868//2873 3237//2874
f 1556//2875 4215//2854 3860//2876
f 1542//2877 3312//2878 3872//2879
f 1552//2880 4407//2881 1572//2882
f 2529//2883 2863//2852 3865//2851
f 2529//2883 3865//2851 3249//2884
f 1557//2850 2017//2885 3247//2165
f 1557//2850 3980//2849 2017//2885
f 1194//2886 1542//2877 3872//2879
f 1558//2887 1573//2866 3256//2868
f 1558//2887 3256//2868 4216//2888
f 2817//2889 1551//2869 3235//2890
f 2817//2889 3235//2890 1580//2891
f 1559//2892 4213//2551 1549//2862
f 1571//2893 1574//2855 2631//2272
f 1571//2893 3860//2876 1574//2855
f 1554//2894 3239//2895 1575//2896
f 4219//2897 1546//2856 1576//2898
f 1560//2899 3874//2144 1583//2147
f 1560//2899 1559//2892 3874//2144
f 1561//859 391//858 3752//2900
f 4148//860 1561//859 1186//1032
f 1579//2901 1055//2126 3474//125
f 3866//2902 1568//2903 3252//2904
f 3242//2905 3867//2170 3553//2906
f 3242//2905 1726//2508 3867//2170
f 3258//2550 3876//2495 1569//2907
f 3258//2550 1569//2907 3238//2908
f 1559//2892 1560//2899 4213//2551
f 1556//2875 1563//2541 2126//2909
f 1556//2875 2842//2542 1563//2541
f 3264//2865 3864//2867 1567//1037
f 2837//2141 1550//2910 1568//2903
f 1571//2893 1566//2911 2135//2912
f 1569//2907 4151//2496 1566//2911
f 1569//2907 1566//2911 4214//2913
f 3246//2914 3862//2394 3869//2915
f 4217//2916 3975//2917 3260//2918
f 4215//2854 1574//2855 3860//2876
f 1575//2896 3239//2895 3250//2919
f 1577//2860 4211//2857 3890//2861
f 3870//1078 1580//2891 1578//2920
f 3285//2497 1296//2549 1545//2416
f 3242//2905 3553//2906 4216//2888
f 3859//2870 3266//2863 3257//2871
f 1194//2886 1575//2896 3250//2919
f 1194//2886 3872//2879 1575//2896
f 3246//2914 3869//2915 4217//2916
f 1558//2887 4216//2888 3875//2921
f 3251//2922 3873//2923 1572//2882
f 3251//2922 1576//2898 3873//2923
f 1566//2911 1571//2893 505//2924
f 1566//2911 505//2924 4214//2913
f 4216//2888 3553//2906 3875//2921
f 1579//2901 2046//2925 3265//2168
f 1582//2926 1560//2899 1583//2147
f 1582//2926 1578//2920 1560//2899
f 3862//2394 3246//2914 4440//2392
f 1563//2541 3262//2859 2126//2909
f 1571//2893 2135//2912 3860//2876
f 1542//2877 1552//2880 3312//2878
f 1553//2847 1565//2927 2814//2928
f 2840//2929 1726//2508 3234//2930
f 1542//2877 1194//2886 4067//1247
f 1554//2894 1545//2416 3236//2352
f 1383//2641 1393//244 3801//238
f 1282//1065 1113//1332 748//1609
f 2615//2931 3756//1347 4238//2932
f 2919//1085 3818//1084 3084//2933
f 3019//2934 3011//2935 1846//2936
f 1587//2280 1132//2279 4197//2937
f 1587//2280 4192//2938 500//1101
f 1344//148 2985//2557 1365//2626
f 1589//2939 3047//2940 4002//2941
f 1729//2769 1635//793 1717//792
f 1729//2769 3855//2535 1635//793
f 1591//1899 294//651 3718//2942
f 3451//940 422//2943 2872//2944
f 1594//1140 2598//1139 4233//1041
f 3219//2301 4171//2305 1295//2945
f 4404//2946 3033//2947 1620//2948
f 1598//1138 4098//2949 1737//2950
f 1598//1138 1594//1140 4098//2949
f 1599//1198 2371//2951 3115//1199
f 1600//1307 1096//377 1620//2948
f 4084//2294 4277//2229 4449//2228
f 4084//2294 4449//2228 1671//2952
f 533//2953 3051//1292 2621//1294
f 401//2471 3313//337 2195//2459
f 402//2954 3982//2955 2646//2956
f 3756//1347 4060//1346 4465//2275
f 1604//2957 2822//2958 2563//2959
f 3144//2960 3653//1840 3654//2961
f 976//2000 4133//2020 4221//2001
f 4276//2962 2752//2963 2124//2964
f 4276//2962 2124//2964 2758//2965
f 1611//602 1101//545 258//547
f 1215//749 4083//2966 4275//2967
f 551//907 514//801 3948//2968
f 897//1174 2921//2969 1437//2699
f 893//1861 233//464 584//440
f 893//1861 528//1173 233//464
f 962//2208 1268//2030 597//2029
f 962//2208 2772//2970 1268//2030
f 1615//2359 2779//2971 4135//2357
f 1616//435 2228//351 3671//2058
f 2253//1394 3514//2972 1083//2266
f 437//1200 502//1202 2268//2543
f 3296//2973 1796//1513 3879//1458
f 1618//2201 1081//2200 1488//2974
f 3595//1497 2966//2975 2983//2976
f 4291//1970 4424//2977 951//1952
f 1619//2978 3261//2353 1578//2920
f 2840//2929 3234//2930 1550//2910
f 3965//2979 2014//2461 2609//2463
f 697//1460 1192//2404 3879//1458
f 2537//2980 3270//2981 2177//2982
f 4322//2090 4408//2092 428//1273
f 4109//2983 2134//2984 1190//2985
f 1621//1586 1920//2986 281//526
f 1622//2987 1169//2988 2216//2989
f 2759//2990 1738//2991 3164//2992
f 3808//1592 2905//775 4077//2993
f 1623//1310 625//1355 2164//1357
f 2614//673 1264//2504 383//685
f 3288//1261 1672//2994 3331//2995
f 3948//2968 3949//1006 1000//2068
f 3849//2822 2771//2996 2158//2997
f 2593//1729 3354//2350 2936//2998
f 1628//878 3284//881 1093//1413
f 1629//2396 2558//491 3282//2999
f 746//3000 1764//2545 4106//2238
f 1848//3001 1867//3002 180//366
f 2725//2343 1152//2342 1968//3003
f 3120//809 3137//3004 2249//3005
f 1092//2447 1067//2110 3693//2109
f 3810//2362 389//2485 3894//2360
f 1167//3006 4015//3007 3856//3008
f 9//20 935//1383 2242//1939
f 3773//3009 3010//2406 3015//3010
f 304//623 540//3011 284//621
f 3068//3012 4180//3013 4086//3014
f 3413//668 2737//3015 4421//662
f 1728//1336 3103//3016 1122//1339
f 1728//1336 3095//2256 3103//3016
f 2353//872 2362//871 4450//2644
f 197//2226 192//375 1096//377
f 683//1484 3320//2214 3587//3017
f 2302//1081 2171//3018 4339//1625
f 866//1088 2218//1156 449//3019
f 1654//3020 3982//2955 3056//3021
f 627//2415 2646//2956 1106//3022
f 1177//1152 475//1053 3724//1153
f 1660//3023 1232//2299 1789//3024
f 1660//3023 1753//2300 1232//2299
f 1156//3025 3468//2355 3307//2354
f 1676//688 3364//3026 2891//3027
f 2511//3028 2526//2418 4198//3029
f 4069//3030 3072//3031 2361//2661
f 4069//3030 2361//2661 2234//3032
f 1446//1886 869//1871 433//456
f 3631//3033 2875//3034 3626//1733
f 645//1410 3014//3035 488//3036
f 1299//3037 2578//1040 1143//3038
f 282//654 4455//3039 305//636
f 282//654 532//1278 4455//3039
f 282//654 1676//688 532//1278
f 1665//1047 3778//1422 3345//1048
f 1667//1051 1980//1050 3960//3040
f 4153//1020 665//1022 437//1200
f 1673//2421 2866//3041 3281//3042
f 3012//3043 3786//2554 1586//389
f 1131//2474 607//3044 1244//2472
f 1674//845 2603//1019 1197//3045
f 1674//845 1197//3045 2652//846
f 2389//3046 1415//330 4451//3047
f 4015//3007 2799//3048 3348//1194
f 118//182 1267//2506 3526//3049
f 4322//2090 428//1273 2165//1272
f 218//462 233//464 528//1173
f 218//462 528//1173 214//512
f 364//813 3780//1049 3345//1048
f 364//813 1721//1434 3780//1049
f 3500//3050 3271//3051 507//889
f 278//584 2204//1136 355//1135
f 278//584 253//567 2204//1136
f 261//600 2150//3052 4049//3053
f 21//2251 40//116 2587//2252
f 1680//537 2483//1137 2204//1136
f 1681//1293 1104//1158 2875//3034
f 3311//3054 2622//3055 976//2000
f 1684//3056 1743//3057 2896//1021
f 1304//768 3701//744 333//733
f 3654//2961 3653//1840 2910//3058
f 1686//3059 2925//1116 2124//2964
f 1686//3059 2525//3060 2925//1116
f 2269//3061 525//3062 488//3036
f 294//651 295//618 1264//2504
f 1688//3063 3459//1206 3461//3064
f 1688//3063 4298//3065 3459//1206
f 3751//3066 1297//1274 1596//3067
f 442//978 691//980 454//1474
f 1691//539 2485//3068 4265//603
f 1695//3069 2452//3070 1223//3071
f 3531//700 2596//702 317//2442
f 3575//3072 3318//1002 2971//3073
f 1758//3074 1099//3075 1614//3076
f 1758//3074 3927//920 1099//3075
f 4319//2078 1006//2079 362//3077
f 4018//1163 2380//1124 1208//1328
f 3852//3078 2182//3079 1108//3080
f 1707//3081 4368//1210 3569//3082
f 526//2412 2910//3058 1189//2411
f 526//2412 2249//3005 2910//3058
f 3510//3083 566//1968 2215//1356
f 1710//3084 3955//3085 1974//3086
f 1711//3087 299//1920 3714//3088
f 1712//843 1270//2514 3649//844
f 4234//1003 357//3089 4375//2420
f 1715//3090 1160//3091 1256//3092
f 3056//3021 402//2954 4182//3093
f 4023//1052 98//165 3494//167
f 1724//3094 2088//3095 2938//3096
f 3985//1248 4067//1247 4212//3097
f 1270//2514 464//1087 4354//3098
f 1600//1307 2601//2258 3992//3099
f 1730//1097 1620//2948 1096//377
f 1870//3100 3789//3101 3028//3102
f 398//2187 2540//965 2865//2539
f 2265//1443 2262//1426 3716//1938
f 2609//2463 1533//2816 1518//2815
f 1561//859 3752//2900 4469//1280
f 4466//1007 3520//875 3745//874
f 3549//1161 3053//3103 2548//1162
f 1738//2991 3169//3104 3343//3105
f 245//552 2138//3106 2498//3107
f 700//1504 3301//2215 3320//2214
f 1794//3108 3361//3109 1737//2950
f 4396//3110 1157//2334 2779//2971
f 999//2066 472//1005 514//801
f 2082//3111 2071//2724 1435//2698
f 162//334 1593//3112 175//327
f 1110//942 3687//2193 1049//2102
f 1110//942 4377//941 3687//2193
f 3662//1104 3999//1025 3670//1046
f 1220//2439 1701//2470 1217//2434
f 906//678 922//1911 293//679
f 1231//1810 2571//1809 576//3113
f 3649//844 1151//3114 385//842
f 3649//844 4356//3115 1151//3114
f 2614//673 383//685 288//674
f 4331//1090 1168//2378 493//1089
f 3997//3116 474//1326 3914//3117
f 1754//3118 3687//2193 4377//941
f 1756//3119 2534//3120 3504//3121
f 3971//3122 4312//823 2034//3123
f 592//3124 2427//3125 992//2042
f 1757//1239 2544//3126 3857//1237
f 444//3127 1699//1154 2933//3128
f 1180//3129 4010//3130 1138//3131
f 2644//1557 2897//1560 4149//1555
f 801//1779 395//1783 830//1780
f 2852//3132 347//788 1372//3133
f 2852//3132 1372//3133 4033//2653
f 1118//903 4170//3134 1129//2395
f 255//558 2923//3135 1915//3136
f 255//558 3896//1337 2923//3135
f 3509//3137 3033//2947 2876//3138
f 1761//3139 855//1837 864//1839
f 3508//3140 1647//936 4045//2697
f 4182//3093 2359//3141 1592//2652
f 1234//2225 2130//1590 414//3142
f 1234//2225 414//3142 3108//3143
f 3119//3144 1631//1125 2375//3145
f 3119//3144 2375//3145 517//3146
f 385//842 3130//3147 3646//3148
f 1421//320 1117//2690 4082//3149
f 2800//3150 3330//3151 3852//3078
f 1766//3152 4100//3153 1786//3154
f 1766//3152 4095//2298 4100//3153
f 1660//3023 4166//3155 1797//3156
f 2660//3157 1777//1518 709//1534
f 696//1502 3361//3109 1794//3108
f 1768//1509 1791//3158 4099//3159
f 687//1468 2674//3160 3924//1469
f 3917//1505 1779//3161 1143//3038
f 1772//1455 1801//3162 3918//1456
f 1773//1464 2678//3163 1769//1476
f 1767//3164 4380//3165 1789//3024
f 1775//3166 3567//1495 1781//1494
f 1775//3166 1781//1494 1798//3167
f 1769//1476 3723//1301 593//1300
f 1778//3168 1768//1509 4097//3169
f 1788//2426 1107//2438 1793//2437
f 1770//3170 3578//1499 3710//2464
f 1783//3171 3359//2368 689//3172
f 4458//1490 4252//3173 1791//3158
f 4458//1490 1792//2309 4252//3173
f 1785//3174 1780//3175 702//3176
f 3359//2368 2602//3177 689//3172
f 1786//3154 4166//3155 1766//3152
f 1786//3154 4100//3153 1797//3156
f 1790//3178 4098//2949 1779//3161
f 1779//3161 3917//1505 1790//3178
f 1251//3179 2160//796 3910//1450
f 706//1466 2678//3163 1773//1464
f 3361//3109 704//1514 1796//1513
f 1789//3024 4166//3155 1660//3023
f 1767//3164 4095//2298 1766//3152
f 1790//3178 1794//3108 4098//2949
f 1791//3158 4252//3173 2668//3180
f 1774//1488 1770//3170 4096//3181
f 1780//3175 2674//3160 687//1468
f 1776//3182 3548//3183 1778//3168
f 1788//2426 4063//2425 1107//2438
f 715//1481 2666//3184 714//1482
f 1783//3171 593//1300 2677//1302
f 1783//3171 703//3185 593//1300
f 1792//2309 4458//1490 1801//3162
f 714//1482 2666//3184 2663//3186
f 1791//3158 2668//3180 3733//3187
f 3710//2464 3578//1499 4101//1498
f 1778//3168 4097//3169 1776//3182
f 1790//3178 699//1501 1794//3108
f 1775//3166 1799//3188 3567//1495
f 715//1481 1782//1483 535//3189
f 1801//3162 4458//1490 3918//1456
f 1791//3158 3733//3187 4099//3159
f 1143//3038 1088//1511 3917//1505
f 3924//1469 2674//3160 717//1529
f 1802//3190 1825//3191 4110//3192
f 1802//3190 4109//2983 1813//3193
f 1802//3190 4110//3192 4109//2983
f 1803//3194 1834//3195 4223//3196
f 2687//3197 795//1658 4473//3198
f 1806//3199 4402//3200 1813//3193
f 1806//3199 1830//3201 4402//3200
f 2698//3202 1827//3203 558//1666
f 2698//3202 558//1666 1804//2544
f 785//1700 3883//3204 781//1698
f 3600//3205 1809//1635 2689//3206
f 1823//849 787//3207 438//850
f 1837//3208 1808//1711 3615//1712
f 1650//3209 1818//3210 775//1719
f 785//1700 1821//3211 3883//3204
f 1814//3212 2694//3213 799//1663
f 1821//3211 2706//319 3883//3204
f 1823//849 3598//1668 787//3207
f 1825//3191 1834//3195 4110//3192
f 1826//3214 1805//3215 3612//1680
f 1810//3216 4112//3217 1817//1677
f 1810//3216 1817//1677 789//1701
f 1812//1671 2684//3218 1833//1669
f 1817//1677 4112//3217 1835//1678
f 1830//3201 1803//3194 4223//3196
f 1828//1646 1824//1645 2693//3219
f 1828//1646 2693//3219 4111//3220
f 1835//1678 4112//3217 2707//2501
f 3539//1691 1744//3221 621//3222
f 3539//1691 621//3222 776//1674
f 1808//1711 1840//3223 767//1638
f 1809//1635 1828//1646 4111//3220
f 4473//3198 795//1658 2553//3224
f 1822//918 2565//3225 792//1709
f 2701//307 3928//1649 773//1648
f 1835//1678 2707//2501 1815//1656
f 1816//1651 3598//1668 2690//303
f 1281//3226 1820//3227 1819//1684
f 1805//3215 786//3228 3612//1680
f 1814//3212 1831//3229 2694//3213
f 3928//1649 2701//307 1838//3230
f 775//1719 2689//3206 1650//3209
f 1818//3210 1826//3214 782//1679
f 1837//3208 786//3228 1805//3215
f 1837//3208 3615//1712 786//3228
f 2689//3206 775//1719 3600//3205
f 773//1648 1816//1651 2701//307
f 1252//3231 2579//3232 1140//1632
f 1813//3193 4109//2983 1806//3199
f 3602//1641 1833//1669 2684//3218
f 3602//1641 2684//3218 1811//3233
f 1811//3233 1836//1642 3602//1641
f 789//1701 1839//3234 1810//3216
f 2693//3219 1824//1645 781//1698
f 1744//3221 3539//1691 425//2452
f 425//2452 791//1657 1832//2502
f 1840//3223 1821//3211 767//1638
f 2697//3235 768//1715 2549//1672
f 1826//3214 3612//1680 782//1679
f 2553//3224 795//1658 3547//3236
f 1843//346 3015//3010 1844//369
f 3017//3237 180//366 1845//3238
f 3017//3237 1848//3001 180//366
f 1848//3001 3017//3237 4411//3239
f 1842//388 3012//3043 1586//389
f 210//371 1844//369 3021//2407
f 3020//3240 211//433 195//392
f 1850//3241 1855//417 185//416
f 3037//3242 3991//367 3011//2935
f 199//405 1851//404 3022//3243
f 3024//3244 2231//350 3020//3240
f 3024//3244 3018//348 2231//350
f 1853//394 3027//3245 1857//424
f 1871//3246 191//438 210//371
f 1624//3247 2873//364 4021//1014
f 4413//3248 1195//912 4334//3249
f 199//405 3022//3243 440//413
f 1856//372 3509//3137 2876//3138
f 2187//3250 189//408 1584//3251
f 1842//388 200//430 3038//1308
f 205//368 3035//3252 1845//3238
f 1858//357 1866//397 531//1175
f 1624//3247 1861//3253 182//381
f 1857//424 3020//3240 195//392
f 4334//3249 1195//912 1863//3254
f 440//413 3032//3255 1868//3256
f 205//368 3991//367 3037//3242
f 205//368 3037//3242 3035//3252
f 203//407 1864//3257 4154//3258
f 3013//3259 189//408 203//407
f 1864//3257 203//407 4259//373
f 1863//3254 1872//402 2597//3260
f 1863//3254 202//437 1872//402
f 1862//401 3031//3261 1872//402
f 181//399 1868//3256 2576//3262
f 181//399 2576//3262 1843//346
f 1849//3263 1864//3257 4259//373
f 1850//3241 208//3264 204//428
f 1850//3241 185//416 208//3264
f 1859//382 1861//3253 3016//2397
f 1869//412 3028//3102 1874//376
f 1869//412 1874//376 198//409
f 1870//3100 4258//353 213//352
f 1870//3100 193//411 4258//353
f 3020//3240 2231//350 211//433
f 1246//2555 213//352 2228//351
f 1862//401 191//438 3031//3261
f 1861//3253 1859//382 182//381
f 1874//376 3028//3102 1876//1098
f 1875//385 3040//2513 3034//3265
f 1858//357 531//1175 4412//358
f 1871//3246 210//371 3021//2407
f 2187//3250 1584//3251 209//420
f 189//408 3013//3259 1584//3251
f 1620//2948 1730//1097 4404//2946
f 1849//3263 4259//373 1856//372
f 203//407 4154//3258 3013//3259
f 1863//3254 1195//912 202//437
f 3038//1308 200//430 1732//432
f 1853//394 4413//3248 3027//3245
f 1246//2555 2228//351 1854//379
f 1870//3100 1869//412 193//411
f 179//354 3014//3035 2404//360
f 179//354 206//356 1859//382
f 1878//423 3018//348 1851//404
f 1872//402 3031//3261 2597//3260
f 1879//3266 1903//1722 2716//3267
f 2718//3268 3931//1727 822//1726
f 2718//3268 822//1726 815//1744
f 1880//3269 4115//3270 1899//3271
f 2853//3272 2720//3273 805//3274
f 2247//3275 1893//1724 1907//1769
f 1906//1773 3931//1727 3717//3276
f 1885//3277 811//1771 1894//3278
f 1886//2218 4114//3279 1678//3280
f 1887//1754 3983//2473 810//1753
f 1906//1773 3717//3276 2062//3281
f 1121//3282 1895//3283 3934//1765
f 1889//1230 3932//1740 824//1742
f 837//1730 2620//461 2721//493
f 1182//3284 348//3285 1884//3286
f 1182//3284 1884//3286 3322//2446
f 1891//1734 1763//1069 1904//3287
f 1892//1758 3983//2473 1182//3284
f 1894//3278 818//1770 1879//3266
f 1894//3278 1879//3266 2723//3288
f 1901//1752 2712//3289 1907//1769
f 1883//3290 837//1730 2721//493
f 1883//3290 2721//493 2710//3291
f 368//819 4113//3292 1882//1756
f 1882//1756 3399//439 1608//1738
f 1121//3282 3934//1765 1884//3286
f 1896//1229 2853//3272 832//1743
f 1880//3269 1900//3293 1259//3294
f 1880//3269 1259//3294 4115//3270
f 1881//3295 3935//1777 1902//2211
f 1887//1754 607//3044 1131//2474
f 810//1753 3983//2473 1892//1758
f 1886//2218 2202//3296 4114//3279
f 1898//3297 2708//3298 815//1744
f 607//3044 816//1747 1678//3280
f 1899//3271 2202//3296 1890//2217
f 1899//3271 4115//3270 2202//3296
f 815//1744 2708//3298 2718//3268
f 1901//1752 1906//1773 2062//3281
f 1901//1752 2062//3281 2712//3289
f 832//1743 3932//1740 1896//1229
f 1886//2218 1890//2217 2202//3296
f 607//3044 1887//1754 816//1747
f 3398//1766 824//1742 803//1761
f 1884//3286 348//3285 1121//3282
f 1903//1722 1893//1724 2716//3267
f 2715//3299 368//819 1888//1746
f 368//819 2715//3299 4113//3292
f 1898//3297 815//1744 1885//3277
f 1907//1769 2712//3289 2247//3275
f 3931//1727 2718//3268 3717//3276
f 3734//548 248//570 3076//3300
f 2236//3301 1909//3302 356//529
f 2236//3301 356//529 2857//528
f 1278//546 3101//3303 1913//577
f 1663//2509 3078//3304 2857//528
f 2588//2510 1920//2986 2154//3305
f 1115//534 2908//3306 274//535
f 2857//528 3812//3307 2236//3301
f 3075//3308 246//536 3086//3309
f 3075//3308 244//551 246//536
f 265//589 1932//3310 1725//3311
f 3109//806 272//572 245//552
f 252//540 1921//2257 254//541
f 252//540 3088//3312 1921//2257
f 1920//2986 2588//2510 1287//527
f 243//588 3075//3308 1931//3313
f 247//530 2491//617 1933//578
f 1911//3314 4241//1214 1234//2225
f 2857//528 3078//3304 3812//3307
f 4263//557 3112//3315 446//594
f 4263//557 3094//3316 3112//3315
f 4261//774 4264//2428 4077//2993
f 1910//564 3080//3317 239//579
f 2629//962 1216//3318 601//614
f 1918//604 3111//2488 1910//564
f 274//535 2908//3306 1935//3319
f 446//594 3099//3320 1926//595
f 1920//2986 1287//527 281//526
f 3089//2361 265//589 1725//3311
f 3089//2361 240//518 265//589
f 3092//544 279//571 1919//615
f 256//3321 1216//3318 1932//3310
f 4263//557 272//572 3094//3316
f 248//570 270//613 3102//3322
f 1923//3323 275//559 1915//3136
f 1923//3323 1915//3136 3825//3324
f 1913//577 258//547 1278//546
f 1916//568 1134//586 3081//3325
f 3098//3326 240//518 3089//2361
f 3098//3326 1928//516 240//518
f 262//519 3107//3327 1919//615
f 1134//586 277//585 1926//595
f 1134//586 1926//595 3096//3328
f 1913//577 271//576 258//547
f 1936//562 1916//568 3077//3329
f 1302//3330 3106//3331 4265//603
f 1912//616 2943//3332 1930//580
f 3080//3317 3102//3322 270//613
f 3080//3317 270//613 239//579
f 1914//3333 1911//3314 3108//3143
f 1916//568 3081//3325 3077//3329
f 1925//611 251//3334 273//592
f 1925//611 273//592 3097//3335
f 1925//611 280//610 251//3334
f 1728//1336 358//1338 1929//3336
f 1925//611 4077//2993 4264//2428
f 1931//3313 1278//546 243//588
f 3091//3337 262//519 1934//521
f 1909//3302 1621//1586 281//526
f 1909//3302 3083//3338 1621//1586
f 1934//521 1924//601 3091//3337
f 1908//607 2629//962 276//605
f 1922//538 3093//3339 3086//3309
f 1935//3319 273//592 274//535
f 1926//595 3099//3320 3096//3328
f 1927//3340 1917//597 2623//3341
f 1278//546 1931//3313 3101//3303
f 3075//3308 243//588 244//551
f 252//540 3106//3331 3088//3312
f 1921//2257 2640//608 254//541
f 1302//3330 260//523 241//522
f 1134//586 3104//3342 3081//3325
f 1257//2241 264//2288 3087//3343
f 264//2288 1928//516 3087//3343
f 247//530 1933//578 3082//531
f 1936//562 3077//3329 3093//3339
f 272//572 3109//806 3094//3316
f 1302//3330 4265//603 260//523
f 446//594 3112//3315 3099//3320
f 1913//577 4105//1626 1933//578
f 1122//1339 3103//3016 1158//3344
f 241//522 1927//3340 1302//3330
f 3106//3331 252//540 4265//603
f 1936//562 3093//3339 1922//538
f 1937//3345 3936//3346 1948//1790
f 618//3347 1951//1832 3940//1787
f 858//1845 1969//3348 3277//1847
f 1941//3349 1945//3350 3889//1134
f 1943//1798 4268//3351 859//1799
f 3277//1847 1969//3348 4116//3352
f 1944//3353 4118//3354 1964//3355
f 1945//3350 862//1822 1949//3356
f 1939//1808 2220//3357 3937//1796
f 1150//1830 1966//3358 4119//1132
f 1944//3353 3941//2278 1956//3359
f 1944//3353 1956//3359 4118//3354
f 1946//3360 1962//2346 864//1839
f 3711//1835 1970//1849 4267//3361
f 1961//3362 1971//3363 2630//3364
f 860//1789 1959//1843 3414//693
f 1952//3365 618//3347 3940//1787
f 1953//3366 846//1298 859//1799
f 1954//1146 4459//1823 4122//3367
f 1965//1827 1972//1831 2739//3368
f 1965//1827 2739//3368 2724//3369
f 1955//1299 2738//661 4121//3370
f 1947//3371 3939//1816 1950//1815
f 1947//3371 1950//1815 520//3372
f 1956//3359 3941//2278 1968//3003
f 1958//3373 1938//3374 3277//1847
f 1946//3360 1940//3375 4006//3376
f 858//1845 1973//1817 1969//3348
f 1941//3349 2725//2343 1968//3003
f 1941//3349 3889//1134 2725//2343
f 1150//1830 4119//1132 3938//1821
f 3937//1796 2220//3357 2736//3377
f 1961//3362 2630//3364 4117//1155
f 1962//2346 1761//3139 864//1839
f 1964//3355 4118//3354 1940//3375
f 1965//1827 2724//3369 1939//1808
f 1699//1154 444//3127 4117//1155
f 1967//3378 4120//1836 1963//1793
f 1968//3003 3941//2278 3943//3379
f 3938//1821 4119//1132 1949//3356
f 3937//1796 2736//3377 1960//3380
f 1937//3345 444//3127 3936//3346
f 4121//3370 1942//1812 1955//1299
f 1945//3350 1949//3356 3889//1134
f 1963//1793 4459//1823 1954//1146
f 1939//1808 2724//3369 2220//3357
f 4122//3367 868//1825 1947//3371
f 1972//1831 4120//1836 2739//3368
f 1949//3356 862//1822 3938//1821
f 1940//3375 1946//3360 1964//3355
f 1953//3366 2738//661 846//1298
f 1975//2807 1714//58 3453//3381
f 1975//2807 4427//3382 1714//58
f 1214//1335 3469//110 3349//122
f 4296//3383 2007//3384 2010//3385
f 541//3386 3737//1297 3455//81
f 541//3386 3455//81 1128//3387
f 3323//3388 1980//1050 3954//3389
f 3953//3390 1979//3391 28//32
f 1980//1050 3323//3388 34//52
f 1981//3392 2012//3393 1633//39
f 2001//1057 1996//2482 4297//3394
f 521//3395 1714//58 3957//3396
f 3457//59 3959//3397 3956//3398
f 2002//3399 1091//3400 63//109
f 3959//3397 37//34 1974//3086
f 3953//3390 2012//3393 1981//3392
f 3953//3390 28//32 2012//3393
f 1986//3401 3960//3040 1980//1050
f 1986//3401 1982//3402 3960//3040
f 3540//2836 65//114 2006//3403
f 3964//3404 3465//118 3967//3405
f 3964//3404 2914//93 3465//118
f 70//70 2000//3406 4229//3407
f 41//62 3961//3408 2009//112
f 2015//3409 2653//3410 2010//3385
f 2015//3409 3307//2354 2653//3410
f 3525//3411 3956//3398 3551//3412
f 3525//3411 3464//87 3956//3398
f 3465//118 1994//3413 3967//3405
f 4299//3414 1627//3415 2002//3399
f 1985//3416 1710//3084 3454//36
f 521//3395 3962//3417 3471//3418
f 1156//3025 1164//3419 3468//2355
f 53//64 2613//3420 1978//3421
f 4298//3065 1688//3063 3966//2268
f 4298//3065 3966//2268 3210//3422
f 1993//3423 3307//2354 2015//3409
f 1994//3413 52//88 1992//3424
f 1994//3413 3465//118 52//88
f 1979//3391 3958//2778 1985//3416
f 1979//3391 1985//3416 19//30
f 1998//3425 1991//3426 3456//73
f 1999//3427 3461//3064 3468//2355
f 3453//3381 2004//3428 1975//2807
f 4435//3429 2003//3430 3471//3418
f 65//114 3540//2836 1984//3431
f 56//92 1653//3432 2140//3433
f 56//92 2140//3433 2613//3420
f 3964//3404 2016//3434 2914//93
f 541//3386 1128//3387 2016//3434
f 3471//3418 3962//3417 4435//3429
f 1976//3435 2947//1204 4298//3065
f 3464//87 3525//3411 1633//39
f 2006//3403 65//114 3467//115
f 1091//3400 3969//3436 3458//75
f 41//62 53//64 1978//3421
f 41//62 1978//3421 3961//3408
f 4229//3407 1760//117 70//70
f 4229//3407 1987//3437 1760//117
f 1996//2482 3324//43 2586//3438
f 2010//3385 2653//3410 4296//3383
f 3959//3397 3457//59 37//34
f 1997//1106 4434//3439 1627//3415
f 1633//39 3525//3411 1172//3440
f 3455//81 1111//1296 2008//3441
f 2013//2483 476//1056 479//1058
f 3963//3442 3466//2451 1983//3443
f 3963//3442 1990//2450 3466//2451
f 1999//3427 1688//3063 3461//3064
f 2014//2461 3965//2979 3349//122
f 3468//2355 1164//3419 1999//3427
f 1633//39 1172//3440 1981//3392
f 1627//3415 4299//3414 1997//1106
f 3323//3388 3954//3389 2004//3428
f 2016//3434 1642//1333 541//3386
f 3467//115 2008//3441 2211//3444
f 3470//69 3968//3445 2000//3406
f 521//3395 3957//3396 3962//3417
f 2003//3430 3877//3446 1982//3402
f 1688//3063 1999//3427 3966//2268
f 3470//69 1990//2450 3968//3445
f 1976//3435 2007//3384 2947//1204
f 1980//1050 34//52 1986//3401
f 1995//3447 1983//3443 3462//76
f 3970//3448 4317//3449 3321//132
f 3970//3448 3321//132 3476//185
f 2054//3450 3493//974 2049//3451
f 3741//1171 589//3452 2922//3453
f 2019//3454 84//143 3229//3455
f 2020//3456 4314//3457 4317//3449
f 2022//946 1625//3458 3974//3459
f 2026//3460 3479//138 2055//3461
f 2041//926 2021//3462 419//885
f 4475//3463 3238//2908 2059//3464
f 4475//3463 2059//3464 108//3465
f 2028//3466 2589//3467 2037//3468
f 2030//3469 3497//200 2047//3470
f 2031//883 2637//147 106//149
f 2031//883 3770//201 2637//147
f 4316//3471 2054//3450 3976//3472
f 4316//3471 3493//974 2054//3450
f 4316//3471 3976//3472 2045//3473
f 2036//3474 2051//188 4441//3475
f 2040//3476 2018//3477 95//158
f 2040//3476 95//158 2057//3478
f 575//3479 4329//944 3972//3480
f 554//3481 2034//3123 371//822
f 554//3481 371//822 441//976
f 2020//3456 2047//3470 4315//3482
f 2020//3456 4315//3482 4314//3457
f 3476//185 2025//3483 3970//3448
f 3977//921 1723//3484 3496//212
f 1625//3458 429//943 3507//3485
f 3971//3122 2049//3451 4312//823
f 2043//2453 554//3481 441//976
f 2024//3486 3977//921 4318//3487
f 2024//3486 4318//3487 3482//183
f 2036//3474 3243//3488 3485//193
f 2025//3483 3975//2917 3970//3448
f 3973//3489 3507//3485 429//943
f 3973//3489 429//943 2027//945
f 4475//3463 3481//161 3978//3490
f 2018//3477 2032//3491 119//156
f 2022//946 3974//3459 2042//3492
f 4079//3493 1723//3484 3299//3494
f 2055//3461 3479//138 2023//214
f 2056//3495 2059//3464 4446//3496
f 2023//214 2030//3469 2055//3461
f 3977//921 3496//212 4318//3487
f 2018//3477 3486//194 95//158
f 2059//3464 2039//3497 108//3465
f 3473//153 4442//3498 2035//876
f 3473//153 374//1170 4442//3498
f 2028//3466 2900//3499 2589//3467
f 2056//3495 2194//3500 2900//3499
f 2037//3468 112//202 2028//3466
f 2059//3464 2056//3495 2039//3497
f 2051//188 2017//2885 3980//2849
f 1723//3484 3977//921 1752//1172
f 588//3501 3475//128 2019//3454
f 4329//944 2042//3492 3972//3480
f 2045//3473 3976//3472 2595//3502
f 2030//3469 2023//214 3497//200
f 2044//877 2918//2507 117//174
f 2045//3473 2595//3502 2038//854
f 4061//3503 2058//2351 109//203
f 2026//3460 3229//3455 3479//138
f 2027//945 2606//3504 3973//3489
f 1720//699 314//727 323//714
f 624//3505 3742//1369 1243//1367
f 2697//3235 1291//2530 768//1715
f 73//111 36//57 346//49
f 598//1512 2939//979 407//3506
f 598//1512 407//3506 2980//3507
f 2060//3508 605//3509 4186//2285
f 793//1707 3601//3510 768//1715
f 2053//3511 399//882 2021//3462
f 2053//3511 2052//3512 399//882
f 853//3513 2933//3128 542//3514
f 4257//2293 3338//1377 641//1376
f 3549//1161 455//1181 3628//1736
f 3549//1161 1762//2560 455//1181
f 1459//2744 2568//2764 2110//2365
f 1137//3515 3528//565 2472//3516
f 2444//3517 2748//3518 2159//3519
f 3518//1565 719//3520 4251//1566
f 2433//3521 2087//2725 1433//2726
f 570//2715 2938//3096 1423//1868
f 2437//3522 1443//2714 2068//3523
f 2437//3522 1225//3524 1443//2714
f 4472//3525 3558//3526 2070//3527
f 2070//3527 2450//3528 4123//3529
f 2459//3530 2460//3531 1439//2703
f 484//1889 2432//3532 2086//1859
f 2073//1260 2083//1259 1438//1869
f 2446//3533 2090//3534 2444//3517
f 4046//2721 2439//3535 2067//2720
f 2067//2720 2461//3536 1709//2727
f 2076//2700 2619//1213 3365//1212
f 4046//2721 2094//2713 2439//3535
f 2078//3537 2454//3538 1610//2723
f 3508//3140 1430//2708 2534//3120
f 2070//3527 2081//2704 1441//2705
f 2070//3527 4123//3529 2081//2704
f 2070//3527 1441//2705 1610//2723
f 2081//2704 2442//3539 2090//3534
f 2081//2704 4123//3529 2442//3539
f 2085//3540 2451//3541 1431//1884
f 3558//3526 4472//3525 2440//3542
f 3720//3543 2089//2702 2455//3544
f 3720//3543 484//1889 2089//2702
f 2139//970 599//2391 513//2718
f 2139//970 2093//2220 599//2391
f 570//2715 884//451 2451//3541
f 2082//3111 4045//2697 2064//3545
f 484//1889 3720//3543 2432//3532
f 2085//3540 1148//1876 2460//3531
f 2086//1859 2432//3532 2433//3521
f 2071//2724 2619//1213 2076//2700
f 2459//3530 1439//2703 2075//1885
f 2070//3527 1447//2728 1709//2727
f 2072//3546 2094//2713 1427//1867
f 3508//3140 4045//2697 1437//2699
f 2090//3534 2442//3539 2444//3517
f 3893//2717 2534//3120 1430//2708
f 2451//3541 884//451 1431//1884
f 2083//1259 436//1258 2567//3547
f 2070//3527 3558//3526 1447//2728
f 2084//3548 3747//1165 2077//2710
f 2433//3521 1433//2726 2086//1859
f 2938//3096 2088//3095 1423//1868
f 1610//2723 2454//3538 4472//3525
f 2088//3095 2073//1260 1438//1869
f 2074//2707 2080//2219 3747//1165
f 2089//2702 1225//3524 2455//3544
f 4472//3525 2070//3527 1610//2723
f 2068//3523 2440//3542 2437//3522
f 2083//1259 2567//3547 2079//2729
f 3747//1165 2084//3548 2074//2707
f 2440//3542 2068//3523 3558//3526
f 3504//3121 2193//2711 2077//2710
f 2508//3549 2105//2754 1482//2753
f 1468//2745 4128//3550 2121//3551
f 2099//3552 4055//2763 2107//3553
f 2108//2732 1478//2306 2503//3554
f 2925//1116 2508//3549 1482//2753
f 4124//3555 2102//3556 4016//2731
f 2506//3557 1473//2757 2515//3558
f 2117//3559 2113//2741 2521//3560
f 2108//2732 4129//3561 2119//2752
f 2543//2740 2503//3554 1478//2306
f 2524//3562 1467//1907 4056//2735
f 2524//3562 2118//3563 1467//1907
f 2109//2747 534//1074 4379//3564
f 2114//2759 2120//1034 1465//2758
f 1468//2745 2099//3552 4128//3550
f 2101//2734 4126//3565 4056//2735
f 2101//2734 2519//3566 4126//3565
f 2100//3567 2502//3568 2112//3569
f 2642//1115 1199//1117 2118//3563
f 1469//2750 1487//1895 2097//2761
f 2103//3570 2110//2365 2568//2764
f 2516//1076 1479//1254 1469//2750
f 4127//3571 2111//2755 2505//3572
f 4056//2735 2517//3573 2524//3562
f 4127//3571 2518//3574 2098//3575
f 2121//3551 2543//2740 1451//1930
f 2628//1122 1456//2736 2106//1120
f 2103//3570 2568//2764 2096//3576
f 2107//3553 4057//2762 2119//2752
f 2107//3553 2119//2752 2520//3577
f 2511//3028 2543//2740 2121//3551
f 2095//2743 1180//3129 2097//2761
f 2113//2741 2506//3557 2521//3560
f 2104//1033 1748//1035 2116//2738
f 4056//2735 4126//3565 2517//3573
f 4124//3555 4016//2731 451//2730
f 2516//1076 462//1075 1479//1254
f 2119//2752 4129//3561 2509//3578
f 2112//3569 2502//3568 2515//3558
f 4127//3571 1466//682 2111//2755
f 2098//3575 2518//3574 2519//3566
f 2519//3566 1477//1934 2098//3575
f 435//963 1065//2189 2477//2477
f 259//3579 3692//2493 601//614
f 259//3579 3685//2162 3692//2493
f 259//3579 256//3321 3685//2162
f 4125//3580 3356//3581 3751//3066
f 2122//913 2148//3582 2418//3583
f 1188//3584 4064//932 3827//3585
f 578//1760 3633//1287 3621//3586
f 2066//3587 2537//2980 3552//3588
f 4281//2491 2240//2449 381//835
f 4363//3589 4364//2237 2743//3590
f 2128//3591 1272//2516 2152//2518
f 1932//3310 1216//3318 2545//2410
f 1932//3310 2545//2410 1725//3311
f 69//50 1714//58 521//3395
f 2528//1345 3880//3592 1083//2266
f 583//3593 2203//1008 3208//3594
f 3039//3595 2892//2337 651//1432
f 2218//1156 3942//1353 1699//1154
f 2151//2520 3117//3596 4191//3597
f 3736//1616 3100//2533 753//1614
f 916//638 926//1894 1479//1254
f 2402//1059 2223//400 2418//3583
f 2141//339 1288//1285 163//2243
f 2141//339 163//2243 3313//337
f 1728//1336 1929//3336 2640//608
f 416//1303 3275//3598 3529//3599
f 681//1532 3557//3600 710//1521
f 2886//3601 2585//995 3171//1216
f 2886//3601 3171//1216 2650//1215
f 2146//3602 1658//3603 3049//1343
f 2836//2129 3864//2867 1700//2130
f 2527//1324 3304//1323 1175//3604
f 324//732 3300//743 333//733
f 1412//2331 470//1042 2639//1044
f 1762//2560 3549//1161 3984//1160
f 513//2718 3365//1212 2139//970
f 302//676 300//675 2569//3605
f 302//676 2569//3605 3714//3088
f 2375//3145 4018//1163 2541//3606
f 224//503 3410//502 4000//1354
f 319//3607 306//725 1698//3608
f 319//3607 1698//3608 1668//2069
f 2148//3582 2533//2381 2418//3583
f 1153//2345 4240//2344 2733//1133
f 1791//3158 1768//1509 686//1489
f 3311//3054 976//2000 968//2002
f 2047//3470 3497//200 99//211
f 2047//3470 99//211 4315//3482
f 2859//2032 3326//3609 1719//2033
f 841//1842 2542//3610 1942//1812
f 2150//3052 1740//3611 1588//2188
f 2150//3052 1588//2188 1095//2479
f 4374//3612 2632//818 2643//2287
f 2156//2423 1762//2560 3984//1160
f 2156//2423 4321//2422 1762//2560
f 1601//3613 1701//2470 3988//3614
f 1838//3230 1812//1671 4340//1062
f 4452//550 2162//587 1245//2476
f 2161//486 893//1861 223//443
f 2320//3615 4176//2630 4031//177
f 2662//2405 1727//1471 3548//3183
f 1161//704 311//703 3676//718
f 3899//1094 3328//1096 4008//3616
f 605//3509 2542//3610 499//3617
f 605//3509 2060//3508 2542//3610
f 2021//3462 399//882 419//885
f 3509//3137 1856//372 360//426
f 3509//3137 360//426 1742//3618
f 2562//494 237//506 3834//984
f 1841//1233 4021//1014 2873//364
f 2170//865 2163//2223 2176//3619
f 2050//884 556//925 419//885
f 4389//993 2585//995 2886//3601
f 2447//971 2139//970 3365//1212
f 581//3620 4242//3621 1244//2472
f 74//79 1317//1068 57//80
f 2002//3399 63//109 33//3622
f 3688//2138 2475//3623 4054//862
f 1675//3624 2217//1004 4375//2420
f 1515//2819 384//2358 3351//2430
f 2178//3625 1696//2283 4363//3589
f 3958//2778 1523//2776 3226//2775
f 2179//3626 573//1255 1311//2591
f 2182//3079 3852//3078 3330//3151
f 2150//3052 2493//563 1740//3611
f 2703//305 148//304 2553//3224
f 2945//1193 3546//2246 544//1191
f 2945//1193 2777//2244 3546//2246
f 2189//1478 3925//1010 3753//3627
f 4135//2357 349//791 4137//3628
f 2297//3629 2311//1597 3519//3630
f 3289//778 2135//2912 4151//2496
f 2887//1412 3523//3631 1093//1413
f 1245//2476 1120//3632 2483//1137
f 1245//2476 2477//2477 1120//3632
f 2192//2654 125//277 3379//276
f 1014//2084 1013//2100 362//3077
f 417//972 2445//935 424//934
f 417//972 424//934 2645//1164
f 1379//2658 4181//3633 2367//2659
f 2197//3634 1102//3635 1126//2271
f 2197//3634 1126//2271 1645//2273
f 4356//3115 4082//3149 1117//2690
f 646//1423 2268//2543 3719//880
f 2198//3636 2550//3637 1290//3638
f 2199//1688 2579//3232 1252//3231
f 287//643 924//658 902//644
f 376//814 653//1421 2263//3639
f 2089//2702 3833//479 870//1875
f 3281//3042 2866//3041 3885//3640
f 437//1200 665//1022 664//1435
f 491//1086 449//3019 852//3641
f 2205//3642 3221//3643 3990//2800
f 2412//3644 3916//2548 2546//2547
f 2027//945 4329//944 575//3479
f 2602//3177 4101//1498 3595//1497
f 2602//3177 3359//2368 4101//1498
f 444//3127 2571//1809 3936//3346
f 2570//2455 2984//3645 2963//1263
f 2208//827 492//1188 2610//1072
f 1676//688 3718//2942 3364//3026
f 1693//3646 2954//3647 2878//3648
f 1693//3646 1305//3649 2954//3647
f 2211//3444 2006//3403 3467//115
f 3605//1690 3608//1692 1160//3091
f 3605//1690 1160//3091 1241//888
f 2953//3650 3536//1485 2973//2456
f 3302//3651 2872//2944 3332//3652
f 1545//2416 3275//3598 3285//2497
f 1545//2416 1554//2894 3275//3598
f 751//1606 2600//2503 738//1624
f 2214//642 3754//625 291//667
f 2174//917 1288//1285 616//1282
f 612//956 4064//932 543//954
f 2551//1269 1306//2553 2587//2252
f 1213//2429 4135//2357 2636//3653
f 1957//3654 4270//3655 2728//1277
f 3965//2979 2609//2463 591//1295
f 2553//3224 4152//3656 3388//314
f 2219//3657 2269//3061 3014//3035
f 406//863 1218//908 3905//910
f 4445//3658 3259//1279 3240//1281
f 2221//2618 1179//2616 3535//2619
f 4176//2630 3002//3659 370//3660
f 1550//2910 3234//2930 2918//2507
f 413//1364 931//3661 4228//1372
f 1143//3038 2578//1040 1300//1039
f 2223//400 2122//913 2418//3583
f 2419//398 954//904 963//2021
f 1490//2766 1075//736 617//2207
f 678//2315 458//1013 3023//1015
f 2225//1378 931//3661 624//3505
f 4169//293 2649//3662 4250//1043
f 719//3520 725//1570 4149//1555
f 3081//3325 4108//933 4064//932
f 1453//1917 3842//687 1462//1926
f 2226//3663 166//295 1808//1711
f 1021//2097 1016//2089 2644//1557
f 1045//2152 3881//2332 1024//2153
f 1400//315 1211//1189 2370//2694
f 4246//1705 796//1704 766//1655
f 4246//1705 766//1655 4071//2363
f 2458//3664 2439//3535 2072//3546
f 2918//2507 2044//877 2604//3665
f 4447//3666 1253//992 2325//2613
f 4447//3666 2325//2613 2996//3667
f 360//426 4042//374 4043//1108
f 360//426 4043//1108 2868//427
f 2433//3521 2572//3668 2449//1102
f 4091//1445 4327//1438 4092//3669
f 4020//3670 725//1570 719//3520
f 4020//3670 719//3520 3518//1565
f 357//3089 3301//2215 4168//1150
f 1736//805 427//3671 2667//2308
f 2234//3032 4181//3633 4069//3030
f 2050//884 106//149 4023//1052
f 4210//2390 1519//2302 4204//2304
f 1698//3608 3436//2443 317//2442
f 1698//3608 317//2442 1668//2069
f 534//1074 2516//1076 4379//3564
f 3444//3672 4388//3673 3442//3674
f 453//1321 758//1617 511//3675
f 310//716 311//703 315//705
f 1567//1037 3254//923 3264//2865
f 1207//873 3223//3676 3745//874
f 1116//2366 2110//2365 1596//3067
f 854//1802 1130//1801 4417//3677
f 1846//2936 3991//367 180//366
f 1846//2936 180//366 1867//3002
f 4151//2496 2833//1305 3289//778
f 2247//3275 2712//3289 4000//1354
f 636//1371 639//1362 413//1364
f 1215//749 331//748 2889//3678
f 2571//1809 853//3513 576//3113
f 1090//1406 942//1943 4424//2977
f 1155//1387 4371//3679 2259//1388
f 2251//1384 650//1386 2257//1396
f 2252//1399 377//1398 2250//2484
f 4424//2977 2258//2316 1090//1406
f 1248//1405 669//1404 3746//3680
f 2256//1309 4150//1311 656//1411
f 2258//2316 4424//2977 2254//3681
f 4089//1401 4289//3682 654//3683
f 2259//1388 670//1395 657//1397
f 2259//1388 2239//1448 670//1395
f 2250//2484 377//1398 659//1440
f 2261//1415 4059//2274 669//1404
f 655//1417 2262//1426 668//1425
f 655//1417 2267//1972 2262//1426
f 678//2315 4291//1970 2264//1436
f 2266//1416 674//1442 4290//1957
f 2265//1443 4290//1957 674//1442
f 2270//1428 2261//1415 673//1427
f 2253//1394 675//1433 2252//1399
f 488//3036 3317//3684 645//1410
f 3880//3592 652//1391 1136//1390
f 2253//1394 1083//2266 1136//1390
f 2262//1426 2265//1443 663//1424
f 4289//3682 4286//3685 649//3686
f 4289//3682 649//3686 654//3683
f 2255//1407 2266//1416 4294//1971
f 2254//3681 678//2315 2258//2316
f 2260//1409 2267//1972 655//1417
f 667//1420 2574//3687 679//3688
f 2264//1436 666//1437 678//2315
f 4291//1970 678//2315 2254//3681
f 2574//3687 667//1420 620//1419
f 649//3686 4286//3685 671//3689
f 669//1404 4059//2274 3746//3680
f 2239//1448 4293//3690 2257//1396
f 671//3689 4286//3685 2256//1309
f 2256//1309 656//1411 671//3689
f 3336//2408 3552//3588 2537//2980
f 4470//3691 1293//3692 1307//2563
f 345//783 1316//2572 2982//3693
f 345//783 595//785 1316//2572
f 573//1255 2179//3626 1675//3624
f 2274//3694 1320//786 2271//3695
f 4173//2584 1308//77 2278//2587
f 2276//3696 4172//3697 1318//104
f 4173//2584 1337//2580 60//78
f 2964//1256 1334//2568 1319//1257
f 1693//3646 2878//3648 1322//2590
f 3552//3588 595//785 2874//784
f 2283//3698 2979//3699 2275//2588
f 2282//3700 2970//3701 2290//2593
f 2282//3700 2287//3702 2970//3701
f 1326//2562 1634//2561 2955//3703
f 2968//3704 2272//2320 4175//2322
f 2968//3704 1314//2595 2272//2320
f 386//3705 1298//1319 3337//3706
f 1293//3692 2975//3707 1634//2561
f 2878//3648 3501//2319 1322//2590
f 1240//3708 2283//3698 3336//2408
f 386//3705 3337//3706 2287//3702
f 2286//3709 1334//2568 2964//1256
f 4027//2574 2976//3710 2291//2579
f 1316//2572 1326//2562 2955//3703
f 1316//2572 2955//3703 2982//3693
f 4029//3711 2243//3712 613//1317
f 1634//2561 2975//3707 2864//1515
f 4172//3697 1159//2586 1318//104
f 2968//3704 2277//3713 1314//2595
f 1329//71 2284//2569 2276//3696
f 4027//2574 2273//2576 2976//3710
f 2287//3702 1327//2582 386//3705
f 366//2592 1637//3714 494//3715
f 3501//2319 1238//2321 1322//2590
f 2279//2552 1606//1318 2285//3716
f 2290//2593 2970//3701 4174//3717
f 2278//2587 1159//2586 2967//3718
f 2274//3694 2289//3719 1336//787
f 2287//3702 2282//3700 1327//2582
f 2883//1131 4244//781 3562//780
f 4301//3720 737//3721 4302//3722
f 4301//3720 732//3723 737//3721
f 4301//3720 734//1584 732//3723
f 2293//1576 2295//1588 1181//2402
f 1664//1572 756//1611 3352//1610
f 4244//781 2883//1131 4103//1629
f 1135//2082 741//2261 735//1589
f 543//954 2869//2265 2300//2267
f 2297//3629 759//1596 2311//1597
f 740//3724 4303//3725 2305//3726
f 4310//1591 1135//2082 735//1589
f 736//1573 4304//3727 2299//1623
f 4103//1629 2298//1628 4244//781
f 4302//3722 737//3721 740//3724
f 1303//947 761//1604 2303//1603
f 2302//1081 4070//1083 2292//3728
f 2302//1081 4339//1625 4070//1083
f 4339//1625 2171//3018 3352//1610
f 2307//1587 734//1584 4308//3729
f 4309//1554 1015//1538 760//1599
f 2304//3730 2869//2265 543//954
f 750//3731 743//3732 1015//1538
f 746//3000 1239//948 2304//3730
f 2310//1578 2303//1603 749//1579
f 2310//1578 3713//3733 2303//1603
f 740//3724 2305//3726 4302//3722
f 736//1573 1664//1572 4304//3727
f 4303//3725 740//3724 754//3734
f 734//1584 4301//3720 4308//3729
f 761//1604 1303//947 2308//949
f 2297//3629 4306//3735 754//3734
f 2297//3629 754//3734 759//1596
f 1015//1538 743//3732 760//1599
f 754//3734 4306//3735 4303//3725
f 2314//1197 1361//2609 2321//3736
f 1366//2598 2318//2607 2993//3737
f 2316//3738 2325//2613 1363//2612
f 2316//3738 1363//2612 116//204
f 1359//2222 3005//3739 1262//3740
f 447//990 2332//2623 1357//991
f 1366//2598 2339//3741 572//215
f 2320//3615 1351//2622 2988//1639
f 1613//2224 2163//2223 3993//2466
f 379//864 2336//866 3563//2627
f 3724//1153 475//1053 2335//1055
f 4158//3742 2339//3741 3001//3743
f 2323//2629 4177//1640 1351//2622
f 2323//2629 3291//3744 4177//1640
f 2334//3745 2338//3746 2880//2628
f 2321//3736 1345//2615 4178//3747
f 1262//3740 2163//2223 1359//2222
f 2329//2601 1340//2596 2315//2312
f 2331//3748 3005//3739 1348//2599
f 475//1053 2131//1208 2330//2385
f 2333//3749 1256//3092 2315//2312
f 1356//157 2999//3750 2340//2620
f 116//204 3003//3751 2316//3738
f 1346//930 4471//1196 380//2460
f 1359//2222 1348//2599 3005//3739
f 2326//928 3500//3050 507//889
f 2336//866 3291//3744 2323//2629
f 2337//2631 2880//2628 2338//3746
f 1351//2622 4177//1640 2988//1639
f 1365//2626 2985//2557 400//2610
f 2318//2607 1613//2224 2993//3737
f 1648//3752 2328//2611 400//2610
f 1362//216 2324//2625 3003//3751
f 2339//3741 4158//3742 572//215
f 4178//3747 498//2597 2329//2601
f 4178//3747 1345//2615 498//2597
f 2328//2611 379//864 3563//2627
f 3003//3751 116//204 1362//216
f 1715//3090 2333//3749 2317//1113
f 1613//2224 2318//2607 1359//2222
f 1658//3603 2146//3602 2555//3753
f 1396//2649 4179//3754 1369//2647
f 468//1027 2364//1029 1277//2527
f 2345//3755 1389//248 2548//1162
f 2346//2250 1370//2249 1375//259
f 2349//3756 415//2634 2352//3757
f 1385//2662 2358//2668 4349//3758
f 2352//3757 415//2634 2355//3759
f 1595//2657 3067//3760 3995//3761
f 1595//2657 3995//3761 1254//3762
f 2348//3763 2354//1028 2246//3764
f 2355//3759 415//2634 1368//2638
f 4179//3754 1378//2648 1369//2647
f 4181//3633 2234//3032 2367//2659
f 3067//3760 1595//2657 2345//3755
f 1394//2637 1384//2655 3046//3765
f 2345//3755 1595//2657 4032//2656
f 2356//1325 1277//2527 4351//3766
f 2362//871 1381//2660 4450//2644
f 2363//3767 4034//2651 2360//3768
f 2234//3032 2361//2661 2367//2659
f 2146//3602 4004//3769 4085//3770
f 2146//3602 3049//1343 4004//3769
f 4182//3093 1592//2652 1378//2648
f 2365//3771 1377//1227 1371//2633
f 2354//1028 4183//3772 1165//3773
f 3914//3117 3050//3774 3512//3775
f 2356//1325 4351//3766 3050//3774
f 1372//3133 347//788 2357//3776
f 3914//3117 2356//1325 3050//3774
f 2366//3777 4181//3633 1392//2642
f 2366//3777 1392//2642 4035//2667
f 2346//2250 1375//259 3062//3778
f 1658//3603 3997//3116 3512//3775
f 2548//1162 1389//248 1381//2660
f 2347//2664 2344//2645 3065//3779
f 2365//3771 1371//2633 2342//2632
f 1385//2662 4349//3758 1391//253
f 1109//870 1382//2635 1370//2249
f 1109//870 2353//872 1382//2635
f 1394//2637 4180//3013 2350//3780
f 1391//253 4349//3758 2351//2646
f 2341//3781 2355//3759 1368//2638
f 2354//1028 1165//3773 2364//1029
f 2366//3777 4035//2667 2357//3776
f 1375//259 2363//3767 3062//3778
f 2368//3782 4037//2673 4187//3783
f 4040//2379 2590//3784 2369//3785
f 2385//2675 1187//2688 4357//3786
f 497//1091 2393//2669 1416//2685
f 1644//1327 1123//2457 4189//3787
f 4463//3788 2391//3789 602//3790
f 2390//2680 4082//3149 1735//3791
f 2151//2520 4191//3597 4185//2521
f 2377//3792 4039//302 2372//2682
f 4188//3793 4038//2692 1406//333
f 1412//2331 2385//2675 3705//3794
f 2380//1124 510//1123 579//3795
f 2369//3785 2391//3789 4463//3788
f 4356//3115 1403//2512 1269//2511
f 1168//2378 605//3509 4040//2379
f 1168//2378 4186//2285 605//3509
f 1187//2688 567//3796 4357//3786
f 1401//2671 1599//1198 3114//3797
f 2382//2693 4184//3798 1410//2683
f 397//3799 2392//2687 1409//326
f 2386//2686 3353//3800 2374//2341
f 4356//3115 1117//2690 1411//2689
f 4356//3115 1411//2689 1403//2512
f 2379//1329 579//3795 3142//2458
f 2888//3801 567//3796 1187//2688
f 2387//3802 164//311 2377//3792
f 2388//1242 3139//3803 562//1240
f 3705//3794 1211//1189 1399//1190
f 2379//1329 2380//1124 579//3795
f 4187//3783 4037//2673 4463//3788
f 2371//2951 1599//1198 4038//2692
f 171//324 3139//3803 2388//1242
f 2375//3145 2167//3804 517//3146
f 1622//2987 3739//3805 1211//1189
f 2151//2520 4189//3787 3117//3596
f 1418//2336 3141//3806 4190//3807
f 4190//3807 4188//3793 1406//333
f 4190//3807 1406//333 1418//2336
f 4037//2673 2368//3782 2378//2674
f 1599//1198 1401//2671 1422//2696
f 2386//2686 2389//3046 3353//3800
f 1273//2519 3521//3808 2151//2520
f 1419//322 3141//3806 1418//2336
f 164//311 3116//1018 1419//322
f 164//311 2387//3802 3116//1018
f 2369//3785 1397//301 4040//2379
f 1408//2311 4024//3809 397//3799
f 1269//2511 1151//3114 4356//3115
f 1631//1125 3129//3810 510//1123
f 2393//2669 2394//3811 393//2670
f 3543//1947 637//1370 566//1968
f 948//1960 947//1959 3727//1349
f 2399//9 939//1944 4255//1935
f 940//1956 640//1359 934//1358
f 940//1956 4282//1374 640//1359
f 939//1944 936//1380 4255//1935
f 937//1962 4257//2293 642//1366
f 937//1962 642//1366 2397//1963
f 937//1962 2398//1966 4257//2293
f 566//1968 637//1370 943//1967
f 2398//1966 2396//1973 4257//2293
f 4294//1971 2//23 10//1381
f 4294//1971 631//19 2//23
f 2242//1939 952//1361 633//29
f 4256//1949 945//1948 2397//1963
f 941//1954 3755//2292 2396//1973
f 4294//1971 10//1381 3743//1375
f 941//1954 932//1953 3755//2292
f 1162//1185 3314//3812 2404//360
f 1280//905 183//365 1640//387
f 2229//1235 2407//403 2400//415
f 3659//2051 3656//349 1878//423
f 2231//350 2206//1979 2426//3813
f 2413//3814 486//380 964//1996
f 4043//1108 2414//1110 2868//427
f 4362//2013 2417//3815 2546//2547
f 4362//2013 2546//2547 2428//3816
f 2419//398 2431//359 954//904
f 2232//422 4360//429 978//3817
f 955//1987 3661//1986 212//383
f 2415//2528 3326//3609 4259//373
f 3904//1221 2422//3818 990//3819
f 3904//1221 990//3819 2406//3820
f 3663//2015 185//416 2405//419
f 4041//396 4361//3821 1162//1185
f 4041//396 4359//3822 4361//3821
f 2414//1110 2405//419 194//386
f 4360//429 2420//3823 3669//2036
f 988//2048 2416//410 198//409
f 2408//3824 4044//3825 2410//3826
f 2410//3826 4044//3825 2403//3827
f 2410//3826 2403//3827 3667//2038
f 3326//3609 4042//374 4259//373
f 2407//403 967//892 1878//423
f 2422//3818 2408//3824 1646//3828
f 1119//1109 4042//374 3326//3609
f 2423//393 972//1983 2421//2047
f 2403//3827 960//2010 3667//2038
f 3663//2015 3669//2036 185//416
f 2413//3814 995//2056 2424//390
f 2425//434 3915//3829 3311//3054
f 2414//1110 194//386 2868//427
f 1171//1993 2401//966 2404//360
f 2228//351 548//2004 3671//2058
f 2421//2047 2533//2381 2148//3582
f 2405//419 185//416 190//384
f 2533//2381 2421//2047 959//2059
f 1878//423 967//892 3659//2051
f 3660//1999 2430//355 2401//966
f 2417//3815 2412//3644 2546//2547
f 2428//3816 2546//2547 2406//3820
f 2425//434 211//433 3915//3829
f 2415//2528 1719//2033 3326//3609
f 3671//2058 486//380 1616//435
f 988//2048 198//409 3672//2053
f 2421//2047 2148//3582 2423//393
f 2232//422 996//2060 2187//3250
f 198//409 3664//989 3672//2053
f 4041//396 2419//398 4359//3822
f 2413//3814 964//1996 995//2056
f 2434//3830 2442//3539 4123//3529
f 2434//3830 2641//3831 2442//3539
f 2456//3832 2459//3530 2075//1885
f 2435//3833 2454//3538 4192//2938
f 2437//3522 3533//3834 2441//3835
f 4196//3836 2451//3541 2743//3590
f 2439//3535 2458//3664 4195//3837
f 2745//3838 2453//2701 2079//2729
f 2440//3542 4197//2937 3533//3834
f 2439//3535 4195//3837 2744//3839
f 2448//3840 2454//3538 2078//3537
f 2745//3838 2079//2729 2567//3547
f 2445//935 2447//971 2619//1213
f 2446//3533 2444//3517 4272//3841
f 2449//1102 2448//3840 2078//3537
f 3720//3543 2455//3544 2457//3842
f 2434//3830 2450//3528 4193//3843
f 2434//3830 4123//3529 2450//3528
f 2435//3833 4197//2937 2440//3542
f 2450//3528 2461//3536 4193//3843
f 2451//3541 2085//3540 2743//3590
f 2439//3535 2744//3839 3160//3844
f 2433//3521 2432//3532 2572//3668
f 2453//2701 2745//3838 2438//3845
f 2454//3538 2448//3840 4192//2938
f 4194//3846 2088//3095 353//797
f 4196//3836 1724//3094 2938//3096
f 2455//3544 2441//3835 2457//3842
f 2458//3664 2072//3546 2436//3847
f 2452//3070 436//1258 1602//3848
f 2088//3095 1724//3094 353//797
f 1602//3848 436//1258 4194//3846
f 2460//3531 2459//3530 2443//3849
f 2462//1541 3319//3850 448//1544
f 1009//2076 1011//2088 1228//1547
f 1006//2079 2463//1224 720//1559
f 3319//3850 2462//1541 2466//1549
f 1677//841 1007//840 2467//2087
f 1011//2088 2470//1548 1228//1547
f 3527//2077 1228//1547 2464//1546
f 1023//2091 721//1561 1016//2089
f 2468//1540 1018//2094 726//1545
f 1023//2091 4260//1562 721//1561
f 1020//2093 2468//1540 1004//1539
f 2294//1601 4305//2095 11//22
f 1008//2073 3518//1565 1017//2098
f 1008//2073 4020//3670 3518//1565
f 1004//1539 2469//1543 2306//1619
f 2469//1543 1010//1542 1019//2081
f 4249//2096 728//1569 727//2070
f 1016//2089 721//1561 2644//1557
f 1023//2091 2465//1553 4260//1562
f 4305//2095 727//2070 11//22
f 1014//2084 1201//2083 2465//1553
f 2471//569 3734//548 469//549
f 2477//2477 1611//602 2476//3851
f 2496//612 1271//2515 1666//590
f 469//549 4377//941 2471//569
f 4454//533 372//2118 1064//2117
f 4050//3852 3905//910 1036//2140
f 2475//3623 1035//2127 1689//3853
f 247//530 3682//2177 3689//2115
f 245//552 2498//3107 4477//553
f 2479//583 1740//3611 4048//520
f 2479//583 2862//2166 1740//3611
f 2481//3854 2175//596 1110//942
f 1042//1341 274//535 266//591
f 1043//2185 268//524 2487//3855
f 1740//3611 2493//563 4048//520
f 3686//2157 2499//911 1733//2436
f 2169//909 1036//2140 3905//910
f 2497//3856 1039//2143 3694//2145
f 2484//575 3681//2101 2476//3851
f 1202//2401 4366//3857 2489//3858
f 2486//606 601//614 1072//2448
f 4052//582 4367//3859 1052//2163
f 2487//3855 260//523 2485//3068
f 2488//3860 3688//2138 4054//862
f 2489//3858 249//555 1202//2401
f 1087//3861 1092//2447 3693//2109
f 3689//2115 2491//617 247//530
f 2492//593 251//3334 2844//1340
f 2495//861 1051//2158 2488//3860
f 274//535 1042//1341 372//2118
f 3686//2157 4225//2435 1689//3853
f 3686//2157 1733//2436 4225//2435
f 2495//861 2488//3860 4054//862
f 1052//2163 2474//543 267//542
f 266//591 2492//593 1042//1341
f 4050//3852 1051//2158 2495//861
f 257//556 2489//3858 1025//2105
f 1666//590 1271//2515 4051//3862
f 1691//539 4049//3053 2485//3068
f 3683//2104 239//579 2481//3854
f 2487//3855 268//524 260//523
f 1043//2185 2490//598 268//524
f 269//581 2209//2184 1068//3863
f 269//581 1068//3863 4367//3859
f 4454//533 274//535 372//2118
f 2475//3623 3688//2138 1062//2128
f 1064//2117 469//549 4454//533
f 2137//3864 2473//2135 280//610
f 2137//3864 1030//2133 2473//2135
f 2484//575 2491//617 3689//2115
f 1032//2136 3528//565 3683//2104
f 1025//2105 2494//3865 257//556
f 2479//583 2474//543 577//2125
f 2479//583 577//2125 2862//2166
f 2497//3856 4051//3862 1039//2143
f 4367//3859 4052//582 269//581
f 601//614 3692//2493 1072//2448
f 251//3334 2473//2135 1031//2134
f 2483//1137 1680//537 1245//2476
f 4053//2327 2496//612 4453//517
f 1052//2163 267//542 4052//582
f 3685//2162 256//3321 3694//2145
f 2480//3866 2478//2276 275//559
f 2480//3866 275//559 1923//3323
f 251//3334 1031//2134 2844//1340
f 2480//3866 1923//3323 1087//3861
f 3683//2104 3528//565 239//579
f 2500//3867 2517//3573 4126//3565
f 2121//3551 2510//3868 2526//2418
f 2502//3568 2514//3869 2762//2398
f 2503//3554 4198//3029 2512//3870
f 2503//3554 2511//3028 4198//3029
f 2504//3871 410//914 1200//2417
f 2504//3871 2513//3872 410//914
f 2506//3557 2515//3558 2765//3873
f 2521//3560 2754//3874 569//3875
f 2507//3876 2566//3877 4124//3555
f 2518//3574 4127//3571 2761//3878
f 2510//3868 4128//3550 1200//2417
f 2510//3868 2121//3551 4128//3550
f 2506//3557 2765//3873 2754//3874
f 2516//1076 1469//2750 1180//3129
f 2512//3870 4129//3561 2503//3554
f 2513//3872 2504//3871 2522//3879
f 2508//3549 2757//3880 2760//3881
f 2514//3869 1212//3882 4199//3883
f 2118//3563 2524//3562 2758//2965
f 2118//3563 2758//2965 2124//2964
f 2516//1076 3356//3581 4379//3564
f 2754//3874 2521//3560 2506//3557
f 2753//3884 2102//3556 4124//3555
f 2753//3884 4124//3555 2566//3877
f 2753//3884 1212//3882 2102//3556
f 2520//3577 2119//2752 2509//3578
f 2520//3577 4003//3885 2522//3879
f 2520//3577 2509//3578 4003//3885
f 2521//3560 569//3875 2501//3886
f 2521//3560 2501//3886 2117//3559
f 2523//3887 4125//3580 3751//3066
f 2505//3572 2105//2754 2760//3881
f 2514//3869 4199//3883 2762//2398
f 2500//3867 4126//3565 2519//3566
f 2512//3870 2509//3578 4129//3561
f 509//3888 4010//3130 1180//3129
f 2760//3881 2105//2754 2508//3549
f 3147//1093 2383//1092 3344//1184
f 1193//1169 1752//1172 1734//924
f 829//1288 2235//2372 3908//2414
f 2053//3511 2021//3462 110//180
f 1870//3100 213//352 1246//2555
f 2530//3889 3427//3890 3437//3891
f 1525//2789 4466//1007 3745//874
f 1940//3375 4118//3354 518//2347
f 1333//121 1322//2590 64//1100
f 2308//949 4106//2238 761//1604
f 829//1288 578//1760 2856//2232
f 829//1288 2856//2232 2235//2372
f 1048//2174 4143//2176 1024//2153
f 1185//1054 475//1053 2330//2385
f 2293//1576 1181//2402 1170//1594
f 3560//3892 2932//2181 1037//2183
f 2021//3462 85//135 110//180
f 2148//3582 2122//913 1195//912
f 1750//2486 1692//1067 478//1066
f 107//141 3765//172 3771//142
f 2354//1028 2348//3763 4183//3772
f 3919//1452 1251//3179 3910//1450
f 3919//1452 3557//3600 1251//3179
f 525//3062 933//1936 3317//3684
f 3278//826 492//1188 2208//827
f 1166//3893 463//2330 4163//3894
f 3856//3008 2182//3079 1167//3006
f 504//955 543//954 2300//2267
f 2031//883 399//882 2052//3512
f 4251//1566 719//3520 4167//2071
f 3751//3066 1596//3067 2523//3887
f 3718//2942 4022//3895 3364//3026
f 1075//736 1490//2766 1704//2202
f 3907//776 4241//1214 4261//774
f 2783//3896 970//3897 982//3898
f 293//679 4009//686 2569//3605
f 293//679 2569//3605 300//675
f 2564//3899 1729//2769 1717//792
f 2564//3899 1717//792 4394//3900
f 2099//3552 1224//2748 1242//3901
f 2099//3552 1242//3901 4055//2763
f 3629//1180 395//1783 455//1181
f 2537//2980 2177//2982 1240//3708
f 2567//3547 2452//3070 1695//3069
f 4242//3621 2213//2475 1244//2472
f 1847//361 3014//3035 645//1410
f 1847//361 2404//360 3014//3035
f 263//566 1914//3333 1918//604
f 1286//599 4053//2327 4453//517
f 2570//2455 2928//3902 2984//3645
f 783//1653 3614//1662 4005//3903
f 2572//3668 2200//1103 2449//1102
f 1875//385 3034//3265 194//386
f 4291//1970 2254//3681 4424//2977
f 2917//2409 1347//151 1364//190
f 3562//780 4237//782 3757//2499
f 3508//3140 4047//3904 1430//2708
f 3562//780 745//1583 387//1612
f 2581//3905 585//3906 4343//3907
f 2581//3905 4343//3907 4157//3908
f 2944//1681 2176//3619 1262//3740
f 2944//1681 4155//3909 2176//3619
f 2582//3910 585//3906 2581//3905
f 2237//1659 4403//3911 2882//2296
f 3904//1221 527//1220 2422//3818
f 2942//3912 2647//3913 3515//3914
f 3552//3588 2874//784 2066//3587
f 2531//2566 1144//2565 2285//3716
f 2586//3438 39//42 1996//2482
f 1252//3231 1140//1632 780//1661
f 3965//2979 541//3386 1642//1333
f 3965//2979 1642//1333 3349//122
f 392//2445 834//1759 3322//2446
f 1185//1054 3535//2619 2335//1055
f 4221//2001 4133//2020 2769//3915
f 834//1759 1892//1758 1182//3284
f 2591//2441 4461//3916 3416//690
f 508//3917 3748//2431 2867//2433
f 2594//2546 2991//983 2627//3918
f 474//1326 3997//3116 2555//3753
f 1208//1328 2541//3606 4018//1163
f 150//288 155//290 2686//3919
f 836//3920 4457//1762 827//1763
f 4033//2653 2359//3141 2852//3132
f 2748//3518 3888//3921 3150//3922
f 2602//3177 2983//2976 2960//3923
f 3640//3924 3647//1838 3119//3144
f 2603//1019 1674//845 4072//3925
f 1585//2432 3151//798 3432//3926
f 2326//928 1089//927 3500//3050
f 2607//2014 1512//2798 2797//2009
f 2607//2014 2791//3927 1512//2798
f 2334//3745 370//3660 2924//3928
f 2560//3929 1663//2509 3090//3930
f 4408//2092 2311//1597 428//1273
f 2000//3406 70//70 3470//69
f 2612//3931 363//810 1673//2421
f 591//1295 626//3932 1111//1296
f 4418//3933 3282//2999 234//487
f 3273//2505 4461//3916 3420//670
f 383//685 1264//2504 3273//2505
f 3416//690 4461//3916 3273//2505
f 3984//1160 2362//871 2156//2423
f 2020//3456 3230//2843 3232//3934
f 2622//3055 4017//2019 976//2000
f 2906//507 237//506 1629//2396
f 1162//1185 4161//1026 3314//3812
f 1162//1185 4361//3821 4161//1026
f 4261//774 4077//2993 2905//775
f 2624//3935 4337//3936 3572//1472
f 1401//2671 3114//3797 2372//2682
f 4083//2966 2889//3678 3545//3937
f 2824//1079 1271//2515 482//1077
f 2629//962 3825//3324 2238//960
f 2631//2272 1126//2271 505//2924
f 2633//3938 422//2943 3451//940
f 3751//3066 3294//3939 3707//3940
f 3355//1218 3888//3921 2181//3941
f 1591//1899 2061//619 294//651
f 3545//3937 3280//1095 4156//1126
f 2507//3876 4124//3555 451//2730
f 4162//2216 1672//2994 2928//3902
f 2139//970 530//2221 2093//2220
f 4111//3220 159//343 178//286
f 676//1431 3912//879 672//1429
f 2638//3942 3990//2800 3221//3643
f 932//1953 2065//1942 3755//2292
f 1639//3943 853//3513 542//3514
f 2645//1164 1219//3944 3747//1165
f 2646//2956 2201//789 2852//3132
f 2822//2958 390//3945 2563//2959
f 1229//800 1230//802 323//714
f 1850//3241 1860//421 473//2478
f 1850//3241 204//428 1860//421
f 1082//2205 409//752 1074//2196
f 1082//2205 328//741 409//752
f 298//695 285//672 4406//692
f 2550//3637 4075//3946 4200//3947
f 2550//3637 4200//3947 1290//3638
f 2152//2518 4248//2517 4076//2525
f 2648//3948 1651//3949 2654//830
f 2800//3150 3852//3078 3546//2246
f 2800//3150 3546//2246 3882//2245
f 2650//1215 3309//3950 2886//3601
f 3170//997 2755//3951 2519//3566
f 2132//2824 4206//2837 3220//3952
f 2131//1208 475//1053 1177//1152
f 1752//1172 3741//1171 2922//3453
f 3844//683 1711//3087 301//680
f 3844//683 283//1892 1711//3087
f 2570//2455 4232//2454 2928//3902
f 1120//3632 1202//2401 2483//1137
f 1120//3632 4366//3857 1202//2401
f 2655//1203 2653//3410 3307//2354
f 294//651 4022//3895 3718//2942
f 4112//3217 1810//3216 2700//2317
f 4285//1955 4288//3953 938//1940
f 1783//3171 127//224 3359//2368
f 1783//3171 2677//1302 127//224
f 2656//3954 3370//247 1792//2309
f 2657//267 4096//3181 1770//3170
f 2657//267 1770//3170 3710//2464
f 2659//265 3723//1301 1769//1476
f 1736//805 2673//2310 1801//3162
f 1601//3613 4063//2425 3559//2424
f 1601//3613 1798//3167 4063//2425
f 4097//3169 2664//3955 460//3956
f 3359//2368 127//224 1086//237
f 3286//3957 3361//3109 3296//2973
f 2665//3958 1798//3167 1601//3613
f 2233//3959 3710//2464 1086//237
f 1777//1518 3379//276 3381//251
f 3559//2424 1788//2426 1300//1039
f 4222//3960 2667//2308 427//3671
f 427//3671 3548//3183 4222//3960
f 2668//3180 4252//3173 3374//246
f 2671//3961 2681//3962 3373//243
f 2658//3963 2664//3955 4097//3169
f 2670//3964 712//1457 2680//3965
f 2670//3964 1772//1455 712//1457
f 3370//247 4252//3173 1792//2309
f 2657//267 3710//2464 2233//3959
f 3286//3957 1737//2950 3361//3109
f 2669//3966 1787//3967 3380//252
f 1769//1476 2678//3163 2659//265
f 1636//3968 2656//3954 1792//2309
f 1736//805 1772//1455 2670//3964
f 4099//3159 3733//3187 2658//3963
f 2671//3961 2672//3969 1799//3188
f 3922//1528 1777//1518 3381//251
f 460//3956 4222//3960 4097//3169
f 460//3956 1636//3968 4222//3960
f 1780//3175 1785//3174 2661//3970
f 2675//275 717//1529 2674//3160
f 2675//275 1795//1530 717//1529
f 4096//3181 2657//267 4253//264
f 2678//3163 3384//261 2659//265
f 4254//3971 2705//325 4473//3198
f 2683//332 2689//3206 1809//1635
f 621//3222 2649//3662 2697//3235
f 2682//3972 1823//849 1593//3112
f 1832//2502 1744//3221 425//2452
f 1820//3227 155//290 2703//305
f 2687//3197 3391//341 2694//3213
f 2704//3973 3929//1717 1811//3233
f 172//296 2226//3663 1805//3215
f 2688//335 1804//2544 2691//2529
f 1744//3221 4163//3894 621//3222
f 3883//3204 3390//321 781//1698
f 2700//2317 1810//3216 2685//3974
f 3388//314 4254//3971 2553//3224
f 2686//3919 1829//1187 1827//3203
f 1818//3210 516//3975 1826//3214
f 1818//3210 2696//309 516//3975
f 3393//1283 1614//3076 2695//3976
f 169//3977 1821//3211 1840//3223
f 1840//3223 1808//1711 166//295
f 2690//303 2701//307 1816//1651
f 3390//321 2692//3978 781//1698
f 2683//332 4111//3220 178//286
f 2683//332 1809//1635 4111//3220
f 2940//3979 1758//3074 1614//3076
f 4254//3971 4473//3198 2553//3224
f 1832//2502 1166//3893 1744//3221
f 2699//3980 3391//341 2687//3197
f 2701//307 3394//313 1838//3230
f 512//851 3929//1717 2704//3973
f 2565//3225 2174//917 616//1282
f 2702//3981 1812//1671 1838//3230
f 2689//3206 2683//332 3392//344
f 2703//305 1807//3982 1820//3227
f 516//3975 1805//3215 1826//3214
f 1838//3230 3394//313 2702//3981
f 2565//3225 2685//3974 1839//3234
f 3729//2531 1291//2530 2697//3235
f 4473//3198 2705//325 2699//3980
f 2702//3981 3395//312 2684//3218
f 2702//3981 2684//3218 1812//1671
f 3598//1668 3389//298 2690//303
f 3598//1668 2682//3972 3389//298
f 2707//2501 1166//3893 1832//2502
f 2700//2317 2707//2501 4112//3217
f 2940//3979 1614//3076 3393//1283
f 169//3977 2706//319 1821//3211
f 1840//3223 166//295 169//3977
f 1811//3233 3929//1717 1836//1642
f 2697//3235 2649//3662 3729//2531
f 2196//3983 1885//3277 1279//3984
f 2708//3298 1898//3297 2196//3983
f 1902//2211 2722//452 1881//3295
f 3399//439 1882//1756 4113//3292
f 1896//1229 4087//2523 2720//3273
f 4474//3985 4242//3621 537//3986
f 1702//3987 2247//3275 4000//1354
f 2247//3275 1702//3987 1893//1724
f 2723//3288 369//3988 4170//3134
f 2711//509 2719//511 1891//1734
f 2714//3989 1889//1230 824//1742
f 3404//515 1905//1778 1891//1734
f 2722//452 4239//458 1897//1782
f 348//3285 2213//2475 4242//3621
f 2711//509 1904//3287 2717//498
f 2711//509 1891//1734 1904//3287
f 2196//3983 3405//472 2708//3298
f 4239//458 837//1730 1897//1782
f 581//3620 2202//3296 2709//3990
f 2716//3267 1702//3987 369//3988
f 4474//3985 348//3285 4242//3621
f 2620//461 837//1730 4239//458
f 2716//3267 1893//1724 1702//3987
f 1891//1734 2719//511 3404//515
f 3404//515 1902//2211 1905//1778
f 1279//3984 1705//902 2196//3983
f 520//3372 1950//1815 2731//3991
f 2726//3992 4268//3351 1943//1798
f 2727//3993 1956//3359 1152//2342
f 2728//1277 2735//1276 1957//3654
f 296//629 1959//1843 1942//1812
f 4116//3352 2729//3994 3277//1847
f 4461//3916 2591//2441 4122//3367
f 4461//3916 4122//3367 520//3372
f 2731//3991 1960//3380 3422//671
f 2731//3991 1950//1815 1960//3380
f 1937//3345 1948//1790 1607//653
f 1937//3345 1607//653 2734//649
f 3414//693 1607//653 1948//1790
f 518//2347 4006//3376 1940//3375
f 2734//649 2732//3995 1937//3345
f 1958//3373 2729//3994 4266//637
f 1703//3996 4116//3352 1969//3348
f 1954//1146 519//1145 1963//1793
f 1958//3373 4266//637 3524//3997
f 1958//3373 3524//3997 4270//3655
f 1960//3380 2736//3377 3422//671
f 4121//3370 296//629 1942//1812
f 2736//3377 3417//645 3422//671
f 1222//1147 4122//3367 2591//2441
f 2733//1133 2725//2343 3889//1134
f 3412//628 3414//693 1959//1843
f 1703//3996 1969//3348 1951//1832
f 2738//661 4269//633 4121//3370
f 1951//1832 3423//666 1703//3996
f 518//2347 4240//2344 1153//2345
f 2732//3995 4117//1155 1937//3345
f 1587//2280 4197//2937 4193//3843
f 2741//3998 2457//3842 2583//3999
f 477//2281 1587//2280 500//1101
f 3157//4000 4192//2938 1587//2280
f 3157//4000 2641//3831 4192//2938
f 3157//4000 3152//4001 2641//3831
f 2740//4002 4271//4003 1724//3094
f 2459//3530 4273//4004 3274//4005
f 2745//3838 2567//3547 1695//3069
f 2743//3590 2740//4002 4196//3836
f 2745//3838 3161//4006 2749//4007
f 2746//4008 4272//3841 3155//4009
f 4195//3837 2436//3847 2742//4010
f 3274//4005 2443//3849 2459//3530
f 3160//3844 3428//4011 2461//3536
f 1587//2280 2461//3536 3428//4011
f 2746//4008 3155//4009 2742//4010
f 1602//3848 1632//4012 1223//3071
f 2212//2282 2441//3835 3533//3834
f 1587//2280 4193//3843 2461//3536
f 1132//2279 2212//2282 3533//3834
f 2583//3999 2457//3842 2212//2282
f 1724//3094 4271//4003 353//797
f 2085//3540 2443//3849 2178//3625
f 2085//3540 2178//3625 2743//3590
f 4273//4004 2459//3530 2456//3832
f 2916//799 4194//3846 353//797
f 1695//3069 2912//4013 2745//3838
f 2747//2233 2744//3839 4195//3837
f 2747//2233 3162//2235 2744//3839
f 2159//3519 2748//3518 396//4014
f 1602//3848 2916//799 1632//4012
f 2212//2282 2457//3842 2441//3835
f 4199//3883 1212//3882 2764//4015
f 4199//3883 2764//4015 344//2370
f 2750//4016 2755//3951 3175//4017
f 3172//4018 2525//3060 1590//1128
f 1690//4019 2501//3886 2759//2990
f 1690//4019 2566//3877 2501//3886
f 1706//1141 352//916 4198//3029
f 3174//998 2761//3878 2505//3572
f 2754//3874 2765//3873 3167//4020
f 2754//3874 3167//4020 569//3875
f 2755//3951 2750//4016 2500//3867
f 2755//3951 2500//3867 2519//3566
f 2756//4021 2753//3884 2566//3877
f 2525//3060 1686//3059 1590//1128
f 2758//2965 4274//4022 4276//2962
f 2757//3880 3165//4023 2760//3881
f 352//916 2512//3870 4198//3029
f 2751//2400 2951//4024 2763//4025
f 2760//3881 3174//998 2505//3572
f 2761//3878 3174//998 3170//997
f 2760//3881 3165//4023 3174//998
f 1686//3059 2124//2964 2752//2963
f 3168//4026 2764//4015 1212//3882
f 2759//2990 2501//3886 569//3875
f 352//916 4003//3885 2512//3870
f 3170//997 2518//3574 2761//3878
f 2750//4016 4274//4022 2758//2965
f 2750//4016 2758//2965 2517//3573
f 1706//1141 4198//3029 2526//2418
f 2566//3877 1690//4019 2756//4021
f 2757//3880 3172//4018 3163//4027
f 2757//3880 3163//4027 3165//4023
f 1609//915 4003//3885 352//916
f 2766//2786 4392//2230 2770//1977
f 2766//2786 2770//1977 560//1316
f 2768//4028 1516//2808 4397//2810
f 2777//2244 4134//1995 4132//4029
f 2784//2006 3665//2005 1538//2044
f 2769//3915 4015//3007 2795//2040
f 1497//2771 2802//1997 1527//2773
f 2770//1977 4392//2230 1097//857
f 4393//4030 4131//1980 1504//4031
f 4393//4030 3898//1981 4131//1980
f 1499//2777 1504//4031 985//1985
f 1499//2777 985//1985 2801//2045
f 1268//2030 2800//3150 2798//890
f 3898//1981 4393//4030 2776//2782
f 1114//1315 2945//1193 1260//1192
f 1114//1315 600//1314 2945//1193
f 2774//2039 2797//2009 2790//4032
f 2781//2023 2778//4033 993//2022
f 2771//2996 4137//3628 1284//2534
f 1521//4034 3213//4035 997//4036
f 1521//4034 997//4036 2789//2034
f 1526//2814 980//2017 1535//2812
f 1494//2826 969//4037 2786//4038
f 1284//2534 349//791 1635//793
f 980//2017 2803//2016 1535//2812
f 1157//2334 4396//3110 3903//2333
f 2784//2006 4395//4039 989//2003
f 2785//4040 1510//2799 2248//2052
f 600//1314 4134//1995 2777//2244
f 3898//1981 2776//2782 963//2021
f 1536//2061 996//2060 3217//2801
f 1534//2795 979//2031 2780//2793
f 2778//4033 1114//1315 993//2022
f 2788//4041 3882//2245 2796//4042
f 2788//4041 2798//890 2800//3150
f 1538//2044 2773//2043 1524//4043
f 2769//3915 2799//3048 4015//3007
f 2616//856 4136//2027 958//1992
f 1526//2814 1517//2813 2794//2035
f 1526//2814 2794//2035 980//2017
f 2790//4032 2787//4044 2774//2039
f 4397//2810 2775//4045 961//4046
f 2779//2971 1157//2334 349//791
f 2793//1982 2782//1984 2241//4047
f 2767//4048 969//4037 1494//2826
f 1504//4031 4131//1980 985//1985
f 1097//857 2616//856 958//1992
f 1097//857 958//1992 2770//1977
f 1284//2534 2158//2997 2771//2996
f 2791//3927 973//2011 2552//2835
f 4138//2054 1757//1239 2785//4040
f 4138//2054 2544//3126 1757//1239
f 2796//4042 3882//2245 2777//2244
f 1523//2776 4136//2027 2616//856
f 979//2031 1534//2795 1522//4049
f 2797//2009 1512//2798 2790//4032
f 2783//3896 2787//4044 1533//2816
f 4130//2062 1536//2061 4335//2794
f 2786//4038 969//4037 975//4050
f 989//2003 4395//4039 1527//2773
f 1745//4051 2775//4045 2792//4052
f 2799//3048 4133//2020 2539//1990
f 2799//3048 2539//1990 3348//1194
f 600//1314 560//1316 4134//1995
f 2795//2040 4139//2007 2769//3915
f 2793//1982 2241//4047 2772//2970
f 1260//1192 2539//1990 1114//1315
f 979//2031 1522//4049 2789//2034
f 2794//2035 1517//2813 2786//4038
f 1527//2773 2802//1997 991//2055
f 1260//1192 3348//1194 2539//1990
f 2799//3048 2769//3915 4133//2020
f 996//2060 2767//4048 3217//2801
f 2788//4041 2800//3150 3882//2245
f 2796//4042 2777//2244 4132//4029
f 4397//2810 977//4053 2768//4028
f 1523//2776 2801//2045 4136//2027
f 2796//4042 4132//4029 953//1978
f 2805//4054 2809//4055 4278//4056
f 2805//4054 1290//3638 2809//4055
f 2805//4054 2810//4057 2198//3636
f 4279//4058 4200//3947 2806//4059
f 4279//4058 2811//4060 4200//3947
f 2807//4061 2198//3636 2810//4057
f 2808//4062 2550//3637 2807//4061
f 2805//4054 2198//3636 1290//3638
f 2804//4063 2808//4062 4235//4064
f 2806//4059 3184//4065 4279//4058
f 2809//4055 2811//4060 4279//4058
f 2806//4059 2804//4063 3184//4065
f 2808//4062 2804//4063 4075//3946
f 2838//4066 4073//2537 3981//964
f 1568//2903 1063//2142 2837//2141
f 1070//2194 3869//2915 2844//1340
f 1070//2194 4217//2916 3869//2915
f 1582//2926 1583//2147 1073//2146
f 1582//2926 1073//2146 2824//1079
f 2815//2137 3864//2867 2836//2129
f 2812//2132 3861//2393 1541//2845
f 2822//2958 4399//4067 2835//4068
f 2818//2131 367//2116 3862//2394
f 471//4069 4398//4070 1289//2540
f 471//4069 1289//2540 439//4071
f 1541//2845 3515//3914 2812//2132
f 1541//2845 2820//4072 3515//3914
f 2820//4072 3886//4073 2942//3912
f 4401//4074 471//4069 4141//4075
f 1547//2844 2819//4076 1031//2134
f 2816//4077 1548//4078 568//2103
f 3553//2906 3867//2170 1050//2156
f 2823//4079 1558//2887 4142//2150
f 2825//4080 4140//4081 2915//2335
f 2825//4080 4323//4082 4140//4081
f 2816//4077 568//2103 2814//2928
f 2825//4080 2599//2339 3892//2338
f 2826//4083 2838//4066 4146//4084
f 2826//4083 2871//899 2838//4066
f 2827//4085 1543//2848 1040//2164
f 2647//3913 2830//4086 3515//3914
f 2821//2864 3859//2870 1046//2494
f 4401//4074 4141//4075 2831//4087
f 2823//4079 4142//2150 1700//2130
f 2817//2889 1067//2110 1551//2869
f 1261//2106 3996//4088 2599//2339
f 2829//4089 4144//4090 2832//4091
f 2830//4086 2647//3913 3709//900
f 2831//4087 4141//4075 375//4092
f 3247//2165 1040//2164 1557//2850
f 1562//2872 3865//2851 1053//2172
f 1562//2872 1053//2172 3690//2169
f 1543//2848 1068//3863 4220//4093
f 1061//2179 2825//4080 4143//2176
f 1061//2179 2599//2339 2825//4080
f 4140//4081 4323//4082 3886//4073
f 2813//2186 4220//4093 2209//2184
f 2813//2186 1581//2853 4220//4093
f 1579//2901 3265//2168 1034//2167
f 1579//2901 1034//2167 4147//2124
f 3862//2394 367//2116 2844//1340
f 1261//2106 398//2187 3996//4088
f 3859//2870 1551//2869 1067//2110
f 1604//2957 4399//4067 2822//2958
f 3690//2169 3265//2168 3868//2873
f 2830//4086 3709//900 2826//4083
f 2835//4068 2831//4087 375//4092
f 1558//2887 3875//2921 2843//2151
f 1558//2887 2843//2151 4142//2150
f 2826//4083 4146//4084 3749//2182
f 2825//4080 2915//2335 4143//2176
f 2942//3912 3515//3914 2820//4072
f 1289//2540 2842//2542 439//4071
f 2839//4094 3870//1078 2884//2191
f 3875//2921 3553//2906 2843//2151
f 2599//2339 1061//2179 1261//2106
f 1541//2845 2814//2928 2820//4072
f 2830//4086 2826//4083 3749//2182
f 3289//778 2828//967 2135//2912
f 3529//3599 4400//4095 1604//2957
f 2844//1340 3869//2915 3862//2394
f 1040//2164 1543//2848 1557//2850
f 2814//2928 568//2103 4145//2123
f 2841//2161 1559//2892 1069//2492
f 3886//4073 2820//4072 4140//4081
f 398//2187 2865//2539 3996//4088
f 3247//2165 1055//2126 1059//2148
f 1562//2872 3690//2169 3868//2873
f 3870//1078 482//1077 2884//2191
f 1579//2901 4147//2124 1055//2126
f 2838//4066 1060//2114 4146//4084
f 2838//4066 2871//899 3731//2538
f 4220//4093 1068//3863 2209//2184
f 2829//4089 2815//2137 4144//4090
f 2815//2137 2829//4089 3864//2867
f 1568//2903 3866//2902 1063//2142
f 2832//4091 2834//2159 1570//4096
f 3866//2902 2834//2159 1063//2142
f 3553//2906 1050//2156 2843//2151
f 2846//4097 2128//3591 4164//4098
f 2846//4097 2849//4099 1272//2516
f 2847//4100 4201//4101 4280//4102
f 2847//4100 2845//4103 4201//4101
f 2128//3591 2848//4104 4164//4098
f 1276//2524 2850//2526 4062//4105
f 4062//4105 2848//4104 1276//2524
f 2846//4097 1272//2516 2128//3591
f 2845//4103 2850//2526 4076//2525
f 2845//4103 3878//4106 2850//2526
f 4201//4101 2849//4099 4280//4102
f 1324//2326 48//74 54//94
f 511//3675 1708//2427 4066//1178
f 237//506 2562//494 1629//2396
f 2854//1634 1718//4107 3006//4108
f 2854//1634 3006//4108 4410//1689
f 2094//2713 2072//3546 2439//3535
f 2858//4109 2895//4110 4333//4111
f 4463//3788 602//3790 4187//3783
f 2575//1322 1126//2271 3985//1248
f 2859//2032 2414//1110 1119//1109
f 217//448 3735//4112 227//449
f 3460//95 3456//73 1991//3426
f 2861//4113 1621//1586 763//1585
f 2115//4114 1450//1922 2102//3556
f 2115//4114 4058//2749 1450//1922
f 2610//1072 1683//2297 2881//1073
f 705//1507 3589//1148 700//1504
f 290//684 927//1904 288//674
f 3510//3083 3543//1947 566//1968
f 3510//3083 945//1948 3543//1947
f 3521//3808 2541//3606 2151//2520
f 2987//887 507//889 2990//4115
f 2865//2539 4479//4116 3267//2340
f 2865//2539 405//898 4479//4116
f 677//1447 1093//1413 430//4117
f 2866//3041 1673//2421 1205//812
f 2866//3041 1205//812 3452//4118
f 1230//802 1001//697 1720//699
f 4378//4119 3446//4120 3290//4121
f 1765//2767 4080//2765 373//2480
f 4324//4122 3561//1946 946//1945
f 4324//4122 946//1945 933//1936
f 1412//2331 1399//1190 470//1042
f 922//1911 3728//968 293//679
f 3296//2973 3333//2403 3286//3957
f 1198//476 408//901 4418//3933
f 1981//3392 3207//2783 3200//4123
f 2214//642 4160//663 920//1928
f 4162//2216 4232//2454 3587//3017
f 4162//2216 3587//3017 3320//2214
f 3631//3033 3626//1733 3061//4124
f 3631//3033 3061//4124 3071//4125
f 3144//2960 3131//4126 3653//1840
f 2870//4127 1842//388 3038//1308
f 2856//2232 578//1760 830//1780
f 2856//2232 830//1780 395//1783
f 1108//3080 3546//2246 3852//3078
f 1873//2212 1747//1142 1841//1233
f 838//1788 3936//3346 2571//1809
f 1278//546 1101//545 243//588
f 2139//970 522//969 530//2221
f 2872//2944 426//938 3451//940
f 3786//2554 3025//2382 1246//2555
f 3080//3317 1910//564 3111//2488
f 4243//1080 2632//818 3994//817
f 3421//659 287//643 3306//4128
f 2877//1249 1102//3635 4407//2881
f 1478//2306 1454//1890 3844//683
f 986//1994 3662//1104 3670//1046
f 2622//3055 966//2028 4017//2019
f 2879//4129 4328//4130 3449//4131
f 4418//3933 234//487 594//1854
f 2937//508 885//1870 418//1878
f 1180//3129 2095//2743 2628//1122
f 1696//2283 3274//4005 312//730
f 2882//2296 4403//3911 1100//2373
f 357//3089 4168//1150 4375//2420
f 3507//3485 1102//3635 1625//3458
f 1229//800 323//714 318//713
f 2125//2064 998//2063 3948//2968
f 508//3917 3355//1218 552//1217
f 508//3917 552//1217 3153//4132
f 4328//4130 3310//4133 2184//4134
f 2285//3716 366//2592 2279//2552
f 2825//4080 3892//2338 4323//4082
f 835//1776 2856//2232 826//1774
f 3491//853 2043//2453 441//976
f 1405//1241 485//340 157//283
f 1606//1318 2243//3712 4012//4135
f 1606//1318 613//1317 2243//3712
f 2604//3665 1550//2910 2918//2507
f 2982//3693 2874//784 345//783
f 2246//3764 2354//1028 2555//3753
f 2875//3034 1104//1158 3362//4136
f 4025//2286 3517//1183 3566//4137
f 445//987 192//375 197//2226
f 561//1236 2224//505 236//496
f 2889//3678 2886//3601 3545//3937
f 1889//1230 1896//1229 3932//1740
f 2868//427 194//386 207//425
f 591//1295 3737//1297 3965//2979
f 3905//910 2495//861 406//863
f 3905//910 4050//3852 2495//861
f 398//2187 1065//2189 435//963
f 398//2187 435//963 2540//965
f 1938//3374 3655//1848 4184//3798
f 3691//2180 2138//3106 2494//3865
f 3437//3891 396//4014 2634//1265
f 2895//4110 2858//4109 2846//4097
f 2895//4110 4164//4098 3884//4138
f 2895//4110 2846//4097 4164//4098
f 3893//2717 2193//2711 2534//3120
f 1685//729 318//713 312//730
f 3308//470 228//469 2145//4139
f 4371//3679 4231//4140 614//1961
f 4371//3679 614//1961 4287//4141
f 2897//1560 4167//2071 4149//1555
f 2899//2112 3881//2332 1754//3118
f 472//1005 506//2067 3949//1006
f 2533//2381 959//2059 1206//2210
f 3977//921 1734//924 1752//1172
f 2903//1270 1324//2326 3339//2581
f 2904//2369 1220//2439 1163//803
f 2692//3978 3390//321 170//2681
f 2692//3978 170//2681 3832//2678
f 2543//2740 2511//3028 2503//3554
f 316//724 1098//4142 306//725
f 1154//418 553//345 1206//2210
f 3536//1485 3587//3017 4232//2454
f 2907//4143 3193//4144 4333//4111
f 2907//4143 4333//4111 3189//4145
f 2908//3306 1115//534 3358//1129
f 1340//2596 1349//4146 2315//2312
f 2911//4147 3481//161 119//156
f 4231//4140 2215//1356 3895//1964
f 1746//4148 1735//3791 4082//3149
f 3933//1745 2621//1294 2875//3034
f 868//1825 2910//3058 2249//3005
f 2913//1320 2592//1179 389//2485
f 3278//826 615//1186 492//1188
f 2916//799 1602//3848 4194//3846
f 3448//4149 3702//759 4378//4119
f 2042//3492 4329//944 2022//946
f 1626//815 376//814 2263//3639
f 2613//3420 53//64 56//92
f 2918//2507 1267//2506 117//174
f 758//1617 757//1615 511//3675
f 2920//4150 4332//4151 3439//4152
f 1286//599 1928//516 264//2288
f 2921//2969 893//1861 1430//2708
f 2921//2969 528//1173 893//1861
f 1488//2974 4227//4153 1618//2201
f 2066//3587 2874//784 2570//2455
f 1213//2429 2636//3653 4376//4154
f 2924//3928 2338//3746 2334//3745
f 1812//1671 3606//1670 4340//1062
f 1028//2111 3749//2182 3881//2332
f 3853//2781 1284//2534 3855//2535
f 1325//4155 478//1066 1317//1068
f 1171//1993 2404//360 3314//3812
f 2930//4156 2635//1290 3329//4157
f 2930//4156 2173//1291 2635//1290
f 2155//4158 689//3172 2960//3923
f 315//705 3675//4159 3516//717
f 3164//2992 1738//2991 3448//4149
f 3498//574 263//566 3528//565
f 3498//574 3528//565 1137//3515
f 2935//2318 463//2330 1166//3893
f 1600//1307 1732//432 197//2226
f 2632//818 4374//3612 365//816
f 865//1785 3940//1787 1951//1832
f 2555//3753 4085//3770 2246//3764
f 4168//1150 2964//1256 4375//2420
f 2940//3979 3393//1283 1288//1285
f 3887//2255 511//3675 757//1615
f 3887//2255 1708//2427 511//3675
f 2060//3508 847//1811 2542//3610
f 2060//3508 846//1298 847//1811
f 2615//2931 1626//815 3909//4160
f 3984//1160 2548//1162 1381//2660
f 3984//1160 1381//2660 2362//871
f 3786//2554 3523//3631 2887//1412
f 2570//2455 2874//784 2973//2456
f 2936//2998 3354//2350 4159//4161
f 2936//2998 4159//4161 3287//4162
f 2218//1156 866//1088 839//1351
f 627//2415 2201//789 2646//2956
f 765//1683 1099//3075 3927//920
f 355//1135 446//594 277//585
f 355//1135 249//555 446//594
f 2946//1060 3993//2466 2170//865
f 1813//3193 4402//3200 1802//3190
f 546//1304 416//1303 2563//2959
f 2950//1454 3918//1456 686//1489
f 2952//4163 3184//4065 1651//3949
f 1106//3022 3982//2955 2360//3768
f 3561//1946 679//3688 2574//3687
f 1159//2586 4172//3697 2939//979
f 1159//2586 2939//979 2972//1118
f 2957//4164 2962//2248 3337//3706
f 2958//4165 2271//3695 2966//2975
f 2280//4166 2979//3699 4337//3936
f 2959//4167 2971//3073 4173//2584
f 2961//4168 4174//3717 3585//4169
f 4012//4135 2243//3712 716//1477
f 2939//979 4172//3697 2276//3696
f 2939//979 2276//3696 407//3506
f 2537//2980 3586//1262 3270//2981
f 2967//3718 2959//4167 4173//2584
f 2966//2975 4026//2567 2983//2976
f 2966//2975 2271//3695 4026//2567
f 2954//3647 2981//4170 3501//2319
f 2960//3923 2983//2976 2531//2566
f 4175//2322 3501//2319 3579//1480
f 494//3715 2969//4171 3581//1470
f 2172//4172 2961//4168 3350//1517
f 1159//2586 2972//1118 2967//3718
f 2953//3650 2982//3693 2573//1533
f 3501//2319 2981//4170 3579//1480
f 4337//3936 2624//3935 2288//4173
f 4337//3936 2288//4173 2280//4166
f 2977//4174 716//1477 2243//3712
f 2978//4175 1305//3649 2289//3719
f 2979//3699 2177//2982 2561//1473
f 2980//3507 407//3506 2284//2569
f 2980//3507 2284//2569 2286//3709
f 4175//2322 3571//1465 2968//3704
f 2982//3693 2955//3703 2573//1533
f 2172//4172 3350//1517 708//1516
f 2172//4172 708//1516 3596//4176
f 407//3506 2276//3696 2284//2569
f 2963//1263 3586//1262 2537//2980
f 2965//4177 2976//3710 2956//4178
f 2624//3935 4470//3691 2288//4173
f 2971//3073 2179//3626 1337//2580
f 2983//2976 4026//2567 2531//2566
f 2179//3626 2971//3073 2217//1004
f 4174//3717 2970//3701 3585//4169
f 2179//3626 2217//1004 1675//3624
f 4012//4135 716//1477 2155//4158
f 2964//1256 4168//1150 2286//3709
f 3538//2313 2315//2312 1256//3092
f 2929//4179 2319//2600 3006//4108
f 1256//3092 2333//3749 1715//3090
f 2989//1643 4158//3742 3001//3743
f 2321//3736 3601//3510 4341//4180
f 2321//3736 4342//2314 3601//3510
f 3271//3051 2931//1001 2990//4115
f 2992//4181 1648//3752 3611//1647
f 2994//4182 4177//1640 3291//3744
f 2986//4183 2324//2625 2929//4179
f 1258//4184 3616//1721 2327//2604
f 3005//3739 782//1679 1262//3740
f 400//2610 2985//2557 2998//1650
f 2995//4185 2999//3750 2332//2623
f 2995//4185 2332//2623 2991//983
f 2339//3741 2617//4186 3001//3743
f 2339//3741 2993//3737 2617//4186
f 2996//3667 2316//3738 3537//2469
f 2996//3667 2325//2613 2316//3738
f 2997//1195 380//2460 4471//1196
f 2998//1650 1648//3752 400//2610
f 3008//4187 2320//3615 3610//1682
f 2320//3615 2988//1639 3610//1682
f 2319//2600 2340//2620 3006//4108
f 2327//2604 3616//1721 2331//3748
f 3000//1699 2924//3928 3002//3659
f 2338//3746 2924//3928 788//1637
f 4342//2314 2321//3736 4178//3747
f 2994//4182 3291//3744 2176//3619
f 2999//3750 2995//4185 4410//1689
f 2990//4115 507//889 3271//3051
f 2176//3619 4155//3909 2994//4182
f 2338//3746 3926//1636 1258//4184
f 2993//3737 2339//3741 1366//2598
f 4341//4180 2314//1197 2321//3736
f 3006//4108 2340//2620 2999//3750
f 3004//2556 2989//1643 4345//1718
f 380//2460 2997//1195 4344//1706
f 3007//1061 379//864 2992//4181
f 2997//1195 2314//1197 4341//4180
f 2327//2604 2322//2603 1258//4184
f 3010//2406 1844//369 3015//3010
f 3011//2935 3019//2934 4088//1389
f 3030//4188 523//4189 1865//2213
f 3034//3265 563//2259 1877//4190
f 3034//3265 3790//4191 563//2259
f 2597//3260 3042//4192 1863//3254
f 2597//3260 3796//4193 3042//4192
f 3012//3043 1842//388 2870//4127
f 3013//3259 3295//937 1584//3251
f 3013//3259 4154//3258 3295//937
f 3023//1015 2948//1232 2580//4194
f 3011//2935 4088//1389 3779//4195
f 2576//3262 2136//4196 3015//3010
f 3018//348 3024//3244 2157//1400
f 1849//3263 2876//3138 3791//4197
f 1743//3057 1850//3241 473//2478
f 1743//3057 1855//417 1850//3241
f 3037//3242 3011//2935 3779//4195
f 3024//3244 3020//3240 3776//1446
f 3017//3237 3795//4198 4411//3239
f 3027//3245 3781//4199 1857//424
f 3027//3245 3039//3595 3781//4199
f 3028//3102 1869//412 1870//3100
f 3026//4200 3792//4201 191//438
f 1861//3253 3794//4202 3016//2397
f 3029//4203 3038//1308 596//1306
f 3795//4198 3036//4204 4411//3239
f 3031//3261 3796//4193 2597//3260
f 3030//4188 531//1175 3785//4205
f 1870//3100 459//2384 3789//3101
f 596//1306 1600//1307 3992//3099
f 596//1306 3992//3099 3782//2260
f 3033//2947 2898//4206 3793//4207
f 1855//417 1743//3057 1684//3056
f 1665//1047 3026//4200 1871//3246
f 3034//3265 3797//4208 3775//4209
f 3792//4201 3031//3261 191//438
f 523//4189 3030//4188 1105//4210
f 1665//1047 1871//3246 3021//2407
f 3035//3252 3037//3242 3774//4211
f 2898//4206 3033//2947 4404//2946
f 2601//2258 3782//2260 3992//3099
f 1870//3100 1246//2555 459//2384
f 2601//2258 3740//4212 563//2259
f 3033//2947 3793//4207 2876//3138
f 3036//4204 3041//4213 1867//3002
f 3794//4202 1624//3247 1139//4214
f 3794//4202 1861//3253 1624//3247
f 563//2259 3740//4212 1877//4190
f 3272//1408 1866//397 1852//395
f 1847//361 3272//1408 1852//395
f 3789//3101 3347//1099 1876//1098
f 3789//3101 1876//1098 3028//3102
f 3022//3243 3032//3255 440//413
f 3022//3243 1716//4215 3032//3255
f 2898//4206 4404//2946 3347//1099
f 3039//3595 4413//3248 3042//4192
f 3040//2513 3797//4208 3034//3265
f 1857//424 3781//4199 3020//3240
f 3041//4213 656//1411 3019//2934
f 3040//2513 1855//417 1684//3056
f 3347//1099 3789//3101 2898//4206
f 3015//3010 2136//4196 3773//3009
f 2876//3138 3793//4207 3791//4197
f 3035//3252 3774//4211 1845//3238
f 2576//3262 1868//3256 3032//3255
f 3502//1016 1731//4216 1139//4214
f 1866//397 3272//1408 662//1176
f 1584//3251 3295//937 209//420
f 3039//3595 3027//3245 4413//3248
f 3009//1385 3017//3237 1845//3238
f 3791//4197 1864//3257 1849//3263
f 3791//4197 4154//3258 1864//3257
f 3014//3035 179//354 2219//3657
f 3015//3010 1843//346 2576//3262
f 3042//4192 4413//3248 4334//3249
f 3026//4200 191//438 1871//3246
f 3034//3265 3775//4209 3790//4191
f 3042//4192 4334//3249 1863//3254
f 3038//1308 3029//4203 2870//4127
f 3010//2406 3021//2407 1844//369
f 2366//3777 3058//4217 587//1286
f 2366//3777 2357//3776 3058//4217
f 1654//3020 3056//3021 4350//4218
f 3047//2940 1184//4219 2343//2666
f 3048//4220 2358//2668 3069//4221
f 3049//1343 833//1342 3063//4222
f 3050//3774 4351//3766 3627//1723
f 3066//4223 2348//3763 3070//950
f 481//1228 3618//4224 557//1226
f 3053//3103 2345//3755 2548//1162
f 3064//4225 2364//1029 3045//4226
f 3051//1292 533//2953 3045//4226
f 3051//1292 3045//4226 4183//3772
f 3054//4227 2366//3777 587//1286
f 4353//821 2352//3757 3055//4228
f 3068//3012 2350//3780 4180//3013
f 619//4229 3047//2940 2351//2646
f 3055//4228 2341//3781 3623//1741
f 3049//1343 3060//4230 3636//1344
f 1173//4231 2352//3757 4353//821
f 3056//3021 2063//4232 4346//4233
f 1285//4234 1277//2527 2364//1029
f 3052//4235 4182//3093 4179//3754
f 4069//3030 4181//3633 3054//4227
f 557//1226 3618//4224 3043//4236
f 2365//3771 4352//4237 1377//1227
f 3061//4124 3512//3775 3071//4125
f 4179//3754 3072//3031 3052//4235
f 3063//4222 4004//3769 3049//1343
f 2364//1029 3064//4225 1285//4234
f 3058//4217 347//788 4348//4238
f 3058//4217 2357//3776 347//788
f 3060//4230 3061//4124 609//4239
f 3060//4230 3512//3775 3061//4124
f 3060//4230 1658//3603 3512//3775
f 4159//4161 3995//3761 3067//3760
f 3046//3765 1184//4219 4086//3014
f 3057//4240 3070//950 3074//4241
f 1277//2527 1112//4242 4351//3766
f 3067//3760 3044//4243 4159//4161
f 3071//4125 3512//3775 1597//4244
f 4180//3013 3046//3765 4086//3014
f 3069//4221 2358//2668 3073//4245
f 3063//4222 3074//4241 4004//3769
f 3071//4125 1597//4244 1903//1722
f 3062//3778 1654//3020 4350//4218
f 3062//3778 2363//3767 1654//3020
f 3059//790 1682//2349 347//788
f 2341//3781 3043//4236 3623//1741
f 2349//3756 1173//4231 2556//4246
f 3354//2350 3995//3761 4159//4161
f 3354//2350 1682//2349 3995//3761
f 1277//2527 1285//4234 1112//4242
f 4182//3093 3052//4235 2063//4232
f 347//788 1682//2349 4348//4238
f 3047//2940 2343//2666 2351//2646
f 2063//4232 3056//3021 4182//3093
f 3062//3778 4321//2422 2651//4247
f 3062//3778 4350//4218 4321//2422
f 3053//3103 3044//4243 2345//3755
f 3073//4245 4347//4248 3069//4221
f 3073//4245 3065//3779 4347//4248
f 3056//3021 4346//4233 4350//4218
f 3051//1292 4183//3772 3066//4223
f 2236//3301 3083//3338 1909//3302
f 3081//3325 3104//3342 3820//4249
f 3080//3317 3111//2488 3826//4250
f 3077//3329 3081//3325 1188//3584
f 3825//3324 1915//3136 2923//3135
f 1621//1586 2861//4113 1920//2986
f 3815//4251 1925//611 3097//3335
f 3080//3317 3346//4252 3102//3322
f 3076//3300 3358//1129 1115//534
f 2154//3305 742//1595 3090//3930
f 248//570 1301//1130 3076//3300
f 1234//2225 3108//3143 1911//3314
f 3814//4253 3109//806 739//1577
f 2943//3332 1912//616 3092//544
f 1920//2986 4102//1575 2154//3305
f 3075//3308 4478//4254 3084//2933
f 3112//3315 3094//3316 3814//4253
f 2222//961 2545//2410 1216//3318
f 3096//3328 3099//3320 3824//2240
f 3096//3328 3824//2240 3819//2239
f 3110//4255 1237//4256 3816//4257
f 2923//3135 1158//3344 3079//4258
f 2923//3135 3079//4258 3806//4259
f 2923//3135 3806//4259 3825//3324
f 3815//4251 4077//2993 1925//611
f 3084//2933 3101//3303 1931//3313
f 3084//2933 3818//1084 3101//3303
f 3096//3328 3104//3342 1134//586
f 3107//3327 3822//869 1919//615
f 3095//2256 3088//3312 3823//4260
f 3103//3016 3823//4260 3079//4258
f 2560//3929 3078//3304 1663//2509
f 3105//4261 1913//577 3101//3303
f 3091//3337 3813//4262 3107//3327
f 3091//3337 3110//4255 3816//4257
f 3091//3337 3816//4257 3813//4262
f 3089//2361 404//4263 3098//3326
f 2623//3341 2943//3332 1142//2376
f 3100//2533 3106//3331 1302//3330
f 3087//3343 3098//3326 3807//4264
f 1920//2986 2861//4113 4102//1575
f 2629//962 1908//607 3825//3324
f 3825//3324 1908//607 1923//3323
f 1237//4256 3110//4255 358//1338
f 1257//2241 3087//3343 3807//4264
f 1257//2241 3807//4264 1237//4256
f 2905//775 3808//1592 1221//2498
f 3093//3339 3827//3585 3086//3309
f 3084//2933 1931//3313 3075//3308
f 3089//2361 1725//3311 3810//2362
f 1913//577 3105//4261 4105//1626
f 3088//3312 3095//2256 1921//2257
f 3095//2256 3823//4260 3103//3016
f 3080//3317 3826//4250 3346//4252
f 3099//3320 3112//3315 3824//2240
f 273//592 1935//3319 3097//3335
f 611//2489 3108//3143 755//1600
f 3814//4253 3094//3316 3109//806
f 3086//3309 3827//3585 4462//4265
f 3100//2533 1302//3330 1927//3340
f 3077//3329 1188//3584 3093//3339
f 1301//1130 248//570 3102//3322
f 3111//2488 1250//4266 3826//4250
f 3107//3327 262//519 3091//3337
f 2222//961 1216//3318 2629//962
f 562//1240 2888//3801 2376//1243
f 3140//4267 3900//4268 2391//3789
f 3134//4269 1735//3791 1270//2514
f 3134//4269 1270//2514 4354//3098
f 3137//3004 4191//3597 3117//3596
f 3114//3797 2652//846 2372//2682
f 3118//4270 1662//2284 2538//4271
f 3119//3144 3136//4272 3640//3924
f 3119//3144 517//3146 3136//4272
f 3125//4273 1123//2457 4358//1807
f 3134//4269 3127//4274 2373//4275
f 3134//4269 4354//3098 3127//4274
f 3121//1794 3142//2458 579//3795
f 2392//2687 397//3799 1639//3943
f 3120//809 4191//3597 3137//3004
f 3120//809 4185//2521 4191//3597
f 4024//3809 4355//4276 397//3799
f 3119//3144 3647//1838 3129//3810
f 1746//4148 4082//3149 4356//3115
f 3901//4277 1123//2457 3142//2458
f 1169//2988 3643//1819 3113//4278
f 1169//2988 2133//1813 3643//1819
f 3145//4279 1263//4280 3130//3147
f 3353//3800 3149//4281 3135//4282
f 3130//3147 1151//3114 2394//3811
f 3353//3800 3135//4282 3133//4283
f 2387//3802 1197//3045 3116//1018
f 3138//4284 3141//3806 3146//1017
f 2392//2687 3135//4282 3149//4281
f 2392//2687 3149//4281 4451//3047
f 2378//2674 2368//3782 3643//1819
f 610//4285 510//1123 3129//3810
f 1630//4286 4024//3809 2370//2694
f 1123//2457 3901//4277 4358//1807
f 3118//4270 3148//4287 4186//2285
f 2538//4271 1662//2284 4372//4288
f 1735//3791 1746//4148 1270//2514
f 2387//3802 2377//3792 2652//846
f 4190//3807 3141//3806 3138//4284
f 2652//846 2377//3792 2372//2682
f 3136//4272 517//3146 3124//4289
f 3142//2458 3121//1794 3901//4277
f 3126//4290 602//3790 2391//3789
f 3144//2960 2144//1792 579//3795
f 3120//809 3143//808 4185//2521
f 4190//3807 3138//4284 3123//848
f 2368//3782 3113//4278 3643//1819
f 3131//4126 3144//2960 510//1123
f 3143//808 3641//807 3638//4291
f 3145//4279 3147//1093 1263//4280
f 3147//1093 3133//4283 1263//4280
f 3140//4267 2369//3785 2590//3784
f 3705//3794 848//1786 2133//1813
f 610//4285 3131//4126 510//1123
f 4186//2285 3148//4287 2060//3508
f 2590//3784 499//3617 3140//4267
f 4372//4288 3127//4274 2538//4271
f 2743//3590 2178//3625 4363//3589
f 3426//4292 3434//4293 4271//4003
f 3157//4000 3428//4011 4365//4294
f 3156//4295 2749//4007 3429//4296
f 3428//4011 3160//3844 1084//4297
f 3157//4000 4365//4294 3152//4001
f 1585//2432 3748//2431 3151//798
f 3162//2235 1084//4297 3160//3844
f 3274//4005 4273//4004 3156//4295
f 508//3917 3153//4132 1223//3071
f 3156//4295 4273//4004 2749//4007
f 3154//4298 3430//4299 2912//4013
f 396//4014 3427//3890 3159//4300
f 396//4014 3437//3891 3427//3890
f 3429//4296 2749//4007 3161//4006
f 4364//2237 3158//4301 2743//3590
f 3274//4005 1696//2283 2178//3625
f 3155//4009 4272//3841 3159//4300
f 3151//798 3434//4293 3432//3926
f 3426//4292 4271//4003 3158//4301
f 3748//2431 508//3917 1632//4012
f 2951//4024 3998//2399 3166//4302
f 1739//996 3174//998 3441//4303
f 2752//2963 4275//2967 3279//4304
f 3165//4023 3163//4027 3441//4303
f 2759//2990 3167//4020 1738//2991
f 3167//4020 3169//3104 1738//2991
f 2764//4015 4368//1210 3725//1209
f 4275//2967 4276//2962 3173//4305
f 3164//2992 1690//4019 2759//2990
f 3170//997 2941//4306 3175//4017
f 3170//997 3175//4017 2755//3951
f 3290//4121 2756//4021 3164//2992
f 4369//1127 3172//4018 1590//1128
f 3168//4026 4368//1210 2764//4015
f 3171//1216 3725//1209 3706//1211
f 3165//4023 3441//4303 3174//998
f 4078//4307 2752//2963 3279//4304
f 4274//4022 3175//4017 3173//4305
f 3290//4121 3168//4026 2756//4021
f 3173//4305 4276//2962 4274//4022
f 3170//997 1739//996 2941//4306
f 3172//4018 3443//4308 3163//4027
f 3164//2992 2756//4021 1690//4019
f 2585//995 3166//4302 344//2370
f 2648//3948 2654//830 2805//4054
f 2648//3948 2805//4054 4278//4056
f 3179//4309 2633//3938 4084//2294
f 3180//4310 590//4311 3186//4312
f 3180//4310 3179//4309 590//4311
f 3181//4313 2952//4163 2648//3948
f 3182//2295 2633//3938 3541//939
f 3183//4314 3186//4312 4068//4315
f 378//828 2654//830 1651//3949
f 3183//4314 4068//4315 3176//4316
f 2952//4163 3181//4313 4279//4058
f 3176//4316 4068//4315 3185//2227
f 2952//4163 4279//4058 3184//4065
f 3541//939 3177//4317 4277//2229
f 3541//939 4277//2229 3182//2295
f 3186//4312 3332//3652 3180//4310
f 2633//3938 3182//2295 4084//2294
f 3185//2227 4277//2229 3177//4317
f 2648//3948 4278//4056 3181//4313
f 378//828 1651//3949 3178//4318
f 3186//4312 590//4311 4068//4315
f 3196//4319 3298//836 3188//4320
f 3187//4321 3197//4322 1141//4323
f 3189//4145 3194//4324 3878//4106
f 3191//4325 3195//4326 4281//2491
f 3192//837 3298//836 3196//4319
f 3192//837 3196//4319 4370//4327
f 3192//837 4370//4327 2547//811
f 3193//4144 2907//4143 4280//4102
f 3187//4321 1141//4323 3195//4326
f 3194//4324 4333//4111 2895//4110
f 2547//811 3190//4328 3192//837
f 3197//4322 3188//4320 1141//4323
f 3198//2490 3191//4325 4281//2491
f 3198//2490 2612//3931 3191//4325
f 3199//4329 3204//2788 1493//2231
f 3200//4123 1492//2785 4426//4330
f 3200//4123 3207//2783 1492//2785
f 3201//2792 4202//2839 2005//4331
f 3202//2804 3954//3389 1980//1050
f 4428//4332 3857//1237 2207//2772
f 3215//4333 4207//2389 4432//2269
f 3215//4333 4432//2269 1164//3419
f 4007//2770 3568//4334 4427//3382
f 4208//4335 3956//3398 3218//2787
f 487//4336 3220//3952 4206//2837
f 2211//3444 1503//4337 2006//3403
f 3206//4338 4205//1238 3963//3442
f 4426//4330 1492//2785 1504//4031
f 3955//3085 3216//855 3204//2788
f 4427//3382 3568//4334 3957//3396
f 1667//1051 3960//3040 3223//3676
f 3209//2838 2005//4331 4202//2839
f 2609//2463 1103//2462 1749//4339
f 3967//3405 3213//4035 1521//4034
f 3967//3405 1994//3413 3213//4035
f 3967//3405 1521//4034 4429//4340
f 1697//2290 4229//3407 3227//2291
f 3202//2804 1975//2807 3954//3389
f 3210//3422 4204//2304 3219//2301
f 3211//2802 3217//2801 1991//3426
f 3213//4035 1994//3413 1535//2812
f 2638//3942 4431//4341 2015//3409
f 2638//3942 2015//3409 2010//3385
f 4428//4332 3963//3442 4205//1238
f 4428//4332 4205//1238 3857//1237
f 3227//2291 2000//3406 1507//4342
f 3215//4333 4433//4343 2205//3642
f 2000//3406 3968//3445 1507//4342
f 1980//1050 1529//896 3202//2804
f 1524//4043 1995//3447 1538//2044
f 1524//4043 4436//4344 1995//3447
f 4429//4340 1534//2795 351//1334
f 1978//3421 1516//2808 1749//4339
f 1295//2945 4171//2305 2010//3385
f 4434//3439 2203//1008 4437//4345
f 3203//2811 2613//3420 1226//2809
f 3212//4346 1535//2812 1994//3413
f 4433//4343 3221//3643 2205//3642
f 626//3932 1518//2815 1111//1296
f 3525//3411 1505//2784 3207//2783
f 3525//3411 3207//2783 1172//3440
f 3525//3411 4208//4335 1505//2784
f 603//4347 4432//2269 4207//2389
f 4203//4348 1984//3431 1511//2834
f 3216//855 3955//3085 1710//3084
f 3217//2801 4425//2825 1991//3426
f 3218//2787 3956//3398 3959//3397
f 487//4336 1538//2044 3969//3436
f 487//4336 3969//3436 3220//3952
f 3219//2301 1295//2945 3210//3422
f 2211//3444 1518//2815 1503//4337
f 3962//3417 3222//4349 4435//3429
f 3962//3417 3205//4350 3222//4349
f 4204//2304 4430//2270 4210//2390
f 4436//4344 1524//4043 1539//4351
f 2638//3942 2010//3385 4171//2305
f 3216//855 1710//3084 3226//2775
f 3957//3396 3568//4334 3205//4350
f 2927//4352 4428//4332 2207//2772
f 4437//4345 450//2818 2132//2824
f 3222//4349 3224//2840 4435//3429
f 4436//4344 1539//4351 3206//4338
f 3218//2787 3959//3397 3199//4329
f 3224//2840 3877//3446 4435//3429
f 3540//2836 1669//2797 1531//2796
f 4431//4341 2638//3942 3221//3643
f 2203//1008 4434//3439 3208//3594
f 4437//4345 2203//1008 450//2818
f 1984//3431 3540//2836 1511//2834
f 4208//4335 3551//3412 3956//3398
f 3960//3040 3225//2790 3223//3676
f 603//4347 4210//2390 4430//2270
f 3203//2811 1516//2808 1978//3421
f 3203//2811 1978//3421 2613//3420
f 3221//3643 4433//4343 4431//4341
f 3226//2775 1985//3416 3958//2778
f 3225//2790 3877//3446 3224//2840
f 1226//2809 2613//3420 2140//3433
f 1518//2815 2211//3444 1111//1296
f 3968//3445 1530//2829 1507//4342
f 3229//3455 2026//3460 3231//2846
f 3229//3455 3231//2846 4440//2392
f 2529//2883 3732//4353 2863//2852
f 3230//2843 3975//2917 1547//2844
f 3228//4354 4211//2857 1546//2856
f 3230//2843 1540//2842 3232//3934
f 3228//4354 2606//3504 4211//2857
f 1565//2927 2055//3461 2030//3469
f 3233//4355 2197//3634 1645//2273
f 1549//2862 4213//2551 4439//4356
f 1549//2862 4439//4356 3978//3490
f 4444//922 3256//2868 3264//2865
f 3235//2890 3257//2871 1649//4357
f 3231//2846 2055//3461 1553//2847
f 3236//2352 4061//3503 3239//2895
f 3237//2874 3265//2168 3979//4358
f 3253//4359 388//852 4218//4360
f 3241//4361 2034//3123 3255//1111
f 3241//4361 4468//1031 3244//1030
f 2017//2885 2033//4362 3247//2165
f 2529//2883 3249//2884 3522//4363
f 2040//3476 1619//2978 1578//2920
f 2040//3476 1578//2920 1580//2891
f 3256//2868 2024//3486 4216//2888
f 3252//2904 4443//4364 2153//4365
f 1565//2927 2030//3469 3232//3934
f 2604//3665 3252//2904 1568//2903
f 2040//3476 1580//2891 3235//2890
f 2040//3476 3235//2890 1649//4357
f 3228//4354 4219//2897 3507//3485
f 3228//4354 1546//2856 4219//2897
f 2043//2453 3556//1112 3255//1111
f 3252//2904 2604//3665 4443//4364
f 3247//2165 2029//4366 1055//2126
f 3248//4367 4445//3658 3240//1281
f 3233//4355 1645//2273 4215//2854
f 2554//4368 3250//2919 2589//3467
f 3246//2914 4217//2916 3260//2918
f 3246//2914 3260//2918 588//3501
f 3730//4369 3257//2871 3266//2863
f 3251//2922 3507//3485 4219//2897
f 2055//3461 1565//2927 1553//2847
f 3253//4359 3556//1112 2043//2453
f 2046//2925 3979//4358 3265//2168
f 3245//4370 4218//4360 3248//4367
f 2126//2909 3262//2859 3263//4371
f 2126//2909 3263//4371 2042//3492
f 4441//3475 3980//2849 1543//2848
f 4441//3475 1543//2848 1564//4372
f 3244//1030 3971//3122 3241//4361
f 3257//2871 3730//4369 1649//4357
f 1581//2853 2863//2852 3732//4353
f 4446//3496 1569//2907 4214//2913
f 3258//2550 4439//4356 4213//2551
f 3258//2550 3238//2908 4439//4356
f 3978//3490 3266//2863 1549//2862
f 4444//922 3264//2865 3254//923
f 3238//2908 1569//2907 2059//3464
f 2126//2909 2042//3492 3233//4355
f 4440//2392 3246//2914 2019//3454
f 3890//2861 2606//3504 3263//4371
f 4446//3496 4214//2913 2527//1324
f 3245//4370 3248//4367 4469//1280
f 2046//2925 1579//2901 3474//125
f 2153//4365 1193//1169 1755//1036
f 3247//2165 2033//4362 2029//4366
f 3240//1281 4469//1280 3248//4367
f 2527//1324 1175//3604 4446//3496
f 2153//4365 4443//4364 4442//3498
f 1569//2907 4446//3496 2059//3464
f 3233//4355 4215//2854 2126//2909
f 1055//2126 2029//4366 3474//125
f 2153//4365 4442//3498 1193//1169
f 3263//4371 3262//2859 3890//2861
f 1734//924 1755//1036 1193//1169
f 4220//4093 3243//3488 2036//3474
f 4220//4093 2036//3474 4441//3475
f 3824//2240 761//1604 4106//2238
f 3267//2340 3996//4088 2865//2539
f 2637//147 1352//2605 1344//148
f 2637//147 3770//201 1352//2605
f 1195//912 4413//3248 187//391
f 3268//4373 4332//4151 3335//4374
f 3268//4373 3435//4375 4332//4151
f 436//1258 2452//3070 2567//3547
f 1054//2160 4144//4090 2488//3860
f 1054//2160 2488//3860 1051//2158
f 3271//3051 2881//1073 2931//1001
f 439//4071 2842//2542 1641//777
f 1900//3293 1895//3283 1259//3294
f 2906//507 433//456 2937//508
f 4106//2238 2308//949 746//3000
f 413//1364 3742//1369 931//3661
f 1479//1254 924//658 916//638
f 2904//2369 128//219 3385//4376
f 2904//2369 3385//4376 1220//2439
f 2636//3653 4137//3628 2771//2996
f 3505//1313 2142//4377 479//1058
f 133//4378 4033//2653 1372//3133
f 1355//1207 559//2465 2131//1208
f 2523//3887 2096//3576 4125//3580
f 571//1250 536//957 547//1251
f 1189//2411 2910//3058 3653//1840
f 3328//1096 3280//1095 3545//3937
f 330//766 3448//4149 3697//767
f 330//766 3702//759 3448//4149
f 3908//2414 2235//2372 823//2371
f 463//2330 2935//2318 582//338
f 2858//4109 4333//4111 3193//4144
f 626//3932 591//1295 2609//2463
f 488//3036 525//3062 3317//3684
f 1489//2197 4080//2765 1488//2974
f 2215//1356 4231//4140 2164//1357
f 3290//4121 3164//2992 3448//4149
f 3279//4304 4275//2967 4083//2966
f 1206//2210 553//345 2411//2380
f 1628//878 672//1429 3912//879
f 1628//878 1093//1413 672//1429
f 3292//4379 4230//4380 3341//4381
f 2467//2087 1759//2086 1677//841
f 2163//2223 1262//3740 2176//3619
f 494//3715 3581//1470 2279//2552
f 3293//4382 2412//3644 2403//3827
f 96//189 2221//2618 1364//190
f 3294//3939 4010//3130 3707//3940
f 3295//937 664//1435 3798//4383
f 3296//2973 3879//1458 1192//2404
f 1865//2213 523//4189 1873//2212
f 4031//177 4030//209 1174//208
f 2506//3557 2113//2741 1486//1912
f 3281//3042 2612//3931 1673//2421
f 4258//353 592//3124 2228//351
f 385//842 3646//3148 1292//1791
f 385//842 1292//1791 1712//843
f 718//1558 3530//1551 724//1550
f 2650//1215 3328//1096 3309//3950
f 2586//3438 3324//43 39//42
f 3309//3950 3545//3937 2886//3601
f 3299//3494 3522//4363 3249//2884
f 3738//986 2013//2483 2142//4377
f 3738//986 3726//101 2013//2483
f 401//2471 463//2330 3313//337
f 2581//3905 4157//3908 3604//4384
f 3354//2350 1227//2444 3630//4385
f 3146//1017 2603//1019 4072//3925
f 75//89 57//80 1323//4386
f 2648//3948 2952//4163 1651//3949
f 2186//2719 2067//2720 1709//2727
f 2533//2381 2411//2380 2402//1059
f 3304//1323 3985//1248 4212//3097
f 2200//1103 2572//3668 2583//3999
f 2647//3913 2149//4387 3709//900
f 2588//2510 3090//3930 1663//2509
f 2588//2510 2154//3305 3090//3930
f 1317//1068 1692//1067 1323//4386
f 2558//491 1629//2396 2562//494
f 625//1355 3510//3083 2215//1356
f 750//3731 744//1627 3346//4252
f 4011//609 4264//2428 3498//574
f 4328//4130 2184//4134 3444//3672
f 2336//866 2170//865 2176//3619
f 2303//1603 3713//3733 1303//947
f 1184//4219 3047//2940 1589//2939
f 1184//4219 1589//2939 4086//3014
f 1911//3314 1914//3333 550//573
f 3652//1800 2060//3508 3148//4287
f 3309//3950 3328//1096 3545//3937
f 3417//645 3306//4128 287//643
f 2800//3150 1268//2030 3330//3151
f 2149//4387 2942//3912 3886//4073
f 2149//4387 3886//4073 3871//4388
f 74//79 1325//4155 1317//1068
f 2935//2318 2707//2501 2700//2317
f 1912//616 267//542 3092//544
f 3011//2935 3991//367 1846//2936
f 782//1679 800//1720 1818//3210
f 2624//3935 697//1460 3357//1459
f 2624//3935 3572//1472 697//1460
f 3311//3054 3915//3829 2622//3055
f 1653//3432 56//92 3472//108
f 3988//3614 1701//2470 1220//2439
f 3735//4112 3986//893 227//449
f 3570//2440 2190//804 1163//803
f 1511//2834 1502//2820 4203//4348
f 3538//2313 1160//3091 3608//1692
f 1793//2437 598//1512 1088//1511
f 4203//4348 1226//2809 2140//3433
f 1303//947 3713//3733 2643//2287
f 2142//4377 2013//2483 479//1058
f 1659//897 1500//2779 1529//896
f 393//2670 160//308 161//310
f 854//1802 3639//4389 4415//834
f 854//1802 3136//4272 3639//4389
f 854//1802 4417//3677 3136//4272
f 3356//3581 2516//1076 1138//3131
f 1233//4390 2665//3958 3988//3614
f 4222//3960 3548//3183 1776//3182
f 111//206 94//4391 3495//4392
f 1306//2553 2551//1269 3339//2581
f 4061//3503 109//203 2037//3468
f 1043//2185 1544//2190 2813//2186
f 583//3593 3208//3594 3911//2289
f 583//3593 3911//2289 1659//897
f 1100//2373 3329//4157 2635//1290
f 1100//2373 4403//3911 3329//4157
f 4071//2363 2990//4115 2931//1001
f 2975//3707 4470//3691 2624//3935
f 2930//4156 3329//4157 4447//3666
f 217//448 3308//470 3735//4112
f 1860//421 4360//429 2232//422
f 746//3000 4108//933 1764//2545
f 2193//2711 3893//2717 1426//2716
f 2643//2287 4243//1080 2893//2264
f 823//2371 835//1776 1679//2413
f 2082//3111 2064//3545 2619//1213
f 2921//2969 4047//3904 1437//2699
f 1530//2829 3351//2430 1213//2429
f 1681//1293 2875//3034 2621//1294
f 3327//2120 2812//2132 3515//3914
f 1220//2439 3385//4376 3988//3614
f 3292//4379 3341//4381 547//1251
f 1537//2841 2564//3899 1508//2791
f 1170//1594 2605//1271 428//1273
f 4207//2389 3215//4333 2205//3642
f 1874//376 192//375 198//409
f 3881//2332 2899//2112 1028//2111
f 1683//2297 2931//1001 2881//1073
f 3335//4374 4332//4151 4013//4393
f 3336//2408 595//785 3552//3588
f 3076//3300 1301//1130 3358//1129
f 1792//2309 1801//3162 2673//2310
f 1792//2309 2667//2308 1636//3968
f 3338//1377 3755//2292 623//1348
f 582//338 2700//2317 2685//3974
f 1102//3635 2197//3634 1625//3458
f 3340//1045 4017//2019 3670//1046
f 3340//1045 984//2041 4017//2019
f 449//3019 850//1829 852//3641
f 1058//2154 3687//2193 1045//2152
f 4418//3933 408//901 3282//2999
f 3523//3631 3012//3043 430//4117
f 3523//3631 3786//2554 3012//3043
f 553//345 186//347 2411//2380
f 4122//3367 1222//1147 1954//1146
f 3832//2678 2384//2684 2381//2679
f 3426//4292 3158//4301 4364//2237
f 255//558 1286//599 3896//1337
f 1588//2188 1740//3611 2862//2166
f 3305//694 2614//673 285//672
f 1257//2241 1237//4256 358//1338
f 401//2471 1187//2688 2385//2675
f 3472//108 1984//3431 1653//3432
f 187//391 4413//3248 1853//394
f 1647//936 3508//3140 424//934
f 3356//3581 1138//3131 3294//3939
f 3267//2340 2599//2339 3996//4088
f 4207//2389 4210//2390 603//4347
f 1561//859 4469//1280 1186//1032
f 3740//4212 2601//2258 1620//2948
f 1640//387 182//381 3661//1986
f 392//2445 3619//951 3635//4394
f 2540//965 3981//964 4073//2537
f 231//447 878//446 879//489
f 231//447 879//489 4420//488
f 3364//3026 3305//694 2891//3027
f 664//1435 665//1022 3798//4383
f 126//228 3366//231 3374//246
f 140//2639 460//3956 515//2636
f 3369//279 3803//278 1780//3175
f 3368//233 3367//232 2658//3963
f 3367//232 460//3956 2664//3955
f 143//245 3805//268 2672//3969
f 2669//3966 3380//252 144//226
f 2666//3184 141//270 2663//3186
f 2666//3184 121//4395 141//270
f 3372//257 3334//4396 3366//231
f 3373//243 143//245 2671//3961
f 535//3189 4096//3181 131//263
f 535//3189 131//263 133//4378
f 3373//243 3377//4397 132//239
f 129//240 145//255 3376//4398
f 129//240 3376//4398 2680//3965
f 3366//231 139//230 3372//257
f 3377//4397 3385//4376 132//239
f 3370//247 2656//3954 137//254
f 135//258 3733//3187 3334//4396
f 3384//261 3383//271 136//260
f 133//4378 121//4395 2666//3184
f 133//4378 2666//3184 535//3189
f 3382//272 134//281 3369//279
f 3382//272 3369//279 2661//3970
f 460//3956 3367//232 515//2636
f 140//2639 2656//3954 1636//3968
f 3368//233 2658//3963 3733//3187
f 124//225 2188//4399 2669//3966
f 144//226 124//225 2669//3966
f 2675//275 3380//252 1795//1530
f 3805//268 129//240 2672//3969
f 2233//3959 3316//236 123//266
f 2233//3959 123//266 2657//267
f 129//240 2680//3965 2672//3969
f 2663//3186 141//270 2679//269
f 3382//272 2661//3970 2676//4400
f 3376//4398 145//255 480//220
f 131//263 4096//3181 4253//264
f 3334//4396 3372//257 135//258
f 3382//272 2676//4400 3378//273
f 3733//3187 135//258 3368//233
f 2656//3954 140//2639 137//254
f 4152//3656 148//304 3388//314
f 3386//284 157//283 3391//341
f 4254//3971 3388//314 156//2672
f 4254//3971 156//2672 177//323
f 3831//329 168//328 2688//335
f 173//299 1593//3112 152//2388
f 173//299 2682//3972 1593//3112
f 158//2676 2692//3978 3832//2678
f 161//310 2696//309 2689//3206
f 169//3977 1421//320 2706//319
f 2694//3213 3391//341 485//340
f 2694//3213 485//340 167//1284
f 158//2676 159//343 4111//3220
f 2143//292 3729//2531 4169//293
f 516//3975 2696//309 1652//294
f 4163//3894 2639//1044 4250//1043
f 4163//3894 4250//1043 2649//3662
f 3393//1283 2695//3976 167//1284
f 2143//292 3396//342 2691//2529
f 2226//3663 172//296 166//295
f 3392//344 161//310 2689//3206
f 4169//293 3729//2531 2649//3662
f 173//299 3389//298 2682//3972
f 3396//342 2688//335 2691//2529
f 167//1284 2695//3976 2694//3213
f 582//338 2685//3974 616//1282
f 3387//317 175//327 2704//3973
f 3397//318 3387//317 1811//3233
f 4254//3971 177//323 2705//325
f 3398//1766 2713//463 218//462
f 3400//444 3407//1231 226//445
f 3400//444 1275//2522 3407//1231
f 3400//444 1210//2500 1275//2522
f 2710//3291 2721//493 215//499
f 3401//4401 216//490 3409//453
f 3401//4401 887//514 216//490
f 3402//4402 3403//465 232//484
f 3402//4402 3532//4403 3403//465
f 604//455 1129//2395 4170//3134
f 3403//465 1210//2500 221//466
f 218//462 2714//3989 3398//1766
f 1657//481 4419//483 3717//3276
f 3407//1231 1889//1230 238//500
f 3407//1231 238//500 226//445
f 3402//4402 232//484 3406//485
f 219//475 3405//472 1198//476
f 369//3988 604//455 4170//3134
f 3404//515 887//514 3401//4401
f 1210//2500 4087//2523 1275//2522
f 2713//463 2127//441 233//464
f 1889//1230 2714//3989 214//512
f 1889//1230 214//512 238//500
f 2620//461 4239//458 3837//457
f 3410//502 229//504 369//3988
f 3410//502 369//3988 1702//3987
f 2714//3989 218//462 214//512
f 2711//509 2717//498 1424//497
f 3408//442 3406//485 223//443
f 1210//2500 3403//465 4087//2523
f 2734//649 3342//647 2732//3995
f 4116//3352 289//635 4266//637
f 1703//3996 3418//624 4116//3352
f 3412//628 1959//1843 296//629
f 2726//3992 923//1931 4268//3351
f 3413//668 303//641 286//640
f 1133//657 2739//3368 3419//639
f 286//640 291//667 618//3347
f 3845//1901 925//660 1953//3366
f 286//640 2730//4404 3413//668
f 2726//3992 297//1932 923//1931
f 2735//1276 3411//691 4421//662
f 519//1145 2902//620 3843//631
f 519//1145 3843//631 3419//639
f 2891//3027 532//1278 1676//688
f 3416//690 2902//620 1222//1147
f 305//636 3524//3997 4266//637
f 3342//647 1265//646 2732//3995
f 4116//3352 3418//624 289//635
f 2902//620 519//1145 1222//1147
f 925//660 2738//661 1953//3366
f 305//636 4455//3039 3524//3997
f 3420//670 383//685 3273//2505
f 900//627 3414//693 3412//628
f 297//1932 2726//3992 1265//646
f 3419//639 1967//3378 519//1145
f 3422//671 3417//645 914//665
f 3415//632 4121//3370 4269//633
f 3423//666 618//3347 291//667
f 3430//4299 3431//4405 2912//4013
f 3430//4299 3673//708 3431//4405
f 2920//4150 3680//2367 4013//4393
f 3427//3890 3531//700 3325//4406
f 3425//4407 3503//4408 4365//4294
f 4363//3589 3276//715 4364//2237
f 4013//4393 4386//4409 4387//4410
f 4384//1266 2634//1265 574//1267
f 4387//4410 3335//4374 4013//4393
f 3428//4011 316//724 3425//4407
f 3429//4296 3431//4405 2230//4411
f 3679//2236 3426//4292 4364//2237
f 3427//3890 2530//3889 3531//700
f 3434//4293 3426//4292 3544//696
f 3434//4293 3544//696 4381//698
f 1694//4412 3430//4299 552//1217
f 1694//4412 552//1217 3503//4408
f 3435//4375 3439//4152 4332//4151
f 3503//4408 1687//1219 4365//4294
f 3428//4011 1084//4297 1098//4142
f 3428//4011 1098//4142 316//724
f 1585//2432 3678//722 4383//4413
f 4381//698 3432//3926 3434//4293
f 1585//2432 3432//3926 3678//722
f 552//1217 1687//1219 3503//4408
f 2634//1265 4382//1264 3437//3891
f 3437//3891 4382//1264 2530//3889
f 3268//4373 3335//4374 4385//4414
f 3425//4407 4365//4294 3428//4011
f 2867//2433 4383//4413 3438//1268
f 3440//994 4390//4415 3445//4416
f 1707//3081 3447//772 4368//1210
f 2889//3678 4083//2966 1215//749
f 3700//747 3441//4303 3163//4027
f 3700//747 3163//4027 3443//4308
f 2879//4129 3449//4131 4391//4417
f 2879//4129 4391//4417 3902//4418
f 1617//4419 3696//740 3450//4420
f 3440//994 3704//771 4390//4415
f 3328//1096 3706//1211 4008//3616
f 3328//1096 2650//1215 3706//1211
f 3569//3082 3446//4120 4378//4119
f 3448//4149 4378//4119 3290//4121
f 1617//4419 4156//1126 3280//1095
f 3441//4303 3700//747 341//746
f 3173//4305 339//750 1215//749
f 3310//4133 4328//4130 2879//4129
f 3450//4420 4369//1127 1617//4419
f 3445//4416 4390//4415 3343//3105
f 336//737 2244//764 3175//4017
f 336//737 3175//4017 2941//4306
f 4008//3616 3706//1211 3447//772
f 3332//3652 2872//2944 422//2943
f 4370//4327 3452//4118 1205//812
f 2866//3041 3452//4118 3885//3640
f 1205//812 2547//811 4370//4327
f 19//30 28//32 1979//3391
f 3453//3381 36//57 73//111
f 22//53 34//52 3323//3388
f 62//63 2009//112 66//83
f 62//63 41//62 2009//112
f 3738//986 64//1100 3726//101
f 3455//81 2914//93 1128//3387
f 22//53 3323//3388 73//111
f 3726//101 64//1100 50//102
f 36//57 3453//3381 1714//58
f 23//85 3715//1312 49//55
f 23//85 3505//1313 3715//1312
f 31//51 1986//3401 34//52
f 71//2468 67//98 4297//3394
f 71//2468 4297//3394 1996//2482
f 32//2585 3466//2451 47//103
f 46//66 2002//3399 33//3622
f 46//66 4299//3414 2002//3399
f 3454//36 19//30 1985//3416
f 1670//1205 2653//3410 2655//1203
f 58//48 521//3395 3471//3418
f 68//4421 2142//4377 23//85
f 2653//3410 1670//1205 4296//3383
f 69//50 521//3395 58//48
f 3462//76 3458//75 2227//4422
f 3460//95 21//2251 54//94
f 32//2585 42//106 1983//3443
f 32//2585 1983//3443 3466//2451
f 31//51 58//48 3471//3418
f 3760//100 3463//61 3726//101
f 3456//73 3460//95 48//74
f 39//42 71//2468 1996//2482
f 40//116 21//2251 2011//4423
f 67//98 55//56 4297//3394
f 4019//4424 46//66 43//65
f 57//80 3465//118 2914//93
f 46//66 4019//4424 4299//3414
f 3461//3064 2655//1203 3468//2355
f 23//85 2142//4377 3505//1313
f 61//82 3349//122 3469//110
f 1760//117 1987//3437 43//65
f 42//106 3462//76 1983//3443
f 3478//140 4314//3457 107//141
f 3478//140 4317//3449 4314//3457
f 86//159 95//158 3486//194
f 3480//973 2536//824 4312//823
f 93//123 2033//4362 3762//150
f 93//123 2029//4366 2033//4362
f 100//178 102//195 4079//3493
f 3475//128 2025//3483 3476//185
f 102//195 3496//212 4079//3493
f 107//141 4315//3482 91//171
f 2023//214 3479//138 80//137
f 3489//175 4023//1052 3494//167
f 101//181 4318//3487 3484//210
f 101//181 3482//183 4318//3487
f 99//211 91//171 4315//3482
f 107//141 4314//3457 4315//3482
f 3478//140 3321//132 4317//3449
f 94//4391 87//4425 3495//4392
f 109//203 2057//3478 95//158
f 87//4425 2039//3497 3495//4392
f 3491//853 4325//977 3488//4426
f 93//123 3474//125 2029//4366
f 104//162 3481//161 108//3465
f 97//155 3486//194 119//156
f 3477//130 2053//3511 110//180
f 1139//4214 1731//4216 658//1418
f 2943//3332 2623//3341 1930//580
f 3118//4270 4186//2285 1662//2284
f 489//2677 2381//2679 3344//1184
f 489//2677 3344//1184 2383//1092
f 3498//574 4261//774 4241//1214
f 3271//3051 3500//3050 2881//1073
f 3154//4298 1695//3069 1223//3071
f 926//1894 916//638 3843//631
f 4023//1052 3489//175 556//925
f 3331//2995 1672//2994 4234//1003
f 509//3888 1180//3129 2628//1122
f 1210//2500 231//447 2558//491
f 1589//2939 4002//2941 564//1244
f 2279//2552 4336//2247 1298//1319
f 3115//1199 3123//848 3132//847
f 592//3124 3665//2005 2228//351
f 1066//2155 3684//2192 2480//3866
f 1100//2373 1683//2297 2882//2296
f 3684//2192 4053//2327 2168//2277
f 3684//2192 2168//2277 2478//2276
f 1588//2188 1034//2167 3690//2169
f 2865//2539 2540//965 4073//2537
f 3511//4427 2623//3341 1142//2376
f 1501//4428 2564//3899 1537//2841
f 3511//4427 4104//1330 2623//3341
f 3513//1556 725//1570 1759//2086
f 1126//2271 1102//3635 2877//1249
f 536//957 3292//4379 547//1251
f 2791//3927 2552//2835 1512//2798
f 3516//717 3674//731 310//716
f 3752//2900 4218//4360 3245//4370
f 1841//1233 2909//363 1873//2212
f 847//1811 1942//1812 2542//3610
f 3207//2783 1981//3392 1172//3440
f 3517//1183 4025//2286 3353//3800
f 3489//175 1174//208 556//925
f 2628//1122 2095//2743 1456//2736
f 3114//3797 3132//847 2652//846
f 3522//4363 3299//3494 2922//3453
f 3525//3411 3551//3412 4208//4335
f 3302//3651 2584//4429 2872//2944
f 3344//1184 2381//2679 3566//4137
f 3096//3328 3819//2239 3104//3342
f 902//644 924//658 462//1075
f 3524//3997 4455//3039 4270//3655
f 2960//3923 689//3172 2602//3177
f 1290//3638 2811//4060 2809//4055
f 1272//2516 4201//4101 4248//2517
f 2563//2959 1638//779 546//1304
f 424//934 1756//3119 2645//1164
f 343//773 324//732 3565//734
f 1114//1315 2778//4033 560//1316
f 3526//3049 1267//2506 1726//2508
f 3355//1218 3150//3922 3888//3921
f 3362//4136 3626//1733 2875//3034
f 783//1653 361//4430 780//1661
f 2882//2296 1643//1685 3722//1660
f 3521//3808 1273//2519 2167//3804
f 697//1460 3572//1472 1727//1471
f 2133//1813 1622//2987 1211//1189
f 2735//1276 4421//662 2737//3015
f 1223//3071 1632//4012 508//3917
f 3887//2255 753//1614 1113//1332
f 3420//670 4461//3916 520//3372
f 2047//3470 2020//3456 3232//3934
f 3431//4405 3161//4006 2912//4013
f 2434//3830 4197//2937 2435//3833
f 2434//3830 4193//3843 4197//2937
f 3282//2999 2558//491 4420//488
f 3282//2999 4420//488 234//487
f 1742//3618 360//426 207//425
f 3951//2204 330//766 342//765
f 541//3386 3965//2979 3737//1297
f 2828//967 1641//777 2842//2542
f 2772//2970 959//2059 2793//1982
f 2772//2970 962//2208 959//2059
f 1732//432 445//987 197//2226
f 389//2485 2545//2410 2913//1320
f 3830//316 1419//322 1418//2336
f 4479//4116 405//898 3709//900
f 2286//3709 4168//1150 3577//1149
f 2286//3709 3577//1149 2980//3507
f 1297//1274 3751//3066 3707//3940
f 546//1304 3289//778 2833//1305
f 4162//2216 2928//3902 4232//2454
f 3538//2313 3608//1692 555//1673
f 357//3089 1672//2994 4162//2216
f 357//3089 4234//1003 1672//2994
f 3542//1525 549//1493 3567//1495
f 1139//4214 1624//3247 3502//1016
f 638//1360 359//21 951//1952
f 2592//1179 4066//1178 738//1624
f 2887//1412 3284//881 2901//2383
f 3545//3937 3279//4304 4083//2966
f 1625//3458 2197//3634 3974//3459
f 1710//3084 1974//3086 37//34
f 3504//3121 2077//2710 1219//3944
f 473//2478 3798//4383 2896//1021
f 4087//2523 3532//4403 2720//3273
f 3550//145 2021//3462 2041//926
f 3019//2934 1846//2936 3041//4213
f 1106//3022 1254//3762 3995//3761
f 2174//917 1758//3074 1288//1285
f 307//706 3554//726 472//1005
f 7//14 4255//1935 936//1380
f 161//310 3392//344 151//331
f 362//3077 1006//2079 1014//2084
f 3402//4402 2715//3299 1888//1746
f 375//4092 4141//4075 439//4071
f 1639//3943 4355//4276 853//3513
f 1767//3164 1766//3152 4380//3165
f 624//3505 635//1350 2225//1378
f 3313//337 463//2330 582//338
f 2852//3132 2201//789 347//788
f 2925//1116 2525//3060 2508//3549
f 925//660 1482//2753 1475//1933
f 925//660 1125//1114 1482//2753
f 3558//3526 2068//3523 1447//2728
f 2445//935 2064//3545 1647//936
f 1742//3618 1877//4190 3740//4212
f 3251//2922 1102//3635 3507//3485
f 1659//897 1207//873 3520//875
f 1337//2580 4173//2584 2971//3073
f 1554//2894 3529//3599 3275//3598
f 1679//2413 4069//3030 3908//2414
f 2431//359 183//365 1280//905
f 1235//825 380//2460 4344//1706
f 4070//1083 490//1082 2292//3728
f 3333//2403 3296//2973 1192//2404
f 4237//782 4244//781 1011//2088
f 4227//4153 3952//2206 1618//2201
f 1695//3069 3154//4298 2912//4013
f 744//1627 4103//1629 1301//1130
f 744//1627 1301//1130 3346//4252
f 762//868 748//1609 3821//2377
f 1155//1387 4150//1311 4371//3679
f 795//1658 1831//3229 771//1697
f 795//1658 2687//3197 1831//3229
f 1678//3280 831//1732 1886//2218
f 2834//2159 3866//2902 3252//2904
f 2834//2159 3252//2904 1570//4096
f 261//600 2493//563 2150//3052
f 1323//4386 3499//90 75//89
f 39//42 2183//41 3761//2467
f 2640//608 3095//2256 1728//1336
f 1631//1125 4018//1163 2375//3145
f 4117//1155 2630//3364 2218//1156
f 1072//2448 3692//2493 1046//2494
f 1626//815 2615//2931 4238//2932
f 1626//815 4238//2932 2270//1428
f 434//40 3336//2408 2283//3698
f 3567//1495 1799//3188 3542//1525
f 366//2592 2285//3716 1144//2565
f 2225//1378 4228//1372 931//3661
f 3568//4334 1729//2769 2564//3899
f 1303//947 2643//2287 1239//948
f 1736//805 2667//2308 2673//2310
f 3517//1183 3133//4283 3147//1093
f 1296//2549 4213//2551 1560//2899
f 3588//958 681//1532 4480//959
f 3573//4431 690//1449 682//795
f 3589//1148 3301//2215 700//1504
f 3571//1465 3580//1467 2968//3704
f 3586//1262 3331//2995 549//1493
f 3586//1262 3288//1261 3331//2995
f 2965//4177 3596//4176 688//1527
f 3572//1472 4337//3936 2561//1473
f 3574//1487 3579//1480 2981//4170
f 3575//3072 3583//1119 580//1506
f 3575//3072 2971//3073 3583//1119
f 709//1534 3350//1517 2961//4168
f 709//1534 2961//4168 3585//4169
f 684//1451 4230//4380 3592//4432
f 2210//1463 1305//3649 3590//1491
f 711//1522 692//1524 3585//4169
f 711//1522 3585//4169 2970//3701
f 3581//1470 3924//1469 4336//2247
f 350//794 1147//4433 3573//4431
f 3582//1479 3588//958 571//1250
f 3331//2995 3318//1002 698//1496
f 2965//4177 702//3176 2976//3710
f 2965//4177 1771//4434 702//3176
f 2864//1515 704//1514 2573//1533
f 686//1489 3270//2981 2950//1454
f 1274//1503 2953//3650 2573//1533
f 2974//4435 707//1523 711//1522
f 3270//2981 686//1489 3576//1508
f 2983//2976 2602//3177 3595//1497
f 3588//958 3582//1479 2189//1478
f 2210//1463 3920//1462 2954//3647
f 3576//1508 693//1510 3297//1531
f 2965//4177 688//1527 1771//4434
f 2976//3710 702//3176 713//1492
f 3573//4431 682//795 350//794
f 1274//1503 3584//1486 2953//3650
f 3583//1119 2959//4167 2972//1118
f 3575//3072 580//1506 3318//1002
f 703//3185 689//3172 2155//4158
f 3318//1002 3331//2995 4234//1003
f 2980//3507 3577//1149 598//1512
f 713//1492 2969//4171 2976//3710
f 690//1449 3573//4431 4338//4436
f 3297//1531 3594//1520 2177//2982
f 3582//1479 571//1250 3591//1253
f 3589//1148 705//1507 3577//1149
f 684//1451 695//1453 3593//4437
f 684//1451 3593//4437 4230//4380
f 690//1449 3593//4437 695//1453
f 690//1449 4338//4436 3593//4437
f 3592//4432 4480//959 710//1521
f 707//1523 2962//2248 717//1529
f 3578//1499 3590//1491 2958//4165
f 703//3185 2155//4158 716//1477
f 708//1516 688//1527 3596//4176
f 716//1477 2977//4174 3580//1467
f 3585//4169 3923//4438 709//1534
f 3585//4169 692//1524 3923//4438
f 598//1512 691//980 2939//979
f 2962//2248 3924//1469 717//1529
f 3920//1462 3574//1487 2954//3647
f 2950//1454 3270//2981 3586//1262
f 350//794 3591//1253 1147//4433
f 3592//4432 710//1521 684//1451
f 4480//959 681//1532 710//1521
f 3597//1694 2582//3910 3604//4384
f 3603//2374 797//1631 774//1630
f 3613//1703 3537//2469 798//1710
f 3613//1703 1183//1702 3537//2469
f 3598//1668 2985//2557 787//3207
f 3605//1690 2987//887 766//1655
f 3600//3205 3616//1721 1258//4184
f 793//1707 4341//4180 3601//3510
f 3603//2374 774//1630 794//1713
f 3604//4384 764//1695 3597//1694
f 3604//4384 784//1686 764//1695
f 770//1687 4157//3908 3609//4439
f 3926//1636 3600//3205 1258//4184
f 4177//1640 2994//4182 3615//1712
f 779//1675 797//1631 1283//2375
f 779//1675 1283//2375 3913//4440
f 788//1637 2924//3928 3599//1644
f 2180//982 4410//1689 2995//4185
f 3607//1654 783//1653 1094//4441
f 3609//4439 794//1713 770//1687
f 452//981 2991//983 2594//2546
f 4340//1062 3606//1670 2946//1060
f 443//1289 769//1693 545//4442
f 2617//4186 3602//1641 3001//3743
f 2617//4186 1833//1669 3602//1641
f 3612//1680 786//3228 4155//3909
f 785//1700 3000//1699 3002//3659
f 2985//2557 438//850 787//3207
f 3606//1670 1833//1669 2617//4186
f 3607//1654 2582//3910 3597//1694
f 1718//4107 466//1633 2986//4183
f 3604//4384 770//1687 784//1686
f 3604//4384 4157//3908 770//1687
f 3614//1662 779//1675 4005//3903
f 3615//1712 4155//3909 786//3228
f 783//1653 4005//3903 1094//4441
f 2316//3738 798//1710 3537//2469
f 2316//3738 3617//1708 798//1710
f 779//1675 3913//4440 4005//3903
f 545//4442 778//1676 4246//1705
f 3609//4439 3603//2374 794//1713
f 3616//1721 3600//3205 775//1719
f 3615//1712 2994//4182 4155//3909
f 777//1665 3278//826 4344//1706
f 785//1700 3008//4187 3610//1682
f 785//1700 3002//3659 3008//4187
f 793//1707 4344//1706 4341//4180
f 3617//1708 2316//3738 3003//3751
f 3605//1690 1241//888 2987//887
f 466//1633 3617//1708 2986//4183
f 825//1739 813//4443 802//1767
f 825//1739 802//1767 4352//4237
f 3633//1287 4348//4238 3621//3586
f 1173//4231 3625//820 828//1737
f 481//1228 4352//4237 802//1767
f 3632//953 820//1159 1681//1293
f 833//1342 3635//4394 3063//4222
f 812//1751 1285//4234 804//1725
f 812//1751 1112//4242 1285//4234
f 2875//3034 811//1771 3933//1745
f 1903//1722 3930//1772 3071//4125
f 2621//1294 822//1726 533//2953
f 3621//3586 1204//2348 830//1780
f 3622//1735 3287//4162 3628//1736
f 2556//4246 828//1737 825//1739
f 1204//2348 3630//4385 4074//1071
f 3623//1741 832//1743 3055//4228
f 817//1748 3636//1344 3624//1749
f 3626//1733 3362//4136 809//1157
f 2853//3272 805//3274 3055//4228
f 3619//951 3057//4240 3635//4394
f 2621//1294 3933//1745 822//1726
f 3618//4224 803//1761 3623//1741
f 533//2953 822//1726 3064//4225
f 804//1725 1285//4234 3064//4225
f 3930//1772 811//1771 3631//3033
f 3930//1772 3631//3033 3071//4125
f 819//1750 1112//4242 812//1751
f 819//1750 3634//1768 1112//4242
f 3624//1749 3626//1733 831//1732
f 3624//1749 609//4239 3626//1733
f 2593//1729 2936//2998 807//1784
f 3620//1775 826//1774 3629//1180
f 3620//1775 3629//1180 4346//4233
f 1227//2444 4414//1728 3630//4385
f 3635//4394 833//1342 810//1753
f 3635//4394 810//1753 834//1759
f 2593//1729 4414//1728 1227//2444
f 3908//2414 3054//4227 587//1286
f 4353//821 805//3274 1888//1746
f 3620//1775 4346//4233 2063//4232
f 835//1776 3052//4235 3072//3031
f 3630//4385 4414//1728 4074//1071
f 3631//3033 811//1771 2875//3034
f 3064//4225 822//1726 804//1725
f 564//1244 4002//2941 496//1245
f 2853//3272 3055//4228 832//1743
f 2936//2998 3287//4162 3622//1735
f 1204//2348 4074//1071 3360//1781
f 3908//2414 4069//3030 3054//4227
f 496//1245 4002//2941 3048//4220
f 3052//4235 835//1776 3620//1775
f 805//3274 4353//821 3055//4228
f 3629//1180 1603//1182 4350//4218
f 496//1245 4347//4248 4476//1246
f 496//1245 3048//4220 3069//4221
f 3627//1723 1903//1722 1597//4244
f 496//1245 3069//4221 4347//4248
f 828//1737 2556//4246 1173//4231
f 3618//4224 481//1228 803//1761
f 3629//1180 4350//4218 4346//4233
f 3621//3586 830//1780 578//1760
f 3619//951 3070//950 3057//4240
f 3900//4268 838//1788 1231//1810
f 861//1833 567//3796 849//1834
f 3639//4389 3638//4291 4415//834
f 2144//1792 3144//2960 3650//1824
f 3638//4291 842//1820 4415//834
f 840//1795 3125//4273 4358//1807
f 2949//4444 3637//4445 852//3641
f 3641//807 842//1820 3638//4291
f 2949//4444 850//1829 2147//1828
f 3644//4446 845//1352 3646//3148
f 1270//2514 1746//4148 3649//844
f 1231//1810 3126//4290 3900//4268
f 855//1837 3129//3810 3647//1838
f 2249//3005 3137//3004 851//1814
f 855//1837 857//1841 610//4285
f 855//1837 610//4285 3129//3810
f 3644//4446 3135//4282 856//1803
f 3645//1797 851//1814 3137//3004
f 3641//807 526//2412 4416//1806
f 861//1833 848//1786 4357//3786
f 840//1795 3645//1797 3125//4273
f 3651//1826 4358//1807 3901//4277
f 1639//3943 856//1803 3135//4282
f 1639//3943 542//3514 856//1803
f 610//4285 857//1841 3653//1840
f 2542//3610 841//1842 499//3617
f 2949//4444 852//3641 850//1829
f 3653//1840 843//1804 1189//2411
f 464//1087 3637//4445 4354//3098
f 3136//4272 844//4447 3640//3924
f 3136//4272 4417//3677 844//4447
f 2249//3005 851//1814 868//1825
f 3121//1794 3651//1826 3901//4277
f 3642//1844 860//1789 3900//4268
f 3642//1844 3900//4268 3140//4267
f 3645//1797 3117//3596 3125//4273
f 3650//1824 3144//2960 3654//2961
f 3277//1847 4184//3798 3128//1846
f 3654//2961 2910//3058 868//1825
f 3654//2961 868//1825 3650//1824
f 3652//1800 2147//1828 1943//1798
f 3652//1800 3148//4287 2147//1828
f 861//1833 4357//3786 567//3796
f 499//3617 841//1842 3642//1844
f 3644//4446 856//1803 845//1352
f 2147//1828 3148//4287 2949//4444
f 4355//4276 576//3113 853//3513
f 3646//3148 1263//4280 3644//4446
f 3900//4268 860//1789 838//1788
f 4184//3798 3277//1847 1938//3374
f 3640//3924 864//1839 3647//1838
f 3652//1800 846//1298 2060//3508
f 3655//1848 849//1834 3139//3803
f 3637//4445 491//1086 852//3641
f 957//1975 4161//1026 3662//1104
f 992//2042 3665//2005 592//3124
f 3657//2018 3663//2015 2405//419
f 957//1975 1171//1993 3314//3812
f 597//2029 1655//2209 962//2208
f 2206//1979 2622//3055 2426//3813
f 2206//1979 421//1988 2622//3055
f 4130//2062 974//2057 2409//4448
f 990//3819 2422//3818 961//4046
f 4460//2049 2427//3125 3668//2050
f 4460//2049 992//2042 2427//3125
f 970//3897 977//4053 1646//3828
f 4130//2062 2409//4448 996//2060
f 983//1991 3340//1045 3999//1025
f 3666//1989 4359//3822 963//2021
f 969//4037 4360//429 975//4050
f 3667//2038 981//2037 2410//3826
f 4362//2013 987//2012 971//2008
f 970//3897 2408//3824 982//3898
f 965//4449 973//2011 2406//3820
f 982//3898 2408//3824 2410//3826
f 983//1991 467//1024 3666//1989
f 982//3898 2410//3826 981//2037
f 989//2003 3671//2058 548//2004
f 965//4449 2406//3820 990//3819
f 973//2011 4362//2013 2428//3816
f 3666//1989 467//1024 4361//3821
f 3657//2018 2405//419 2414//1110
f 3657//2018 2414//1110 997//4036
f 2794//2035 975//4050 3669//2036
f 973//2011 2428//3816 2406//3820
f 961//4046 2422//3818 977//4053
f 963//2021 4359//3822 2419//398
f 980//2017 3669//2036 3663//2015
f 306//725 1098//4142 1698//3608
f 3673//708 4423//707 2230//4411
f 4423//707 4001//728 2230//4411
f 2530//3889 4382//1264 313//701
f 3677//709 3503//4408 320//719
f 322//720 4382//1264 4384//1266
f 309//711 308//710 4383//4413
f 3674//731 3516//717 3435//4375
f 309//711 4383//4413 3678//722
f 1161//704 4386//4409 3680//2367
f 322//720 313//701 4382//1264
f 3676//718 3674//731 4385//4414
f 3676//718 4387//4410 1161//704
f 3675//4159 315//705 3680//2367
f 1161//704 4387//4410 4386//4409
f 3679//2236 314//727 3544//696
f 313//701 3531//700 2530//3889
f 2899//2112 1754//3118 1029//2119
f 435//963 2476//3851 3681//2101
f 1029//2119 469//549 1064//2117
f 1029//2119 1754//3118 469//549
f 1037//2183 4146//4084 586//2178
f 1037//2183 586//2178 2498//3107
f 3881//2332 1045//2152 1754//3118
f 1043//2185 2487//3855 1053//2172
f 1040//2164 4367//3859 2827//4085
f 1033//2121 1049//2102 3687//2193
f 1027//4450 1036//2140 2169//909
f 1037//2183 2498//3107 3560//3892
f 1061//2179 3691//2180 1047//2107
f 1027//4450 2169//909 1057//2171
f 1073//2146 4051//3862 1271//2515
f 1073//2146 1039//2143 4051//3862
f 1048//2174 4014//4451 3691//2180
f 1048//2174 2932//2181 4014//4451
f 3686//2157 1044//2149 2843//2151
f 3687//2193 1754//3118 1045//2152
f 2827//4085 4367//3859 1068//3863
f 4144//4090 1056//2139 2488//3860
f 3691//2180 1041//2175 1048//2174
f 1065//2189 4366//3857 2477//2477
f 2841//2161 3692//2493 3685//2162
f 1057//2171 2169//909 2482//4452
f 3690//2169 1095//2479 1588//2188
f 1040//2164 1052//2163 4367//3859
f 1050//2156 1057//2171 2499//911
f 2932//2181 3560//3892 4014//4451
f 325//761 1713//760 3899//1094
f 3698//742 343//773 4391//4417
f 3447//772 332//769 4008//3616
f 3700//747 3443//4308 334//745
f 325//761 4008//3616 332//769
f 326//758 4378//4119 3702//759
f 326//758 3569//3082 4378//4119
f 1304//768 3703//2559 4388//3673
f 337//756 3697//767 3343//3105
f 337//756 3343//3105 4390//4415
f 3565//734 3310//4133 343//773
f 335//754 337//756 4390//4415
f 335//754 4390//4415 3704//771
f 326//758 3447//772 1707//3081
f 3698//742 4391//4417 3703//2559
f 334//745 3443//4308 329//739
f 331//748 3704//771 4389//993
f 1304//768 4388//3673 3701//744
f 343//773 3310//4133 3902//4418
f 326//758 1707//3081 3569//3082
f 341//746 327//735 3441//4303
f 343//773 3902//4418 4391//4417
f 1246//2555 3025//2382 459//2384
f 4375//2420 573//1255 1675//3624
f 4375//2420 2964//1256 573//1255
f 3705//3794 2133//1813 1211//1189
f 1243//1367 3338//1377 624//3505
f 4457//1762 836//3920 808//952
f 1756//3119 3504//3121 1219//3944
f 1154//418 1868//3256 181//399
f 1154//418 440//413 1868//3256
f 2824//1079 1073//2146 1271//2515
f 3155//4009 3325//4406 3436//2443
f 3155//4009 3159//4300 3325//4406
f 4398//4070 1577//2860 1289//2540
f 1595//2657 1254//3762 1196//2253
f 4416//1806 1150//1830 3938//1821
f 2125//2064 3948//2968 1000//2068
f 814//1070 3750//1757 4074//1071
f 1631//1125 3119//3144 3129//3810
f 4415//834 862//1822 867//832
f 3138//4284 4072//3925 3123//848
f 2152//2518 4076//2525 1276//2524
f 1000//2068 3949//1006 506//2067
f 4045//2697 2082//3111 1435//2698
f 2246//3764 4085//3770 2166//4453
f 2246//3764 2166//4453 2348//3763
f 2909//363 1841//1233 2873//364
f 2190//804 3333//2403 2662//2405
f 2190//804 3371//4454 3333//2403
f 444//3127 2933//3128 2571//1809
f 2646//2956 2359//3141 402//2954
f 2646//2956 2852//3132 2359//3141
f 1957//3654 2735//1276 1970//1849
f 904//1900 929//1898 1463//2742
f 1069//2492 2821//2864 1046//2494
f 2088//3095 1438//1869 1423//1868
f 3103//3016 3079//4258 1158//3344
f 134//281 3382//272 1386//2663
f 134//281 1386//2663 1395//2665
f 4006//3376 518//2347 1962//2346
f 1944//3353 1964//3355 1130//1801
f 3566//4137 1662//2284 4025//2286
f 2074//2707 876//1857 898//501
f 2071//2724 2082//3111 2619//1213
f 3154//4298 552//1217 3430//4299
f 3628//1736 455//1181 3750//1757
f 1718//4107 2854//1634 466//1633
f 3719//880 502//1202 3284//881
f 3721//4455 2475//3623 4225//2435
f 3722//1660 3547//3236 795//1658
f 427//3671 2190//804 2662//2405
f 1347//151 3762//150 105//187
f 1347//151 105//187 1364//190
f 1742//3618 3740//4212 3509//3137
f 1732//432 2123//431 445//987
f 2583//3999 2212//2282 477//2281
f 857//1841 855//1837 1761//3139
f 3348//1194 544//1191 1108//3080
f 3730//4369 2911//4147 2032//3491
f 3730//4369 3978//3490 2911//4147
f 403//755 3847//751 1076//2198
f 1658//3603 3060//4230 3049//1343
f 474//1326 2555//3753 2354//1028
f 3132//847 3114//3797 1599//1198
f 1332//2594 2183//41 3463//61
f 1090//1406 2258//2316 2580//4194
f 3788//4456 677//1447 3783//4457
f 430//4117 3012//3043 3783//4457
f 4010//3130 509//3888 3707//3940
f 3625//820 1173//4231 4353//821
f 1528//2828 4206//2837 2132//2824
f 1528//2828 4209//2774 4206//2837
f 2312//1582 2309//1581 4307//2099
f 3921//1475 454//1474 1107//2438
f 2162//587 4452//550 243//588
f 3739//3805 2216//2989 1630//4286
f 3469//110 1214//1335 2005//4331
f 1013//2100 2165//1272 362//3077
f 1116//2366 1596//3067 1297//1274
f 576//3113 1630//4286 1231//1810
f 899//2307 3844//683 3840//681
f 1069//2492 1559//2892 1549//2862
f 4419//483 2062//3281 3717//3276
f 4419//483 2712//3289 2062//3281
f 3759//105 1324//2326 1249//2325
f 2312//1582 4307//2099 1020//2093
f 1323//4386 2551//1269 3499//90
f 191//438 2223//400 3564//370
f 191//438 3564//370 210//371
f 1442//1851 4046//2721 2067//2720
f 2645//1164 522//969 417//972
f 1481//1915 462//1075 534//1074
f 106//149 2050//884 2031//883
f 259//3579 601//614 1216//3318
f 259//3579 1216//3318 256//3321
f 3540//2836 2006//3403 1669//2797
f 3753//3627 3925//1010 1251//3179
f 1153//2345 2733//1133 4119//1132
f 3754//625 456//1011 2926//626
f 3201//2792 2005//4331 1214//1335
f 2903//1270 3339//2581 2551//1269
f 2386//2686 1404//2323 1415//330
f 457//1965 937//1962 625//1355
f 457//1965 625//1355 1623//1310
f 1951//1832 618//3347 3423//666
f 2848//4104 2152//2518 1276//2524
f 2848//4104 2128//3591 2152//2518
f 29//35 1307//2563 20//33
f 76//60 1310//2570 29//35
f 32//2585 47//103 1318//104
f 32//2585 1318//104 1159//2586
f 33//3622 63//109 1311//2591
f 33//3622 1311//2591 46//66
f 2183//41 1338//2573 3761//2467
f 55//56 1144//2565 35//54
f 55//56 1312//99 1144//2565
f 76//60 24//86 1315//2589
f 3499//90 2587//2252 40//116
f 57//80 1317//1068 1323//4386
f 3760//100 50//102 1328//4458
f 68//4421 23//85 1335//2577
f 68//4421 1335//2577 1320//786
f 1331//2583 3760//100 1328//4458
f 3761//2467 1321//2575 71//2468
f 3744//91 4028//107 56//92
f 67//98 71//2468 1312//99
f 61//82 3759//105 66//83
f 66//83 3759//105 4065//2578
f 62//63 66//83 4065//2578
f 51//38 1315//2589 24//86
f 3760//100 1331//2583 3463//61
f 46//66 1319//1257 1309//67
f 68//4421 1320//786 38//120
f 74//79 65//114 1325//4155
f 23//85 35//54 1313//2564
f 62//63 4065//2578 3744//91
f 64//1100 1314//2595 50//102
f 27//97 26//96 1634//2561
f 63//109 1337//2580 1311//2591
f 3463//61 1327//2582 1332//2594
f 3463//61 1331//2583 1327//2582
f 42//106 32//2585 2278//2587
f 3472//108 4028//107 1325//4155
f 50//102 1314//2595 1328//4458
f 3494//167 1351//2622 1354//176
f 87//4425 1357//991 108//3465
f 87//4425 94//4391 1341//2614
f 87//4425 1341//2614 1357//991
f 2245//144 120//146 1343//2602
f 3766//124 93//123 1353//2621
f 1255//179 1355//1207 102//195
f 98//165 106//149 1344//148
f 94//4391 111//206 1363//2612
f 94//4391 1363//2612 1341//2614
f 1352//2605 3770//201 572//215
f 83//129 1342//2606 89//196
f 82//126 77//134 1349//4146
f 2185//173 117//174 103//186
f 1353//2621 93//123 1347//151
f 114//192 2221//2618 96//189
f 79//168 92//152 1236//2617
f 79//168 1236//2617 3764//213
f 1255//179 81//163 1355//1207
f 92//152 2185//173 4224//1151
f 3768//131 1342//2606 83//129
f 3768//131 1348//2599 1342//2606
f 3494//167 3769//166 1351//2622
f 1350//160 1362//216 109//203
f 77//134 1339//2624 1349//4146
f 108//3465 1357//991 104//162
f 4031//177 1174//208 3489//175
f 3774//4211 650//1386 1845//3238
f 3789//3101 2901//2383 4091//1445
f 3775//4209 4093//1023 3787//1441
f 3796//4193 3031//3261 1721//1434
f 3780//1049 3792//4201 3026//4200
f 4088//1389 657//1397 3779//4195
f 3773//3009 2136//4196 2890//1444
f 2157//1400 1851//404 3018//348
f 660//1402 4088//1389 3019//2934
f 3272//1408 1847//361 645//1410
f 4089//1401 3017//3237 3009//1385
f 2948//1232 647//1144 2580//4194
f 3782//2260 2626//1430 3788//4456
f 3778//1422 1665//1047 3010//2406
f 654//3683 649//3686 3036//4204
f 473//2478 2896//1021 1743//3057
f 3779//4195 657//1397 670//1395
f 660//1402 3019//2934 656//1411
f 4089//1401 3795//4198 3017//3237
f 3773//3009 3778//1422 3010//2406
f 458//1013 666//1437 1731//4216
f 3788//4456 596//1306 3782//2260
f 3036//4204 671//3689 3041//4213
f 3036//4204 649//3686 671//3689
f 3789//3101 459//2384 2901//2383
f 3785//4205 1105//4210 3030//4188
f 3783//4457 2870//4127 3029//4203
f 2136//4196 3303//4459 648//1392
f 3777//4460 3785//4205 531//1175
f 1105//4210 3785//4205 668//1425
f 565//1414 3039//3595 651//1432
f 1665//1047 3780//1049 3026//4200
f 1716//4215 3303//4459 3032//3255
f 3773//3009 2890//1444 3778//1422
f 3784//4461 2898//4206 3789//3101
f 3777//4460 531//1175 662//1176
f 3789//3101 4091//1445 3784//4461
f 3012//3043 2870//4127 3783//4457
f 3774//4211 670//1395 650//1386
f 3024//3244 3776//1446 4090//1403
f 1105//4210 674//1442 661//1143
f 3782//2260 563//2259 3790//4191
f 3782//2260 3790//4191 1656//2536
f 3790//4191 3787//1441 1656//2536
f 3791//4197 3897//1166 4154//3258
f 4094//1393 3022//3243 1851//404
f 3025//2382 3786//2554 2887//1412
f 654//3683 3036//4204 3795//4198
f 3784//4461 4091//1445 4092//3669
f 3029//4203 596//1306 3788//4456
f 3029//4203 3788//4456 3783//4457
f 3793//4207 3897//1166 3791//4197
f 1716//4215 3022//3243 4094//1393
f 3784//4461 3793//4207 2898//4206
f 3784//4461 4092//3669 3793//4207
f 3795//4198 4089//1401 654//3683
f 3779//4195 670//1395 3774//4211
f 1731//4216 666//1437 658//1418
f 3793//4207 411//1167 3897//1166
f 3303//4459 2136//4196 3032//3255
f 3774//4211 3037//3242 3779//4195
f 3782//2260 1656//2536 2626//1430
f 2136//4196 648//1392 2890//1444
f 1684//3056 4093//1023 3797//4208
f 1684//3056 3797//4208 3040//2513
f 3787//1441 3790//4191 3775//4209
f 1851//404 2157//1400 675//1433
f 1721//1434 3031//3261 3792//4201
f 4154//3258 3897//1166 3295//937
f 473//2478 3295//937 3798//4383
f 1845//3238 650//1386 3009//1385
f 2892//2337 3042//4192 3796//4193
f 3775//4209 3797//4208 4093//1023
f 565//1414 3781//4199 3039//3595
f 3041//4213 671//3689 656//1411
f 2892//2337 3039//3595 3042//4192
f 3793//4207 4092//3669 411//1167
f 127//224 122//221 1741//235
f 121//4395 133//4378 1372//3133
f 4036//218 1383//2641 128//219
f 3368//233 1382//2635 3802//234
f 133//4378 131//263 4033//2653
f 145//255 1377//1227 4036//218
f 3801//238 1393//244 132//239
f 145//255 130//242 1377//1227
f 134//281 1395//2665 146//280
f 121//4395 1390//4462 4035//2667
f 138//262 4253//264 1378//2648
f 135//258 4034//2651 1375//259
f 1375//259 1370//2249 3368//233
f 121//4395 1372//3133 1390//4462
f 3802//234 515//2636 3367//232
f 3368//233 1370//2249 1382//2635
f 3800//250 1386//2663 3382//272
f 2192//2654 124//225 1384//2655
f 3316//236 1369//2647 123//266
f 3316//236 1741//235 1369//2647
f 1389//248 1374//229 126//228
f 121//4395 4035//2667 141//270
f 3805//268 143//245 1368//2638
f 128//219 1383//2641 3801//238
f 4253//264 123//266 1378//2648
f 2130//1590 1221//2498 4310//1591
f 731//1574 2154//3305 4102//1575
f 731//1574 742//1595 2154//3305
f 732//3723 3083//3338 2236//3301
f 732//3723 2236//3301 737//3721
f 1935//3319 733//1580 3097//3335
f 3816//4257 3807//4264 2600//2503
f 3816//4257 1237//4256 3807//4264
f 3816//4257 2600//2503 747//1605
f 1764//2545 3820//4249 3819//2239
f 3107//3327 524//867 3822//869
f 730//1571 3085//532 3082//531
f 4262//554 730//1571 3109//806
f 4262//554 3085//532 730//1571
f 4478//4254 3075//3308 4462//4265
f 737//3721 2236//3301 3812//3307
f 2560//3929 3090//3930 759//1596
f 4462//4265 3827//3585 612//956
f 3078//3304 754//3734 740//3724
f 3083//3338 734//1584 1621//1586
f 3083//3338 732//3723 734//1584
f 3109//806 730//1571 736//1573
f 2130//1590 741//2261 414//3142
f 3813//4262 524//867 3107//3327
f 1188//3584 3827//3585 3093//3339
f 3814//4253 3829//1602 3112//3315
f 3816//4257 747//1605 495//1608
f 3820//4249 4108//933 3081//3325
f 3821//2377 748//1609 1142//2376
f 3826//4250 1250//4266 743//3732
f 3082//531 1933//578 730//1571
f 3811//2532 3088//3312 3106//3331
f 2861//4113 2295//1588 4102//1575
f 2861//4113 763//1585 2295//1588
f 2608//4463 1250//4266 611//2489
f 3089//2361 3894//2360 404//4263
f 733//1580 3815//4251 3097//3335
f 3817//4464 3806//4259 3079//4258
f 3078//3304 740//3724 3812//3307
f 3811//2532 3269//1618 3823//4260
f 3811//2532 3823//4260 3088//3312
f 3511//4427 1142//2376 420//1331
f 3817//4464 3079//4258 3823//4260
f 4105//1626 3105//4261 3818//1084
f 4105//1626 3818//1084 4070//1083
f 404//4263 3828//4465 3098//3326
f 3811//2532 3736//1616 3269//1618
f 2608//4463 611//2489 755//1600
f 3807//4264 3828//4465 2600//2503
f 4077//2993 3815//4251 4107//1621
f 4077//2993 4107//1621 1605//1620
f 3825//3324 3806//4259 2238//960
f 1605//1620 3808//1592 4077//2993
f 3811//2532 3106//3331 3100//2533
f 2545//2410 389//2485 1725//3311
f 3809//1613 2908//3306 3358//1129
f 3090//3930 742//1595 759//1596
f 3109//806 736//1573 739//1577
f 3822//869 3821//2377 1919//615
f 414//3142 752//1622 3108//3143
f 3824//2240 3829//1602 761//1604
f 3813//4262 3816//4257 495//1608
f 3828//4465 3807//4264 3098//3326
f 3809//1613 1935//3319 2908//3306
f 3813//4262 495//1608 524//867
f 1250//4266 2608//4463 743//3732
f 389//2485 3810//2362 1725//3311
f 1188//3584 3081//3325 4064//932
f 3829//1602 3824//2240 3112//3315
f 2560//3929 754//3734 3078//3304
f 2560//3929 759//1596 754//3734
f 3817//4464 3823//4260 3269//1618
f 1652//294 1403//2512 1411//2689
f 3831//329 4451//3047 1415//330
f 3388//314 1398//306 156//2672
f 1398//306 2703//305 1413//2695
f 177//323 156//2672 2382//2693
f 3830//316 3397//318 1419//322
f 1421//320 170//2681 3390//321
f 152//2388 1417//2691 173//299
f 152//2388 1402//2387 1417//2691
f 162//334 1406//333 1402//2387
f 2195//2459 3313//337 163//2243
f 1421//320 169//3977 1117//2690
f 153//2242 167//1284 2195//2459
f 1415//330 1404//2323 168//328
f 166//295 1117//2690 169//3977
f 1652//294 1411//2689 166//295
f 2703//305 1397//301 1413//2695
f 3831//329 1407//336 4451//3047
f 176//291 1408//2311 1420//300
f 1414//287 159//343 158//2676
f 1404//2323 165//2324 168//328
f 3395//312 164//311 1419//322
f 174//289 493//1089 1397//301
f 178//286 149//285 151//331
f 1652//294 160//308 1403//2512
f 879//489 880//1852 594//1854
f 890//1872 235//467 875//985
f 3836//1858 222//895 230//894
f 890//1872 2161//486 232//484
f 890//1872 232//484 235//467
f 1434//2329 224//503 1149//2328
f 2224//505 895//1881 220//468
f 1434//2329 898//501 224//503
f 874//1863 2191//477 225//474
f 874//1863 225//474 4418//3933
f 873//4466 227//449 1448//1862
f 1431//1884 884//451 216//490
f 882//492 215//499 2721//493
f 892//1879 227//449 873//4466
f 528//1173 889//478 214//512
f 3838//482 2885//471 883//473
f 1448//1862 227//449 222//895
f 892//1879 4245//450 227//449
f 874//1863 4418//3933 594//1854
f 895//1881 3835//480 220//468
f 877//510 894//513 2719//511
f 875//985 235//467 2562//494
f 901//1905 292//669 910//1908
f 901//1905 290//684 292//669
f 1454//1890 283//1892 3844//683
f 3839//677 302//676 299//1920
f 906//678 300//675 3839//677
f 4160//663 4421//662 917//1919
f 3728//968 922//1911 907//1910
f 285//672 927//1904 4406//692
f 910//1908 292//669 914//665
f 909//1924 289//635 2926//626
f 3841//622 905//1925 304//623
f 918//1918 3841//622 284//621
f 1466//682 3415//632 1483//634
f 921//656 4422//689 282//654
f 909//1924 928//655 289//635
f 1591//1899 929//1898 2061//619
f 927//1904 290//684 901//1905
f 1467//1907 4268//3351 923//1931
f 915//1891 299//1920 283//1892
f 905//1925 3840//681 304//623
f 1591//1899 3718//2942 4422//689
f 913//648 297//1932 1265//646
f 1467//1907 3845//1901 4268//3351
f 917//1919 4421//662 4406//692
f 1484//1893 3843//631 919//630
f 472//1005 1685//729 307//706
f 2596//702 1000//2068 317//2442
f 2577//2065 309//711 1661//723
f 1720//699 323//714 1230//802
f 2596//702 313//701 608//721
f 1000//2068 1668//2069 317//2442
f 319//3607 1668//2069 506//2067
f 506//2067 3554//726 306//725
f 2577//2065 321//712 309//711
f 1079//770 1077//2195 325//761
f 1079//770 325//761 332//769
f 3846//762 329//739 328//741
f 337//756 1489//2197 342//765
f 1081//2200 330//766 3951//2204
f 1081//2200 338//757 330//766
f 617//2207 1075//736 327//735
f 1078//2199 3847//751 339//750
f 1078//2199 339//750 340//763
f 1077//2195 409//752 325//761
f 403//755 335//754 3847//751
f 1492//2785 2776//2782 4393//4030
f 1493//2231 4392//2230 2766//2786
f 1513//2832 4376//4154 3858//2831
f 3849//2822 2158//2997 1514//2780
f 1492//2785 4393//4030 1504//4031
f 1729//2769 3568//4334 4007//2770
f 1501//4428 3568//4334 2564//3899
f 487//4336 2784//2006 1538//2044
f 1503//4337 2790//4032 1512//2798
f 1503//4337 2855//2817 2790//4032
f 1502//2820 2775//4045 4397//2810
f 3218//2787 2766//2786 2778//4033
f 1511//2834 2552//2835 2792//4052
f 1539//4351 1524//4043 2773//2043
f 3546//2246 1108//3080 544//1191
f 4206//2837 4395//4039 487//4336
f 4206//2837 1527//2773 4395//4039
f 1502//2820 2792//4052 2775//4045
f 1513//2832 1507//4342 1213//2429
f 1532//2823 4396//3110 3851//2805
f 1517//2813 3214//2827 2786//4038
f 1497//2771 3857//1237 3854//1998
f 1525//2789 1508//2791 4394//3900
f 1514//2780 2158//2997 3853//2781
f 3853//2781 2158//2997 1284//2534
f 1505//2784 4208//4335 2776//2782
f 1108//3080 3856//3008 3348//1194
f 1525//2789 4394//3900 3903//2333
f 3214//2827 1494//2826 2786//4038
f 1757//1239 1510//2799 2785//4040
f 1531//2796 1512//2798 2552//2835
f 1511//2834 2792//4052 1502//2820
f 3218//2787 2778//4033 4208//4335
f 4208//4335 2778//4033 2781//2023
f 1532//2823 1525//2789 4396//3110
f 1530//2829 1213//2429 1507//4342
f 1525//2789 3903//2333 4396//3110
f 2855//2817 1503//4337 1518//2815
f 3863//2858 4401//4074 1546//2856
f 4217//2916 2819//4076 3975//2917
f 1550//2910 2837//2141 2840//2929
f 1547//2844 3975//2917 2819//4076
f 1582//2926 3870//1078 1578//2920
f 4217//2916 1070//2194 2819//4076
f 3871//4388 3892//2338 4479//4116
f 1575//2896 3872//2879 4400//4095
f 394//4467 2816//4077 1565//2927
f 394//4467 1548//4078 2816//4077
f 1555//1038 1567//1037 2829//4089
f 3709//900 2149//4387 4479//4116
f 3872//2879 3312//2878 4400//4095
f 1552//2880 1572//2882 4399//4067
f 1552//2880 4399//4067 3312//2878
f 1546//2856 4401//4074 1576//2898
f 3871//4388 4479//4116 2149//4387
f 3266//2863 3859//2870 2821//2864
f 1726//2508 2840//2929 3867//2170
f 1556//2875 3860//2876 2842//2542
f 1553//2847 2814//2928 1541//2845
f 1569//2907 3876//2495 4151//2496
f 3258//2550 3285//2497 3876//2495
f 1564//4372 1543//2848 4220//4093
f 4078//4307 1590//1128 1686//3059
f 4078//4307 1686//3059 2752//2963
f 581//3620 1244//2472 4114//3279
f 3411//691 2735//1276 2891//3027
f 1169//2988 1622//2987 2133//1813
f 2167//3804 1273//2519 3124//4289
f 1208//1328 2151//2520 2541//3606
f 3877//3446 3960//3040 1982//3402
f 2145//4139 3986//893 3735//4112
f 2145//4139 3735//4112 3308//470
f 2963//1263 2537//2980 2066//3587
f 1679//2413 3072//3031 4069//3030
f 3320//2214 683//1484 700//1504
f 3569//3082 4368//1210 3446//4120
f 2381//2679 3127//4274 4372//4288
f 3459//1206 2655//1203 3461//3064
f 466//1633 3506//919 1822//918
f 1204//2348 3360//1781 830//1780
f 2587//2252 3499//90 2551//1269
f 1158//3344 2923//3135 1122//1339
f 2795//2040 4015//3007 1167//3006
f 1652//294 172//296 1805//3215
f 3315//1696 2594//2546 4403//3911
f 520//3372 4122//3367 1947//3371
f 3756//1347 2615//2931 2528//1345
f 3885//3640 3197//4322 3187//4321
f 183//365 1865//2213 2909//363
f 3418//624 1703//3996 3423//666
f 1676//688 4422//689 3718//2942
f 3887//2255 1282//1065 2313//1064
f 2204//1136 253//567 250//561
f 1223//3071 3153//4132 3154//4298
f 421//1988 4132//4029 966//2028
f 1571//2893 2631//2272 505//2924
f 1887//1754 1131//2474 3983//2473
f 2118//3563 2124//2964 2925//1116
f 1299//3037 1779//3161 4098//2949
f 82//126 1349//4146 78//127
f 2627//3918 2991//983 4447//3666
f 2627//3918 4447//3666 3329//4157
f 225//474 1198//476 4418//3933
f 2423//393 2148//3582 187//391
f 2390//2680 2384//2684 170//2681
f 2953//3650 2973//2456 2982//3693
f 2549//1672 776//1674 621//3222
f 2549//1672 621//3222 2697//3235
f 2351//2646 4349//3758 619//4229
f 1598//1138 3286//3957 3371//4454
f 2195//2459 167//1284 2376//1243
f 2814//2928 4145//2123 2820//4072
f 1711//3087 540//3011 301//680
f 1711//3087 3714//3088 540//3011
f 3421//659 3306//4128 2724//3369
f 3421//659 2724//3369 1133//657
f 3987//1063 762//868 524//867
f 2972//1118 2939//979 442//978
f 3547//3236 3722//1660 1643//1685
f 476//1056 1996//2482 2001//1057
f 2937//508 418//1878 237//506
f 2871//899 405//898 3731//2538
f 589//3452 3732//4353 2922//3453
f 1758//3074 2174//917 3927//920
f 3697//767 1738//2991 3343//3105
f 3697//767 3448//4149 1738//2991
f 2963//1263 2066//3587 2570//2455
f 182//381 2873//364 1624//3247
f 2954//3647 3501//2319 2878//3648
f 408//901 1629//2396 3282//2999
f 1095//2479 4049//3053 2150//3052
f 206//356 212//383 1859//382
f 3892//2338 3871//4388 4323//4082
f 4168//1150 3301//2215 3589//1148
f 806//1764 1884//3286 3934//1765
f 3122//4468 3124//4289 1273//2519
f 3166//4302 3440//994 2951//4024
f 263//566 550//573 1914//3333
f 4022//3895 294//651 1264//2504
f 574//1267 3150//3922 3355//1218
f 3757//2499 2309//1581 3562//780
f 4115//3270 1259//3294 2709//3990
f 3986//893 2145//4139 3833//479
f 1594//1140 1299//3037 4098//2949
f 1594//1140 2578//1040 1299//3037
f 1341//2614 2325//2613 1253//992
f 1750//2486 478//1066 4028//107
f 1750//2486 4028//107 529//2487
f 2797//2009 2774//2039 960//2010
f 3909//4160 3880//3592 2615//2931
f 2807//4061 2550//3637 2198//3636
f 2996//3667 3537//2469 2930//4156
f 3356//3581 4125//3580 4379//3564
f 3048//4220 4002//2941 619//4229
f 3048//4220 619//4229 4349//3758
f 1104//1158 809//1157 3362//4136
f 2877//1249 3985//1248 1126//2271
f 1995//3447 2227//4422 3969//3436
f 590//4311 3179//4309 4084//2294
f 4084//2294 1671//2952 590//4311
f 2583//3999 2572//3668 2741//3998
f 3998//2399 344//2370 3166//4302
f 426//938 2872//2944 2584//4429
f 2290//2593 2961//4168 2172//4172
f 608//721 1000//2068 2596//702
f 608//721 2125//2064 1000//2068
f 1321//2575 3761//2467 1338//2573
f 716//1477 1769//1476 593//1300
f 1771//4434 688//1527 1800//1526
f 709//1534 3923//4438 2660//3157
f 694//1009 350//794 2160//796
f 713//1492 702//3176 1780//3175
f 713//1492 1780//3175 687//1468
f 685//1461 1770//3170 3920//1462
f 707//1523 1795//1530 1787//3967
f 695//1453 3910//1450 690//1449
f 707//1523 1787//3967 692//1524
f 685//1461 3578//1499 1770//3170
f 702//3176 1771//4434 1785//3174
f 699//1501 696//1502 1794//3108
f 683//1484 699//1501 1790//3178
f 2189//1478 3753//3627 681//1532
f 3920//1462 1770//3170 1774//1488
f 708//1516 1777//1518 3922//1528
f 3708//1519 693//1510 3548//3183
f 701//1500 1798//3167 698//1496
f 693//1510 1768//1509 1778//3168
f 1107//2438 454//1474 691//980
f 3917//1505 683//1484 1790//3178
f 3919//1452 710//1521 3557//3600
f 693//1510 1778//3168 3548//3183
f 716//1477 593//1300 703//3185
f 681//1532 3753//3627 3557//3600
f 703//3185 1783//3171 689//3172
f 698//1496 1798//3167 1781//1494
f 3708//1519 3548//3183 1727//1471
f 3708//1519 1727//1471 2561//1473
f 503//1664 799//1663 1614//3076
f 783//1653 772//1652 361//4430
f 3547//3236 1643//1685 1819//1684
f 1819//1684 492//1188 1281//3226
f 794//1713 774//1630 1140//1632
f 794//1713 1140//1632 2579//3232
f 791//1657 1815//1656 1832//2502
f 790//1667 1804//2544 558//1666
f 779//1675 780//1661 1140//1632
f 503//1664 1614//3076 1099//3075
f 3610//1682 767//1638 1821//3211
f 452//981 1814//3212 799//1663
f 785//1700 3610//1682 1821//3211
f 772//1652 764//1695 361//4430
f 503//1664 1099//3075 765//1683
f 4330//1714 784//1686 2199//1688
f 558//1666 1827//3203 1829//1187
f 788//1637 1828//1646 1809//1635
f 438//850 4345//1718 512//851
f 1814//3212 452//981 771//1697
f 4345//1718 3929//1717 512//851
f 790//1667 768//1715 1291//2530
f 792//1709 2565//3225 798//1710
f 764//1695 4330//1714 361//4430
f 798//1710 2565//3225 1839//3234
f 558//1666 1829//1187 615//1186
f 798//1710 1839//3234 789//1701
f 4340//1062 3928//1649 1838//3230
f 800//1720 775//1719 1818//3210
f 837//1730 1883//3290 821//1755
f 3625//820 368//819 1882//1756
f 827//1763 1899//3271 836//3920
f 827//1763 1880//3269 1899//3271
f 807//1784 1881//3295 1897//1782
f 3930//1772 1903//1722 1879//3266
f 3930//1772 1879//3266 818//1770
f 812//1751 3931//1727 1906//1773
f 808//952 836//3920 1899//3271
f 834//1759 1182//3284 3322//2446
f 808//952 1890//2217 820//1159
f 819//1750 1901//1752 1907//1769
f 831//1732 1678//3280 817//1748
f 807//1784 3935//1777 1881//3295
f 821//1755 1883//3290 1763//1069
f 3933//1745 811//1771 1885//3277
f 825//1739 1608//1738 813//4443
f 1085//1731 820//1159 1890//2217
f 818//1770 1894//3278 811//1771
f 816//1747 817//1748 1678//3280
f 827//1763 1895//3283 1900//3293
f 827//1763 1900//3293 1880//3269
f 1893//1724 3627//1723 1907//1769
f 808//952 1899//3271 1890//2217
f 3933//1745 1885//3277 815//1744
f 1891//1734 814//1070 1763//1069
f 1895//3283 827//1763 3934//1765
f 3622//1735 1891//1734 1905//1778
f 806//1764 3322//2446 1884//3286
f 838//1788 1948//1790 3936//3346
f 431//833 867//832 1945//3350
f 431//833 1945//3350 1941//3349
f 3939//1816 1947//3371 868//1825
f 844//4447 1946//3360 864//1839
f 862//1822 1945//3350 867//832
f 542//3514 3942//1353 856//1803
f 848//1786 861//1833 1952//3365
f 848//1786 1952//3365 3940//1787
f 849//1834 1970//1849 3711//1835
f 3642//1844 1959//1843 860//1789
f 4417//3677 1130//1801 1964//3355
f 4417//3677 1964//3355 1946//3360
f 3651//1826 1972//1831 1965//1827
f 3645//1797 1960//3380 1950//1815
f 841//1842 1942//1812 1959//1843
f 844//4447 4417//3677 1946//3360
f 840//1795 1939//1808 3937//1796
f 857//1841 1966//3358 863//1805
f 3645//1797 3937//1796 1960//3380
f 868//1825 4122//3367 4459//1823
f 449//3019 491//1086 866//1088
f 3941//2278 354//831 3943//3379
f 861//1833 3711//1835 1952//3365
f 3648//1818 1973//1817 858//1845
f 1943//1798 850//1829 1971//3363
f 3121//1794 1963//1793 4120//1836
f 431//833 1968//3003 3943//3379
f 431//833 1941//3349 1968//3003
f 857//1841 1761//3139 1966//3358
f 863//1805 1966//3358 1150//1830
f 3943//3379 354//831 431//833
f 2186//2719 871//1888 891//1880
f 3944//1865 1145//1873 890//1872
f 1429//2712 561//1236 886//495
f 1449//2706 2092//1866 892//1879
f 1441//2705 873//4466 1432//2722
f 513//2718 883//473 1436//1883
f 1429//2712 1442//1851 561//1236
f 2067//2720 891//1880 1442//1851
f 2068//3523 871//1888 2186//2719
f 2079//2729 215//499 882//492
f 2087//2725 1448//1862 3836//1858
f 1427//1867 1429//2712 886//495
f 1440//2709 888//1864 885//1870
f 2186//2719 1447//2728 2068//3523
f 1425//1882 874//1863 1178//1853
f 1428//1874 1440//2709 885//1870
f 1443//2714 871//1888 2068//3523
f 1443//2714 870//1875 871//1888
f 1178//1853 880//1852 1444//1855
f 3944//1865 888//1864 1440//2709
f 1446//1886 1428//1874 869//1871
f 1441//2705 892//1879 873//4466
f 1439//2703 894//513 877//510
f 1439//2703 877//510 2075//1885
f 1432//2722 873//4466 1448//1862
f 1473//2757 4405//1903 1476//1902
f 1457//1927 1480//1896 921//656
f 1473//2757 1486//1912 4405//1903
f 1480//1896 1470//2737 903//1897
f 1452//1916 1477//1934 908//652
f 1453//1917 1450//1922 918//1918
f 1458//2739 1478//2306 899//2307
f 1465//2758 928//655 909//1924
f 1474//1909 910//1908 1481//1915
f 1463//2742 1484//1893 919//630
f 462//1075 3947//664 902//644
f 1463//2742 919//630 904//1900
f 1465//2758 909//1924 456//1011
f 1467//1907 297//1932 4056//2735
f 2113//2741 907//1910 1486//1912
f 1471//2751 915//1891 1454//1890
f 1459//2744 920//1928 3555//1914
f 1470//2737 929//1898 903//1897
f 4058//2749 1485//1923 1450//1922
f 1458//2739 899//2307 3840//681
f 1477//1934 913//648 3342//647
f 3946//1913 927//1904 3945//1906
f 1199//1117 1125//1114 1467//1907
f 1461//2756 1476//1902 3712//1921
f 3948//2968 514//801 3949//1006
f 1704//2202 3950//2481 1078//2199
f 1081//2200 3951//2204 1488//2974
f 1074//2196 3952//2206 4227//4153
f 1074//2196 4227//4153 1765//2767
f 3950//2481 1076//2198 1078//2199
f 1974//3086 3955//3085 3199//4329
f 1979//3391 3953//3390 4426//4330
f 1974//3086 3199//4329 3959//3397
f 1983//3443 3206//4338 3963//3442
f 1983//3443 4436//4344 3206//4338
f 1091//3400 3220//3952 3969//3436
f 1714//58 4427//3382 3957//3396
f 1998//3425 1977//4469 3209//2838
f 1091//3400 2002//3399 2132//2824
f 1091//3400 2132//2824 3220//3952
f 1989//4470 2011//4423 3214//2827
f 4298//3065 3210//3422 1976//3435
f 3877//3446 2003//3430 4435//3429
f 3963//3442 4428//4332 1990//2450
f 2009//112 1749//4339 1103//2462
f 1976//3435 1295//2945 2007//3384
f 1993//3423 2015//3409 4431//4341
f 3966//2268 4430//2270 3210//3422
f 1993//3423 4433//4343 1156//3025
f 3737//1297 1111//1296 3455//81
f 1999//3427 4432//2269 3966//2268
f 1988//1107 1987//3437 539//4471
f 2007//3384 1295//2945 2010//3385
f 3964//3404 4429//4340 1642//1333
f 1983//3443 1995//3447 4436//4344
f 2140//3433 1653//3432 1984//3431
f 2011//4423 1991//3426 4425//2825
f 1987//3437 4229//3407 539//4471
f 2011//4423 4425//2825 3214//2827
f 1214//1335 3349//122 1642//1333
f 4434//3439 4437//4345 1627//3415
f 2009//112 3961//3408 1749//4339
f 1627//3415 2132//2824 2002//3399
f 1156//3025 4433//4343 1164//3419
f 1997//1106 501//1105 4434//3439
f 1990//2450 2927//4352 3968//3445
f 1991//3426 1998//3425 3211//2802
f 3964//3404 3967//3405 4429//4340
f 4229//3407 2000//3406 3227//2291
f 1993//3423 4431//4341 4433//4343
f 3970//3448 3230//2843 4317//3449
f 3732//4353 3522//4363 2922//3453
f 3972//3480 2606//3504 575//3479
f 575//3479 2606//3504 2027//945
f 4475//3463 3978//3490 4439//4356
f 2019//3454 3229//3455 4440//2392
f 4475//3463 4439//4356 3238//2908
f 4442//3498 374//1170 1193//1169
f 3976//3472 2054//3450 4445//3658
f 2589//3467 2900//3499 2194//3500
f 2054//3450 2049//3451 3259//1279
f 3976//3472 3248//4367 2595//3502
f 2032//3491 2018//3477 3730//4369
f 3971//3122 3244//1030 2049//3451
f 2024//3486 4444//922 3977//921
f 2051//188 3980//2849 4441//3475
f 2018//3477 2040//3476 1649//4357
f 2025//3483 588//3501 3260//2918
f 2025//3483 3260//2918 3975//2917
f 2056//3495 4446//3496 2194//3500
f 589//3452 3243//3488 3732//4353
f 2037//3468 3239//2895 4061//3503
f 2044//877 2035//876 4443//4364
f 745//1583 3562//780 2309//1581
f 762//868 3821//2377 3822//869
f 3292//4379 4480//959 3592//4432
f 3776//1446 3020//3240 3781//4199
f 3705//3794 1399//1190 1412//2331
f 3719//880 3912//879 680//1439
f 1705//902 1279//3984 1118//903
f 1765//2767 4227//4153 4080//2765
f 2021//3462 3550//145 85//135
f 1219//3944 2077//2710 3747//1165
f 1432//2722 2078//3537 1610//2723
f 893//1861 584//440 223//443
f 3664//989 198//409 192//375
f 3664//989 192//375 445//987
f 1667//1051 3223//3676 1207//873
f 4049//3053 1095//2479 1247//2173
f 4049//3053 1247//2173 2485//3068
f 2929//4179 3006//4108 1718//4107
f 2889//3678 4389//993 2886//3601
f 585//3906 4005//3903 3913//4440
f 261//600 2640//608 1929//3336
f 261//600 1929//3336 1924//601
f 1189//2411 843//1804 4416//1806
f 2533//2381 2402//1059 2418//3583
f 588//3501 2025//3483 3475//128
f 1683//2297 538//999 2931//1001
f 2205//3642 3990//2800 4207//2389
f 2646//2956 3982//2955 1106//3022
f 1130//1801 3941//2278 1944//3353
f 381//835 3190//4328 3198//2490
f 924//658 1133//657 916//638
f 3677//709 3430//4299 1694//4412
f 2100//3567 2112//3569 4055//2763
f 2100//3567 4055//2763 1242//3901
f 3990//2800 2638//3942 1498//2303
f 698//1496 549//1493 3331//2995
f 3637//4445 3127//4274 4354//3098
f 626//3932 2609//2463 1518//2815
f 3550//145 2041//926 113//207
f 2263//3639 653//1421 3909//4160
f 2563//2959 416//1303 1604//2957
f 1196//2253 1380//2650 1387//256
f 4109//2983 4110//3192 2134//2984
f 4114//3279 607//3044 1678//3280
f 625//1355 945//1948 3510//3083
f 474//1326 2356//1325 3914//3117
f 635//1350 3727//1349 2934//1379
f 3330//3151 2241//4047 2182//3079
f 1699//1154 3942//1353 2933//3128
f 3906//2608 2335//1055 1179//2616
f 1267//2506 118//182 117//174
f 2218//1156 2630//3364 449//3019
f 3310//4133 2879//4129 3902//4418
f 1601//3613 3559//2424 1701//2470
f 1730//1097 1096//377 1876//1098
f 3102//3322 3346//4252 1301//1130
f 3190//4328 381//835 3192//837
f 3666//1989 4361//3821 4359//3822
f 1115//534 3734//548 3076//3300
f 468//1027 474//1326 2354//1028
f 1644//1327 4189//3787 1208//1328
f 1235//825 2208//827 2610//1072
f 1693//3646 1322//2590 2289//3719
f 4328//4130 3444//3672 3442//3674
f 3293//4382 527//1220 3916//2548
f 3834//984 237//506 418//1878
f 3070//950 2348//3763 3074//4241
f 269//581 1930//580 1917//597
f 3416//690 3273//2505 295//618
f 2991//983 447//990 4447//3666
f 3403//465 3532//4403 4087//2523
f 2359//3141 4033//2653 1592//2652
f 1726//2508 3242//2905 3526//3049
f 395//1783 801//1779 455//1181
f 859//1799 4268//3351 1953//3366
f 1639//3943 397//3799 4355//4276
f 4010//3130 3294//3939 1138//3131
f 1746//4148 4356//3115 3649//844
f 430//4117 1093//1413 3523//3631
f 722//1552 4260//1562 2465//1553
f 2408//3824 2422//3818 4044//3825
f 3511//4427 420//1331 4104//1330
f 1286//599 255//558 1127//560
f 2686//3919 1827//3203 165//2324
f 1819//1684 1807//3982 3547//3236
f 2967//3718 2972//1118 2959//4167
f 4011//609 3498//574 2137//3864
f 998//2063 551//907 3948//2968
f 4017//2019 966//2028 986//1994
f 3024//3244 4090//1403 659//1440
f 957//1975 3314//3812 4161//1026
f 1307//2563 1310//2570 4470//3691
f 2387//3802 2652//846 1197//3045
f 3463//61 3324//43 3726//101
f 501//1105 3208//3594 4434//3439
f 3229//3455 84//143 3479//138
f 2402//1059 2411//2380 3564//370
f 495//1608 1146//1607 3987//1063
f 2584//4429 3176//4316 3185//2227
f 4412//358 3030//4188 1865//2213
f 866//1088 1712//843 1292//1791
f 4017//2019 986//1994 3670//1046
f 3299//3494 2048//4472 4079//3493
f 37//34 3454//36 1710//3084
f 2770//1977 4448//1976 560//1316
f 298//695 3305//694 285//672
f 2250//2484 3746//3680 4284//4473
f 1629//2396 1118//903 1129//2395
f 1629//2396 408//901 1118//903
f 552//1217 3154//4298 3153//4132
f 2374//2341 4025//2286 4331//1090
f 453//1321 511//3675 3283//1177
f 3586//1262 549//1493 2950//1454
f 2632//818 4243//1080 2643//2287
f 2477//2477 2162//587 1611//602
f 384//2358 4135//2357 1213//2429
f 2569//3605 540//3011 3714//3088
f 2569//3605 4009//686 540//3011
f 532//1278 2728//1277 4455//3039
f 617//2207 1080//2203 1490//2766
f 2166//4453 4085//3770 3074//4241
f 813//4443 2127//441 2713//463
f 652//1391 3778//1422 2890//1444
f 1590//1128 4078//4307 4156//1126
f 4022//3895 3305//694 3364//3026
f 3341//4381 4165//1252 547//1251
f 3341//4381 1147//4433 4165//1252
f 2391//3789 3900//4268 3126//4290
f 603//4347 4430//2270 4432//2269
f 3751//3066 3356//3581 3294//3939
f 612//956 2919//1085 4478//4254
f 529//2487 4065//2578 1249//2325
f 2281//2571 1637//3714 1312//99
f 1311//2591 573//1255 1319//1257
f 1320//786 2274//3694 1336//787
f 1634//2561 26//96 1293//3692
f 1314//2595 2277//3713 1328//4458
f 1315//2589 2275//2588 2280//4166
f 1327//2582 613//1317 386//3705
f 1318//104 1329//71 2276//3696
f 1332//2594 1327//2582 2282//3700
f 2290//2593 2172//4172 1338//2573
f 1334//2568 2286//3709 2284//2569
f 1311//2591 1337//2580 2179//3626
f 26//96 1307//2563 1293//3692
f 1310//2570 1315//2589 2280//4166
f 1328//4458 613//1317 1331//2583
f 1328//4458 4029//3711 613//1317
f 1320//786 1335//2577 2271//3695
f 1321//2575 4027//2574 2291//2579
f 1333//121 1336//787 2289//3719
f 1328//4458 2277//3713 4029//3711
f 1310//2570 2288//4173 4470//3691
f 1335//2577 4026//2567 2271//3695
f 1338//2573 2172//4172 2273//2576
f 1312//99 1637//3714 366//2592
f 434//40 2283//3698 2275//2588
f 1354//176 2320//3615 4031//177
f 1354//176 1351//2622 2320//3615
f 1346//930 2314//1197 4471//1196
f 1346//930 1361//2609 2314//1197
f 1341//2614 1253//992 1357//991
f 2317//1113 2333//3749 1339//2624
f 104//162 2999//3750 1356//157
f 2917//2409 2129//2386 1347//151
f 104//162 2332//2623 2999//3750
f 1350//160 2324//2625 1362//216
f 1612//2558 1352//2605 4158//3742
f 1345//2615 2321//3736 1361//2609
f 1340//2596 78//127 1349//4146
f 3769//166 2328//2611 3563//2627
f 89//196 2318//2607 1366//2598
f 1177//1152 3772//217 2131//1208
f 1349//4146 1339//2624 2315//2312
f 1352//2605 572//215 4158//3742
f 3906//2608 1179//2616 1236//2617
f 1342//2606 1359//2222 2318//2607
f 1339//2624 2333//3749 2315//2312
f 1343//2602 2337//2631 2322//2603
f 1367//136 2331//3748 1348//2599
f 1368//2638 1373//2640 3043//4236
f 1368//2638 3043//4236 2341//3781
f 1394//2637 2350//3780 1376//249
f 1396//2649 122//221 2361//2661
f 1373//2640 1383//2641 557//1226
f 1376//249 2350//3780 2344//2645
f 1390//4462 2357//3776 4035//2667
f 4034//2651 2363//3767 1375//259
f 2343//2666 1388//2643 461//227
f 146//280 1395//2665 2358//2668
f 1386//2663 2344//2645 2347//2664
f 1373//2640 557//1226 3043//4236
f 4036//218 557//1226 1383//2641
f 4036//218 1377//1227 557//1226
f 1395//2665 2347//2664 2358//2668
f 1397//301 4463//3788 1413//2695
f 1397//301 2369//3785 4463//3788
f 147//282 2388//1242 1405//1241
f 2370//2694 1211//1189 3739//3805
f 1409//326 1420//300 397//3799
f 1397//301 493//1089 4040//2379
f 1405//1241 2376//1243 485//340
f 2392//2687 4451//3047 1407//336
f 156//2672 2378//2674 2382//2693
f 149//285 497//1091 1416//2685
f 393//2670 2394//3811 1269//2511
f 2386//2686 1415//330 2389//3046
f 149//285 2383//1092 497//1091
f 2384//2684 2373//4275 2381//2679
f 4038//2692 1599//1198 1422//2696
f 1421//320 4082//3149 2390//2680
f 1413//2695 4463//3788 4037//2673
f 1420//300 1408//2311 397//3799
f 1162//1185 2404//360 184//362
f 2429//436 206//356 2430//355
f 211//433 2426//3813 3915//3829
f 2123//431 200//430 1722//4474
f 2400//415 2407//403 199//405
f 2231//350 2426//3813 211//433
f 2400//415 201//414 1154//418
f 2409//4448 189//408 2187//3250
f 2409//4448 196//406 189//408
f 2413//3814 188//378 486//380
f 4360//429 204//428 2420//3823
f 2187//3250 209//420 2232//422
f 2420//3823 204//428 3669//2036
f 2427//3125 592//3124 4258//353
f 2422//3818 527//1220 4044//3825
f 2427//3125 193//411 2416//410
f 2427//3125 4258//353 193//411
f 4259//373 203//407 2415//2528
f 2401//966 2430//355 179//354
f 2429//436 955//1987 212//383
f 185//416 3669//2036 208//3264
f 3661//1986 182//381 212//383
f 1722//4474 200//430 2424//390
f 2413//3814 1586//389 188//378
f 2413//3814 2424//390 1586//389
f 2425//434 2423//393 195//392
f 2419//398 1858//357 2431//359
f 2415//2528 203//407 196//406
f 3669//2036 204//428 208//3264
f 2403//3827 4044//3825 3293//4382
f 2072//3546 1427//1867 2092//1866
f 2078//3537 1432//2722 2091//4475
f 2093//2220 1149//2328 599//2391
f 2087//2725 2091//4475 1448//1862
f 2079//2729 882//492 2083//1259
f 570//2715 1445//459 884//451
f 2090//3534 1449//2706 2081//2704
f 2085//3540 1431//1884 872//1850
f 2085//3540 872//1850 1148//1876
f 1437//2699 4047//3904 3508//3140
f 3893//2717 1430//2708 1145//1873
f 2084//3548 1428//1874 2074//2707
f 2074//2707 1428//1874 1446//1886
f 2084//3548 2077//2710 1428//1874
f 2446//3533 1449//2706 2090//3534
f 2446//3533 2092//1866 1449//2706
f 2094//2713 1429//2712 1427//1867
f 2091//4475 1432//2722 1448//1862
f 2476//3851 1611//602 271//576
f 3694//2145 256//3321 2497//3856
f 2209//2184 269//581 2490//598
f 1127//560 275//559 2478//2276
f 2479//583 279//571 2474//543
f 1127//560 2168//2277 4053//2327
f 2496//612 1666//590 240//518
f 4051//3862 265//589 1666//590
f 1092//2447 1087//3861 2486//606
f 2481//3854 270//613 2175//596
f 257//556 249//555 2489//3858
f 4265//603 2485//3068 260//523
f 2494//3865 272//572 257//556
f 2169//909 2499//911 2482//4452
f 3682//2177 3085//532 4477//553
f 3682//2177 247//530 3085//532
f 2492//593 273//592 251//3334
f 239//579 270//613 2481//3854
f 2476//3851 271//576 2484//575
f 2497//3856 256//3321 1932//3310
f 2494//3865 2138//3106 272//572
f 4225//2435 2475//3623 1689//3853
f 2497//3856 1932//3310 4051//3862
f 1087//3861 1923//3323 1908//607
f 1087//3861 1908//607 2486//606
f 2138//3106 245//552 272//572
f 4051//3862 1932//3310 265//589
f 2473//2135 251//3334 280//610
f 2106//1120 1456//2736 2116//2738
f 1464//2364 1459//2744 2110//2365
f 2506//3557 1486//1912 1473//2757
f 1242//3901 1224//2748 4058//2749
f 1242//3901 4058//2749 2100//3567
f 2116//2738 1480//1896 2104//1033
f 2117//3559 1462//1926 2113//2741
f 2515//3558 1461//2756 2112//3569
f 534//1074 2109//2747 1474//1909
f 2098//3575 1477//1934 1452//1916
f 451//2730 1462//1926 2117//3559
f 4055//2763 4057//2762 2107//3553
f 2515//3558 1473//2757 1461//2756
f 2098//3575 1452//1916 4127//3571
f 2101//2734 1477//1934 2519//3566
f 2099//3552 1468//2745 1224//2748
f 2568//2764 1472//2760 2096//3576
f 4057//2762 1471//2751 2119//2752
f 2119//2752 2535//2733 2108//2732
f 2120//1034 2104//1033 1457//1927
f 2102//3556 1450//1922 4016//2731
f 2114//2759 456//1011 1464//2364
f 2109//2747 2096//3576 1455//2746
f 4057//2762 3712//1921 1471//2751
f 2121//3551 1460//1929 1468//2745
f 2121//3551 1451//1930 1460//1929
f 2096//3576 1472//2760 1455//2746
f 2118//3563 1199//1117 1467//1907
f 2120//1034 1457//1927 1465//2758
f 3726//101 3324//43 2013//2483
f 3315//1696 4403//3911 2237//1659
f 1122//1339 2923//3135 3896//1337
f 249//555 4263//557 446//594
f 2406//3820 1294//1222 3904//1221
f 2406//3820 2546//2547 1294//1222
f 150//288 2686//3919 165//2324
f 3445//4416 2951//4024 3440//994
f 1238//2321 1314//2595 64//1100
f 4062//4105 3194//4324 3884//4138
f 3295//937 3897//1166 664//1435
f 3842//687 918//1918 284//621
f 3796//4193 1721//1434 2892//2337
f 2203//1008 583//3593 3520//875
f 1603//1182 455//1181 1762//2560
f 439//4071 390//3945 375//4092
f 439//4071 1641//777 390//3945
f 3073//4245 2347//2664 3065//3779
f 3073//4245 2358//2668 2347//2664
f 3483//975 3488//4426 4325//977
f 3483//975 4325//977 2536//824
f 2190//804 3570//2440 3371//4454
f 413//1364 643//1363 3742//1369
f 3517//1183 3344//1184 3566//4137
f 4021//1014 1841//1233 3023//1015
f 3535//2619 1185//1054 2917//2409
f 283//1892 299//1920 1711//3087
f 3820//4249 1764//2545 4108//933
f 1208//1328 2380//1124 2379//1329
f 3509//3137 3740//4212 1620//2948
f 3242//2905 4216//2888 3526//3049
f 4064//932 612//956 3827//3585
f 796//1704 1835//1678 1815//1656
f 2807//4061 2810//4057 3891//829
f 2167//3804 3124//4289 517//3146
f 3556//1112 391//858 4148//860
f 3556//1112 3253//4359 391//858
f 1168//2378 4331//1090 4025//2286
f 3123//848 4072//3925 1674//845
f 465//1887 4419//483 3838//482
f 465//1887 1149//2328 4419//483
f 509//3888 1209//1121 4320//1275
f 1153//2345 1761//3139 1962//2346
f 2116//2738 1748//1035 2106//1120
f 3583//1119 2971//3073 2959//4167
f 2563//2959 390//3945 1638//779
f 713//1492 3581//1470 2969//4171
f 949//1382 951//1952 359//21
f 4119//1132 1966//3358 1153//2345
f 2860//1225 362//3077 2165//1272
f 2425//434 3311//3054 2423//393
f 2614//673 3305//694 4022//3895
f 207//425 1877//4190 1742//3618
f 2826//4083 3709//900 2871//899
f 1867//3002 4411//3239 3036//4204
f 1672//2994 2984//3645 2928//3902
f 2472//3516 2137//3864 1137//3515
f 1252//3231 4330//1714 2199//1688
f 3721//4455 4225//2435 406//863
f 2313//1064 3987//1063 1146//1607
f 2748//3518 2641//3831 3888//3921
f 3424//2234 4236//4476 3162//2235
f 3424//2234 3436//2443 4236//4476
f 2114//2759 1297//1274 2120//1034
f 2114//2759 1116//2366 1297//1274
f 1225//3524 2089//2702 1443//2714
f 3044//4243 3549//1161 3628//1736
f 1143//3038 1300//1039 1793//2437
f 3234//2930 1726//2508 2918//2507
f 2138//3106 3691//2180 4014//4451
f 1114//1315 2539//1990 3666//1989
f 2285//3716 1606//1318 4012//4135
f 3880//3592 3909//4160 653//1421
f 4078//4307 3545//3937 4156//1126
f 4324//4122 2269//3061 679//3688
f 4085//3770 4004//3769 3074//4241
f 600//1314 2777//2244 2945//1193
f 2290//2593 1332//2594 2282//3700
f 1364//190 3535//2619 2917//2409
f 1488//2974 4080//2765 4227//4153
f 1692//1067 1750//2486 2903//1270
f 3512//3775 3997//3116 3914//3117
f 821//1755 4074//1071 4414//1728
f 2300//2267 2893//2264 4243//1080
f 4409//4477 750//3731 1751//2072
f 4409//4477 744//1627 750//3731
f 2897//1560 483//1563 4167//2071
f 3200//4123 4426//4330 3953//3390
f 2313//1064 1146//1607 4066//1178
f 2313//1064 4066//1178 1708//2427
f 2619//1213 2064//3545 2445//935
f 1796//1513 2864//1515 3357//1459
f 429//943 1625//3458 2022//946
f 2662//2405 3548//3183 427//3671
f 4086//3014 1589//2939 564//1244
f 3438//1268 308//710 322//720
f 2631//2272 4215//2854 1645//2273
f 2727//3993 518//2347 4118//3354
f 2919//1085 504//955 490//1082
f 2932//2181 3881//2332 3749//2182
f 659//1440 2157//1400 3024//3244
f 655//1417 3777//4460 662//1176
f 1090//1406 2580//4194 647//1144
f 3345//1048 376//814 364//813
f 667//1420 3794//4202 1139//4214
f 432//1168 664//1435 3897//1166
f 4093//1023 646//1423 3787//1441
f 3777//4460 655//1417 3785//4205
f 663//1424 674//1442 1105//4210
f 1716//4215 648//1392 3303//4459
f 1716//4215 4094//1393 648//1392
f 676//1431 1656//2536 680//1439
f 2269//3061 3016//2397 679//3688
f 669//1404 3776//1446 565//1414
f 678//2315 666//1437 458//1013
f 4327//1438 411//1167 4092//3669
f 655//1417 668//1425 3785//4205
f 668//1425 663//1424 1105//4210
f 667//1420 679//3688 3016//2397
f 667//1420 3016//2397 3794//4202
f 3345//1048 3778//1422 376//814
f 4093//1023 1684//3056 2896//1021
f 430//4117 3783//4457 677//1447
f 673//1427 651//1432 2892//2337
f 667//1420 1139//4214 658//1418
f 680//1439 1656//2536 3787//1441
f 4091//1445 2901//2383 3284//881
f 677//1447 3788//4456 2626//1430
f 2658//3963 1768//1509 4099//3159
f 1727//1471 1192//2404 697//1460
f 1727//1471 2662//2405 1192//2404
f 1771//4434 2661//3970 1785//3174
f 1794//3108 1737//2950 4098//2949
f 1789//3024 1232//2299 1767//3164
f 1799//3188 2672//3969 3542//1525
f 1787//3967 2669//3966 692//1524
f 3542//1525 2672//3969 712//1457
f 4063//2425 1798//3167 1784//4478
f 1782//1483 1774//1488 4096//3181
f 1782//1483 4096//3181 535//3189
f 714//1482 2663//3186 2679//269
f 1779//3161 1299//3037 1143//3038
f 1775//3166 2681//3962 1799//3188
f 1801//3162 1772//1455 1736//805
f 706//1466 714//1482 2679//269
f 706//1466 2679//269 2678//3163
f 1771//4434 1800//1526 2661//3970
f 1796//1513 3296//2973 3361//3109
f 1777//1518 2660//3157 3379//276
f 1768//1509 2658//3963 4097//3169
f 3923//4438 692//1524 2669//3966
f 2660//3157 3923//4438 2188//4399
f 1143//3038 1793//2437 1088//1511
f 3922//1528 2676//4400 1800//1526
f 1775//3166 1798//3167 2665//3958
f 1775//3166 2665//3958 1233//4390
f 1787//3967 1795//1530 3380//252
f 1799//3188 2681//3962 2671//3961
f 3733//3187 2668//3180 3334//4396
f 1800//1526 2676//4400 2661//3970
f 3923//4438 2669//3966 2188//4399
f 1775//3166 1233//4390 2681//3962
f 715//1481 535//3189 2666//3184
f 453//1321 3806//4259 758//1617
f 735//1589 741//2261 2130//1590
f 2296//2263 752//1622 414//3142
f 2296//2263 414//3142 741//2261
f 2883//1131 387//1612 3809//1613
f 737//3721 3812//3307 740//3724
f 760//1599 743//3732 2608//4463
f 745//1583 733//1580 1935//3319
f 4104//1330 1113//1332 753//1614
f 760//1599 2608//4463 755//1600
f 3352//1610 4105//1626 4339//1625
f 3352//1610 1933//578 4105//1626
f 749//1579 3829//1602 3814//4253
f 453//1321 2238//960 3806//4259
f 2883//1131 1301//1130 4103//1629
f 750//3731 3346//4252 3826//4250
f 738//1624 2600//2503 3828//4465
f 750//3731 3826//4250 743//3732
f 4107//1621 3815//4251 2312//1582
f 733//1580 2312//1582 3815//4251
f 745//1583 1935//3319 3809//1613
f 758//1617 3817//4464 3269//1618
f 756//1611 730//1571 1933//578
f 2687//3197 2694//3213 1831//3229
f 1830//3201 1806//3199 1190//2985
f 2693//3219 781//1698 2692//3978
f 1823//849 512//851 1593//3112
f 1837//3208 2226//3663 1808//1711
f 4473//3198 2699//3980 2687//3197
f 1818//3210 1650//3209 2696//309
f 1829//1187 2686//3919 1820//3227
f 1819//1684 1820//3227 1807//3982
f 2553//3224 1807//3982 2703//305
f 1830//3201 1190//2985 1803//3194
f 1834//3195 1803//3194 2134//2984
f 1291//2530 2691//2529 1804//2544
f 1804//2544 2688//335 2698//3202
f 1614//3076 799//1663 2695//3976
f 1837//3208 1805//3215 2226//3663
f 3598//1668 1823//849 2682//3972
f 799//1663 2694//3213 2695//3976
f 1810//3216 1839//3234 2685//3974
f 1898//3297 1885//3277 2196//3983
f 1881//3295 2722//452 1897//1782
f 2853//3272 1896//1229 2720//3273
f 3983//2473 2213//2475 1182//3284
f 1608//1738 2127//441 813//4443
f 1182//3284 2213//2475 348//3285
f 1888//1746 805//3274 3532//4403
f 1888//1746 3532//4403 3402//4402
f 3399//439 2127//441 1608//1738
f 1883//3290 2717//498 1763//1069
f 1883//3290 2710//3291 2717//498
f 2723//3288 1879//3266 369//3988
f 1259//3294 1895//3283 537//3986
f 1763//1069 2717//498 1904//3287
f 824//1742 3398//1766 2714//3989
f 813//4443 2713//463 802//1767
f 805//3274 2720//3273 3532//4403
f 1121//3282 537//3986 1895//3283
f 1121//3282 4474//3985 537//3986
f 802//1767 2713//463 3398//1766
f 1879//3266 2716//3267 369//3988
f 1957//3654 1938//3374 4270//3655
f 1962//2346 1946//3360 4006//3376
f 4267//3361 2730//4404 3711//1835
f 1961//3362 4117//1155 2732//3995
f 1949//3356 4119//1132 3889//1134
f 3711//1835 2730//4404 1952//3365
f 1943//1798 1971//3363 2726//3992
f 1952//3365 2730//4404 618//3347
f 1937//3345 4117//1155 444//3127
f 860//1789 3414//693 1948//1790
f 1958//3373 3277//1847 2729//3994
f 1971//3363 1961//3362 2726//3992
f 2735//1276 2737//3015 1970//1849
f 4120//1836 1967//3378 2739//3368
f 1938//3374 1958//3373 4270//3655
f 1968//3003 1152//2342 1956//3359
f 1961//3362 2732//3995 2726//3992
f 1970//1849 2737//3015 4267//3361
f 1973//1817 1951//1832 1969//3348
f 2438//3845 2456//3832 2075//1885
f 2438//3845 2075//1885 2069//1877
f 2436//3847 2072//3546 2746//4008
f 2435//3833 4472//3525 2454//3538
f 2449//1102 2087//2725 2433//3521
f 2449//1102 2091//4475 2087//2725
f 4196//3836 2938//3096 570//2715
f 3160//3844 2461//3536 2067//2720
f 3160//3844 2067//2720 2439//3535
f 4196//3836 570//2715 2451//3541
f 2073//1260 2088//3095 4194//3846
f 2435//3833 2440//3542 4472//3525
f 2746//4008 2092//1866 2446//3533
f 2441//3835 2455//3544 1225//3524
f 2441//3835 1225//3524 2437//3522
f 2443//3849 2085//3540 2460//3531
f 2449//1102 2078//3537 2091//4475
f 3747//1165 530//2221 522//969
f 2450//3528 1709//2727 2461//3536
f 2450//3528 2070//3527 1709//2727
f 2438//3845 2069//1877 2453//2701
f 2514//3869 2502//3568 2100//3567
f 2501//3886 2507//3876 451//2730
f 2501//3886 451//2730 2117//3559
f 2504//3871 1200//2417 2099//3552
f 2118//3563 2925//1116 2642//1115
f 2504//3871 2520//3577 2522//3879
f 2504//3871 2107//3553 2520//3577
f 1180//3129 1469//2750 2097//2761
f 2526//2418 2511//3028 2121//3551
f 2514//3869 2115//4114 1212//3882
f 4125//3580 2109//2747 4379//3564
f 1212//3882 2115//4114 2102//3556
f 2503//3554 4129//3561 2108//2732
f 2504//3871 2099//3552 2107//3553
f 1209//1121 2106//1120 1748//1035
f 2505//3572 2111//2755 2105//2754
f 4128//3550 2099//3552 1200//2417
f 4125//3580 2096//3576 2109//2747
f 509//3888 2628//1122 1209//1121
f 2761//3878 4127//3571 2505//3572
f 2523//3887 1596//3067 2103//3570
f 2514//3869 2100//3567 4058//2749
f 2773//2043 992//2042 2248//2052
f 4134//1995 560//1316 4448//1976
f 963//2021 2776//2782 2781//2023
f 1745//4051 2792//4052 965//4449
f 2801//2045 985//1985 955//1987
f 4132//4029 4134//1995 966//2028
f 2787//4044 2783//3896 982//3898
f 2787//4044 982//3898 981//2037
f 2780//2793 4130//2062 4335//2794
f 2780//2793 974//2057 4130//2062
f 2785//4040 4460//2049 4138//2054
f 2788//4041 953//1978 956//891
f 4132//4029 421//1988 953//1978
f 2786//4038 975//4050 2794//2035
f 2792//4052 2552//2835 965//4449
f 2798//890 2788//4041 956//891
f 2803//2016 3657//2018 3213//4035
f 2785//4040 2248//2052 4460//2049
f 3213//4035 3657//2018 997//4036
f 2607//2014 987//2012 2791//3927
f 349//791 1284//2534 4137//3628
f 4139//2007 4221//2001 2769//3915
f 2768//4028 977//4053 2783//3896
f 961//4046 977//4053 4397//2810
f 2544//3126 4326//2026 3363//2025
f 2796//4042 953//1978 2788//4041
f 2767//4048 978//3817 969//4037
f 4138//2054 4460//2049 988//2048
f 2775//4045 1745//4051 990//3819
f 2775//4045 990//3819 961//4046
f 2539//1990 4133//2020 984//2041
f 1527//2773 991//2055 989//2003
f 2552//2835 973//2011 965//4449
f 1745//4051 965//4449 990//3819
f 2801//2045 955//1987 994//2046
f 2544//3126 4138//2054 4326//2026
f 2787//4044 981//2037 2774//2039
f 2767//4048 996//2060 978//3817
f 2783//3896 977//4053 970//3897
f 439//4071 4141//4075 471//4069
f 1060//2114 586//2178 4146//4084
f 1540//2842 1030//2133 1032//2136
f 2834//2159 2832//4091 1054//2160
f 1540//2842 1547//2844 1030//2133
f 375//4092 390//3945 2822//2958
f 1548//4078 1540//2842 1032//2136
f 1548//4078 1032//2136 568//2103
f 4145//2123 4140//4081 2820//4072
f 4145//2123 1071//2122 4140//4081
f 1547//2844 1031//2134 1030//2133
f 3861//2393 2812//2132 2818//2131
f 2915//2335 1058//2154 1024//2153
f 1544//2190 1053//2172 3865//2851
f 2830//4086 1038//2113 3515//3914
f 2830//4086 1028//2111 1038//2113
f 2817//2889 2839//4094 1026//2108
f 3859//2870 1072//2448 1046//2494
f 3859//2870 1067//2110 1072//2448
f 2830//4086 3749//2182 1028//2111
f 2815//2137 1056//2139 4144//4090
f 4144//4090 1054//2160 2832//4091
f 2817//2889 1026//2108 1067//2110
f 2839//4094 2884//2191 1066//2155
f 3867//2170 2840//2929 1057//2171
f 2819//4076 1070//2194 1031//2134
f 375//4092 2822//2958 2835//4068
f 2837//2141 1036//2140 1027//4450
f 2837//2141 1027//4450 2840//2929
f 4140//4081 1058//2154 2915//2335
f 2838//4066 3981//964 3681//2101
f 2838//4066 3681//2101 1060//2114
f 2839//4094 1066//2155 1026//2108
f 2840//2929 1027//4450 1057//2171
f 4146//4084 1037//2183 3749//2182
f 1543//2848 2827//4085 1068//3863
f 3515//3914 1038//2113 3327//2120
f 1261//2106 1061//2179 1047//2107
f 1061//2179 4143//2176 1041//2175
f 4140//4081 1071//2122 1058//2154
f 4148//860 1186//1032 4468//1031
f 2930//4156 4447//3666 2996//3667
f 725//1570 1677//841 1759//2086
f 2614//673 4022//3895 1264//2504
f 897//1174 528//1173 2921//2969
f 314//727 3679//2236 3276//715
f 1132//2279 3533//3834 4197//2937
f 3849//2822 3858//2831 2771//2996
f 2534//3120 424//934 3508//3140
f 2534//3120 1756//3119 424//934
f 4075//3946 2806//4059 4200//3947
f 4075//3946 2804//4063 2806//4059
f 4076//2525 4248//2517 2845//4103
f 4150//1311 1623//1310 2164//1357
f 4150//1311 2164//1357 4371//3679
f 3821//2377 3092//544 1919//615
f 231//447 1210//2500 3400//444
f 4284//4473 3746//3680 4465//2275
f 4284//4473 4465//2275 4060//1346
f 3913//4440 1283//2375 4343//3907
f 3913//4440 4343//3907 585//3906
f 2848//4104 4062//4105 3884//4138
f 3449//4131 4328//4130 3442//3674
f 1181//2402 4373//2419 2605//1271
f 2808//4062 3891//829 4235//4064
f 3283//1177 511//3675 4066//1178
f 3559//2424 1300//1039 1701//2470
f 1138//3131 2516//1076 1180//3129
f 299//1920 302//676 3714//3088
f 1489//2197 1488//2974 3951//2204
f 3329//4157 4403//3911 2627//3918
f 3547//3236 1807//3982 2553//3224
f 794//1713 2579//3232 2199//1688
f 3833//479 2145//4139 228//469
f 2622//3055 421//1988 966//2028
f 3452//4118 4370//4327 3196//4319
f 640//1359 1//4 930//6
f 3177//4317 3541//939 426//938
f 2334//3745 2880//2628 4030//209
f 4419//483 4000//1354 2712//3289
f 4409//4477 2298//1628 744//1627
f 1508//2791 2564//3899 4394//3900
f 1638//779 3289//778 546//1304
f 983//1991 3999//1025 467//1024
f 4137//3628 2636//3653 4135//2357
f 3535//2619 1179//2616 2335//1055
f 470//1042 1400//315 4169//293
f 2645//1164 1756//3119 1219//3944
f 2654//830 2810//4057 2805//4054
f 3278//826 558//1666 615//1186
f 4181//3633 1379//2658 1392//2642
f 850//1829 2630//3364 1971//3363
f 3110//4255 1929//3336 358//1338
f 318//713 3276//715 1696//2283
f 2598//1139 1598//1138 3371//4454
f 4162//2216 3301//2215 357//3089
f 4320//1275 1209//1121 1748//1035
f 3245//4370 4469//1280 3752//2900
f 2874//784 2982//3693 2973//2456
f 2748//3518 3150//3922 396//4014
f 695//1453 3919//1452 3910//1450
f 3178//4318 4235//4064 3891//829
f 3178//4318 3891//829 378//828
f 1918//604 1914//3333 611//2489
f 2598//1139 3570//2440 1217//2434
f 4054//862 2475//3623 3721//4455
f 2810//4057 2654//830 3891//829
f 718//1558 1201//2083 1006//2079
f 1175//3604 3304//1323 2554//4368
f 738//1624 3828//4465 404//4263
f 2215//1356 566//1968 3895//1964
f 1927//3340 268//524 1917//597
f 1927//3340 241//522 268//524
f 2202//3296 581//3620 4114//3279
f 4071//2363 766//1655 2987//887
f 2920//4150 4013//4393 4332//4151
f 4025//2286 4186//2285 1168//2378
f 3534//1201 4327//1438 502//1202
f 2933//3128 853//3513 2571//1809
f 98//165 4023//1052 106//149
f 2265//1443 3716//1938 935//1383
f 2592//1179 738//1624 3894//2360
f 112//202 2037//3468 109//203
f 514//801 1229//800 999//2066
f 2181//3941 1687//1219 3355//1218
f 2300//2267 2292//3728 490//1082
f 2300//2267 490//1082 504//955
f 2274//3694 2271//3695 2958//4165
f 2273//2576 2172//4172 2956//4178
f 2277//3713 2968//3704 3580//1467
f 2273//2576 2956//4178 2976//3710
f 2285//3716 4012//4135 2155//4158
f 2281//2571 2291//2579 2976//3710
f 2281//2571 2976//3710 2969//4171
f 2281//2571 2969//4171 494//3715
f 2970//3701 2287//3702 2974//4435
f 2155//4158 2531//2566 2285//3716
f 2289//3719 2274//3694 2958//4165
f 2289//3719 2958//4165 2978//4175
f 2279//2552 366//2592 494//3715
f 1240//3708 2177//2982 2283//3698
f 4173//2584 2278//2587 2967//3718
f 2277//3713 3580//1467 2977//4174
f 2281//2571 494//3715 1637//3714
f 4029//3711 2277//3713 2977//4174
f 4029//3711 2977//4174 2243//3712
f 2537//2980 1240//3708 3336//2408
f 2283//3698 2177//2982 2979//3699
f 1693//3646 2289//3719 1305//3649
f 2275//2588 2979//3699 2280//4166
f 2290//2593 4174//3717 2961//4168
f 3337//3706 2974//4435 2287//3702
f 3337//3706 2962//2248 2974//4435
f 1634//2561 2864//1515 2955//3703
f 1298//1319 2957//4164 3337//3706
f 2172//4172 3596//4176 2956//4178
f 1124//886 1160//3091 2317//1113
f 4176//2630 3008//4187 3002//3659
f 4176//2630 2320//3615 3008//4187
f 447//990 1253//992 4447//3666
f 2329//2601 2315//2312 4342//2314
f 2329//2601 4342//2314 4178//3747
f 2319//2600 2929//4179 2324//2625
f 2317//1113 1160//3091 1715//3090
f 1612//2558 4158//3742 2989//1643
f 2328//2611 2992//4181 379//864
f 380//2460 1089//927 1346//930
f 3003//3751 2324//2625 2986//4183
f 447//990 2991//983 2332//2623
f 1124//886 1241//888 1160//3091
f 2337//2631 2338//3746 1258//4184
f 3291//3744 2336//866 2176//3619
f 2337//2631 1258//4184 2322//2603
f 370//3660 3002//3659 2924//3928
f 2328//2611 1648//3752 2992//4181
f 1612//2558 2989//1643 3004//2556
f 3067//3760 2345//3755 3044//4243
f 4179//3754 4182//3093 1378//2648
f 1165//3773 4183//3772 3045//4226
f 2346//2250 4321//2422 1109//870
f 1396//2649 3072//3031 4179//3754
f 1396//2649 2361//2661 3072//3031
f 4183//3772 2348//3763 3066//4223
f 3062//3778 2651//4247 2346//2250
f 4181//3633 2366//3777 3054//4227
f 2352//3757 2355//3759 3055//4228
f 2360//3768 1654//3020 2363//3767
f 4182//3093 402//2954 2359//3141
f 1165//3773 3045//4226 2364//1029
f 1377//1227 4352//4237 481//1228
f 2352//3757 1173//4231 2349//3756
f 627//2415 3995//3761 3059//790
f 2355//3759 2341//3781 3055//4228
f 2346//2250 2651//4247 4321//2422
f 3046//3765 4180//3013 1394//2637
f 1388//2643 2343//2666 1184//4219
f 2166//4453 3074//4241 2348//3763
f 3065//3779 2344//2645 3068//3012
f 3046//3765 1388//2643 1184//4219
f 3046//3765 1384//2655 1388//2643
f 3995//3761 627//2415 1106//3022
f 2360//3768 3982//2955 1654//3020
f 3050//3774 1597//4244 3512//3775
f 2342//2632 2556//4246 2365//3771
f 2342//2632 2349//3756 2556//4246
f 2358//2668 3048//4220 4349//3758
f 2369//3785 3140//4267 2391//3789
f 2373//4275 2384//2684 3134//4269
f 2368//3782 4187//3783 3113//4278
f 2381//2679 4372//4288 3566//4137
f 4184//3798 2382//2693 3128//1846
f 2373//4275 3127//4274 2381//2679
f 1151//3114 1269//2511 2394//3811
f 497//1091 3147//1093 3145//4279
f 4187//3783 2216//2989 1169//2988
f 4187//3783 1169//2988 3113//4278
f 4188//3793 3115//1199 2371//2951
f 4188//3793 4190//3807 3123//848
f 4188//3793 3123//848 3115//1199
f 1123//2457 3125//4273 4189//3787
f 4040//2379 605//3509 2590//3784
f 2393//2669 497//1091 3130//3147
f 579//3795 510//1123 3144//2960
f 2382//2693 2378//2674 3128//1846
f 3116//1018 3146//1017 1419//322
f 2393//2669 3130//3147 2394//3811
f 2370//2694 3739//3805 1630//4286
f 3353//3800 2389//3046 3149//4281
f 2390//2680 1735//3791 2384//2684
f 4024//3809 1408//2311 2370//2694
f 2371//2951 4038//2692 4188//3793
f 497//1091 3145//4279 3130//3147
f 2216//2989 4187//3783 602//3790
f 4189//3787 3125//4273 3117//3596
f 1419//322 3146//1017 3141//3806
f 2384//2684 1735//3791 3134//4269
f 1273//2519 4185//2521 3143//808
f 4451//3047 3149//4281 2389//3046
f 2742//4010 2436//3847 2746//4008
f 2572//3668 2432//3532 2741//3998
f 2159//3519 4272//3841 2444//3517
f 4273//4004 2456//3832 2438//3845
f 4273//4004 2438//3845 2749//4007
f 500//1101 2448//3840 2449//1102
f 2745//3838 2749//4007 2438//3845
f 2740//4002 1724//3094 4196//3836
f 2741//3998 2432//3532 3720//3543
f 2741//3998 3720//3543 2457//3842
f 2641//3831 2748//3518 2442//3539
f 2748//3518 2444//3517 2442//3539
f 4195//3837 2458//3664 2436//3847
f 500//1101 4192//2938 2448//3840
f 2751//2400 2502//3568 2762//2398
f 3168//4026 1212//3882 2753//3884
f 4003//3885 1609//915 2522//3879
f 3170//997 2519//3566 2518//3574
f 3172//4018 2757//3880 2525//3060
f 2750//4016 2517//3573 2500//3867
f 410//914 2513//3872 1609//915
f 2763//4025 2765//3873 2515//3558
f 2757//3880 2508//3549 2525//3060
f 2512//3870 4003//3885 2509//3578
f 1609//915 2513//3872 2522//3879
f 2763//4025 2515//3558 2751//2400
f 1200//2417 2526//2418 2510//3868
f 2751//2400 2515//3558 2502//3568
f 2566//3877 2507//3876 2501//3886
f 2758//2965 2524//3562 2517//3573
f 4075//3946 2550//3637 2808//4062
f 4201//4101 1272//2516 2849//4099
f 4202//2839 3201//2792 4335//2794
f 3199//4329 1493//2231 3218//2787
f 4203//4348 1502//2820 1226//2809
f 3206//4338 1539//4351 1510//2799
f 3206//4338 1510//2799 4205//1238
f 1504//4031 1499//2777 4426//4330
f 1669//2797 2006//3403 1512//2798
f 3227//2291 1507//4342 1513//2832
f 1516//2808 1509//2833 1749//4339
f 4429//4340 1522//4049 1534//2795
f 1989//4470 1517//2813 3212//4346
f 4007//2770 1975//2807 3848//2768
f 3209//2838 1536//2061 3211//2802
f 1535//2812 3212//4346 1517//2813
f 1975//2807 3202//2804 1496//2803
f 3224//2840 3222//4349 1537//2841
f 1749//4339 1509//2833 2609//2463
f 3222//4349 1501//4428 1537//2841
f 3958//2778 4426//4330 1499//2777
f 4209//2774 1530//2829 2927//4352
f 4209//2774 2927//4352 2207//2772
f 2006//3403 1503//4337 1512//2798
f 3227//2291 1495//2830 3911//2289
f 3205//4350 1501//4428 3222//4349
f 1534//2795 3201//2792 351//1334
f 1989//4470 3214//2827 1517//2813
f 1530//2829 3968//3445 2927//4352
f 3911//2289 1506//2821 1659//897
f 4429//4340 1521//4034 1522//4049
f 2132//2824 1515//2819 1528//2828
f 3251//2922 4407//2881 1102//3635
f 1565//2927 3232//3934 394//4467
f 3235//2890 1551//2869 3257//2871
f 2606//3504 3890//2861 4211//2857
f 3232//3934 1540//2842 1548//4078
f 1548//4078 394//4467 3232//3934
f 1560//2899 1578//2920 3261//2353
f 4441//3475 1564//4372 4220//4093
f 2575//1322 2527//1324 505//2924
f 3255//1111 4148//860 3241//4361
f 3237//2874 3249//2884 1562//2872
f 2153//4365 1555//1038 3252//2904
f 4215//2854 1556//2875 2126//2909
f 1755//1036 1555//1038 2153//4365
f 2604//3665 1568//2903 1550//2910
f 3254//923 1567//1037 1755//1036
f 3236//2352 3239//2895 1554//2894
f 3237//2874 3868//2873 3265//2168
f 3250//2919 4212//3097 1194//2886
f 1560//2899 3261//2353 1545//2416
f 3252//2904 1555//1038 1570//4096
f 3243//3488 4220//4093 1581//2853
f 3241//4361 4148//860 4468//1031
f 2575//1322 505//2924 1126//2271
f 2527//1324 4214//2913 505//2924
f 2156//2423 2362//871 1109//870
f 2723//3288 1118//903 1279//3984
f 2723//3288 4170//3134 1118//903
f 1681//1293 820//1159 1104//1158
f 2883//1131 3562//780 387//1612
f 4222//3960 1636//3968 2667//2308
f 1988//1107 539//4471 501//1105
f 1022//1568 723//1537 2470//1548
f 4011//609 2137//3864 280//610
f 2921//2969 1430//2708 4047//3904
f 2554//4368 3304//1323 4212//3097
f 2554//4368 4212//3097 3250//2919
f 3964//3404 1642//1333 2016//3434
f 3884//4138 3194//4324 2895//4110
f 1208//1328 4189//3787 2151//2520
f 454//1474 3583//1119 442//978
f 250//561 1680//537 2204//1136
f 2331//3748 1367//136 2327//2604
f 2292//3728 2300//2267 2302//1081
f 301//680 540//3011 304//623
f 1279//3984 1885//3277 2723//3288
f 2882//2296 3722//1660 2237//1659
f 4236//4476 1698//3608 1098//4142
f 509//3888 4320//1275 3707//3940
f 771//1697 3315//1696 2237//1659
f 2190//804 427//3671 1736//805
f 1491//2356 1490//2766 1080//2203
f 1697//2290 3911//2289 3208//3594
f 3850//2806 384//2358 1515//2819
f 478//1066 1325//4155 4028//107
f 4167//2071 483//1563 1003//1567
f 835//1776 3072//3031 1679//2413
f 2635//1290 3989//1000 538//999
f 319//3607 506//2067 306//725
f 2076//2700 3365//1212 1436//1883
f 4240//2344 2727//3993 1152//2342
f 2269//3061 2219//3657 3016//2397
f 550//573 4241//1214 1911//3314
f 3459//1206 4298//3065 2947//1204
f 619//4229 4002//2941 3047//2940
f 175//327 1593//3112 512//851
f 1290//3638 4200//3947 2811//4060
f 4242//3621 2709//3990 537//3986
f 3509//3137 1620//2948 3033//2947
f 2167//3804 2375//3145 2541//3606
f 3211//2802 1998//3425 3209//2838
f 2943//3332 3092//544 1142//2376
f 3750//1757 3360//1781 4074//1071
f 4244//781 2298//1628 1011//2088
f 348//3285 4474//3985 1121//3282
f 4135//2357 2779//2971 349//791
f 997//4036 2414//1110 2859//2032
f 1074//2196 1077//2195 3952//2206
f 3870//1078 1582//2926 2824//1079
f 3358//1129 2883//1131 3809//1613
f 1822//918 2174//917 2565//3225
f 2833//1305 3285//2497 416//1303
f 2838//4066 3731//2538 4073//2537
f 1692//1067 2551//1269 1323//4386
f 1552//2880 4067//1247 2877//1249
f 1552//2880 1542//2877 4067//1247
f 1877//4190 207//425 194//386
f 373//2480 1490//2766 1491//2356
f 2635//1290 545//4442 3989//1000
f 2635//1290 443//1289 545//4442
f 3620//1775 2063//4232 3052//4235
f 2304//3730 423//931 4108//933
f 2269//3061 4324//4122 525//3062
f 3379//276 2660//3157 2192//2654
f 1601//3613 3988//3614 2665//3958
f 1736//805 2670//3964 480//220
f 460//3956 140//2639 1636//3968
f 3922//1528 3378//273 2676//4400
f 1737//2950 3286//3957 1598//1138
f 2233//3959 1086//237 3316//236
f 3375//222 2677//1302 3723//1301
f 2674//3160 3803//278 2675//275
f 2660//3157 124//225 2192//2654
f 2677//1302 3375//222 127//224
f 1780//3175 2661//3970 3369//279
f 2679//269 3383//271 2678//3163
f 2670//3964 2680//3965 3376//4398
f 1233//4390 3377//4397 2681//3962
f 1233//4390 3988//3614 3377//4397
f 2681//3962 3377//4397 3373//243
f 2678//3163 3383//271 3384//261
f 3922//1528 3381//251 3378//273
f 3374//246 4252//3173 3370//247
f 1780//3175 3803//278 2674//3160
f 2660//3157 2188//4399 124//225
f 2668//3180 3366//231 3334//4396
f 2668//3180 3374//246 3366//231
f 2670//3964 3376//4398 480//220
f 2664//3955 2658//3963 3367//232
f 1805//3215 516//3975 1652//294
f 2693//3219 158//2676 4111//3220
f 3883//3204 2706//319 3390//321
f 1827//3203 2698//3202 165//2324
f 2693//3219 2692//3978 158//2676
f 2704//3973 1811//3233 3387//317
f 2707//2501 2935//2318 1166//3893
f 512//851 2704//3973 175//327
f 2705//325 3386//284 2699//3980
f 2940//3979 1288//1285 1758//3074
f 1166//3893 4163//3894 1744//3221
f 3395//312 3397//318 2684//3218
f 2685//3974 2565//3225 616//1282
f 1650//3209 2689//3206 2696//309
f 2684//3218 3397//318 1811//3233
f 2702//3981 3394//313 3395//312
f 1820//3227 2686//3919 155//290
f 2698//3202 168//328 165//2324
f 2699//3980 3386//284 3391//341
f 2553//3224 148//304 4152//3656
f 636//1371 637//1370 3543//1947
f 636//1371 3543//1947 4256//1949
f 2395//1365 946//1945 634//3
f 4256//1949 639//1362 636//1371
f 2397//1963 643//1363 4256//1949
f 946//1945 2399//9 634//3
f 943//1967 637//1370 644//1373
f 2242//1939 633//29 9//20
f 3727//1349 2065//1942 948//1960
f 2397//1963 642//1366 412//1368
f 947//1959 943//1967 2934//1379
f 4256//1949 643//1363 639//1362
f 944//1937 2395//1365 952//1361
f 943//1967 644//1373 2934//1379
f 936//1380 630//17 4283//12
f 630//17 632//26 4283//12
f 947//1959 2934//1379 3727//1349
f 2397//1963 412//1368 643//1363
f 1865//2213 183//365 4412//358
f 205//368 1845//3238 180//366
f 1848//3001 4411//3239 1867//3002
f 2708//3298 3405//472 2885//471
f 1702//3987 4000//1354 3410//502
f 4087//2523 1896//1229 3407//1231
f 1902//2211 3401//4401 3409//453
f 2718//3268 1657//481 3717//3276
f 2718//3268 2885//471 1657//481
f 2715//3299 3402//4402 3406//485
f 2710//3291 215//499 2717//498
f 2715//3299 3406//485 3408//442
f 2721//493 2620//461 896//460
f 2708//3298 2885//471 2718//3268
f 2715//3299 3408//442 4113//3292
f 2196//3983 1705//902 1198//476
f 4113//3292 3408//442 3399//439
f 2196//3983 1198//476 3405//472
f 1902//2211 3404//515 3401//4401
f 1006//2079 720//1559 718//1558
f 1017//2098 729//1564 2463//1224
f 1017//2098 3518//1565 729//1564
f 1201//2083 718//1558 724//1550
f 1021//2097 2644//1557 3513//1556
f 1201//2083 724//1550 2465//1553
f 2463//1224 729//1564 720//1559
f 1008//2073 382//838 4020//3670
f 1018//2094 2464//1546 726//1545
f 3086//3309 246//536 1922//538
f 281//526 356//529 1909//3302
f 2739//3368 1967//3378 3419//639
f 4266//637 2729//3994 4116//3352
f 4267//3361 3413//668 2730//4404
f 1953//3366 4268//3351 3845//1901
f 2728//1277 4270//3655 4455//3039
f 2737//3015 3413//668 4267//3361
f 1967//3378 1963//1793 519//1145
f 3417//645 2736//3377 2220//3357
f 3417//645 2220//3357 3306//4128
f 4121//3370 3415//632 296//629
f 2724//3369 2739//3368 1133//657
f 2732//3995 1265//646 2726//3992
f 3434//4293 353//797 4271//4003
f 3151//798 3748//2431 2916//799
f 3434//4293 3151//798 353//797
f 3274//4005 2178//3625 2443//3849
f 4272//3841 396//4014 3159//4300
f 4272//3841 2159//3519 396//4014
f 3424//2234 4195//3837 2742//4010
f 3424//2234 2747//2233 4195//3837
f 3158//4301 2740//4002 2743//3590
f 3158//4301 4271//4003 2740//4002
f 2912//4013 3161//4006 2745//3838
f 3428//4011 3157//4000 1587//2280
f 3152//4001 4365//4294 2181//3941
f 3152//4001 2181//3941 3888//3921
f 4274//4022 2750//4016 3175//4017
f 3169//3104 3167//4020 2763//4025
f 3169//3104 2763//4025 2951//4024
f 3167//4020 2759//2990 569//3875
f 3168//4026 2753//3884 2756//4021
f 3167//4020 2765//3873 2763//4025
f 344//2370 2764//4015 3725//1209
f 3178//4318 3184//4065 2804//4063
f 4068//4315 4449//2228 3185//2227
f 4279//4058 3181//4313 2809//4055
f 3178//4318 2804//4063 4235//4064
f 3181//4313 4278//4056 2809//4055
f 3189//4145 2847//4100 2907//4143
f 2907//4143 2847//4100 4280//4102
f 3878//4106 3194//4324 2850//2526
f 3884//4138 4164//4098 2848//4104
f 3193//4144 2849//4099 2858//4109
f 3193//4144 4280//4102 2849//4099
f 3189//4145 3878//4106 2845//4103
f 3189//4145 2845//4103 2847//4100
f 2858//4109 2849//4099 2846//4097
f 3194//4324 4062//4105 2850//2526
f 635//1350 624//3505 3338//1377
f 4285//1955 2251//1384 4288//3953
f 4238//2932 4059//2274 2261//1415
f 4238//2932 3756//1347 4059//2274
f 4231//4140 4371//3679 2164//1357
f 4285//1955 4289//3682 2251//1384
f 1090//1406 940//1956 942//1943
f 2255//1407 4294//1971 3743//1375
f 4287//4141 2259//1388 4371//3679
f 4289//3682 4089//1401 2251//1384
f 940//1956 2255//1407 950//1950
f 940//1956 1090//1406 2255//1407
f 3746//3680 2250//2484 1248//1405
f 2239//1448 2259//1388 4287//4141
f 4291//1970 4292//1958 2264//1436
f 620//1419 3561//1946 2574//3687
f 4284//4473 3514//2972 2252//1399
f 4284//4473 2252//1399 2250//2484
f 4288//3953 2251//1384 2257//1396
f 2256//1309 4295//1974 4081//4479
f 2260//1409 2559//1951 2267//1972
f 2260//1409 3317//3684 2559//1951
f 4295//1974 2256//1309 4286//3685
f 2256//1309 4081//4479 1623//1310
f 3514//2972 2253//1394 2252//1399
f 620//1419 2264//1436 4292//1958
f 4288//3953 2257//1396 4293//3690
f 2266//1416 4290//1957 4294//1971
f 21//2251 1991//3426 2011//4423
f 3456//73 59//72 1977//4469
f 3456//73 1977//4469 1998//3425
f 31//51 1982//3402 1986//3401
f 28//32 30//45 2012//3393
f 40//116 2011//4423 1989//4470
f 40//116 1989//4470 1992//3424
f 55//56 49//55 2001//1057
f 55//56 2001//1057 4297//3394
f 3469//110 2005//4331 59//72
f 3467//115 3455//81 2008//3441
f 3307//2354 1993//3423 1156//3025
f 52//88 40//116 1992//3424
f 1670//1205 2947//1204 2007//3384
f 3460//95 1991//3426 21//2251
f 1325//4155 1984//3431 3472//108
f 1325//4155 65//114 1984//3431
f 2004//3428 3453//3381 73//111
f 2004//3428 73//111 3323//3388
f 3458//75 3969//3436 2227//4422
f 49//55 3715//1312 2001//1057
f 2611//84 2014//2461 3349//122
f 2611//84 1103//2462 2014//2461
f 31//51 2003//3430 1982//3402
f 3470//69 47//103 1990//2450
f 4019//4424 1997//1106 4299//3414
f 4019//4424 1988//1107 1997//1106
f 4019//4424 43//65 1988//1107
f 4296//3383 1670//1205 2007//3384
f 24//86 3457//59 3956//3398
f 30//45 1633//39 2012//3393
f 43//65 1987//3437 1988//1107
f 3462//76 2227//4422 1995//3447
f 24//86 3956//3398 3464//87
f 2142//4377 38//120 3738//986
f 59//72 2005//4331 1977//4469
f 2611//84 2009//112 1103//2462
f 2914//93 2016//3434 1128//3387
f 31//51 3471//3418 2003//3430
f 719//3520 4149//1555 4167//2071
f 3530//1551 720//1559 1003//1567
f 2625//1593 4247//2080 4310//1591
f 1664//1572 4374//3612 4304//3727
f 3319//3850 741//2261 1135//2082
f 2302//1081 2300//2267 4243//1080
f 4304//3727 4374//3612 3713//3733
f 4304//3727 3713//3733 2310//1578
f 4373//2419 1181//2402 2295//1588
f 4308//3729 4301//3720 4438//839
f 1135//2082 4310//1591 4247//2080
f 3319//3850 4311//2262 741//2261
f 3527//2077 4307//2099 2309//1581
f 4303//3725 4306//3735 2305//3726
f 4306//3735 2297//3629 3519//3630
f 1020//2093 4107//1621 2312//1582
f 2302//1081 3994//817 2171//3018
f 2625//1593 1605//1620 1019//2081
f 3352//1610 365//816 1664//1572
f 3352//1610 2171//3018 365//816
f 1605//1620 2306//1619 1019//2081
f 4305//2095 2301//1598 2296//2263
f 4226//2075 2307//1587 4308//3729
f 760//1599 2294//1601 4309//1554
f 1751//2072 750//3731 1015//1538
f 4311//2262 4249//2096 2296//2263
f 4373//2419 2295//1588 2307//1587
f 4107//1621 1020//2093 2306//1619
f 2311//1597 4408//2092 3519//3630
f 3762//150 2017//2885 105//187
f 100//178 2048//4472 606//164
f 100//178 4079//3493 2048//4472
f 83//129 2532//198 2052//3512
f 83//129 2053//3511 3477//130
f 83//129 2052//3512 2053//3511
f 4313//184 3490//170 3741//1171
f 4313//184 3741//1171 374//1170
f 3475//128 84//143 2019//3454
f 2532//198 3770//201 2031//883
f 108//3465 2039//3497 87//4425
f 3474//125 3766//124 2046//2925
f 96//189 2051//188 2036//3474
f 3488//4426 2038//854 3491//853
f 3488//4426 2045//3473 2038//854
f 3485//193 96//189 2036//3474
f 108//3465 3481//161 4475//3463
f 3492//169 589//3452 3490//170
f 371//822 2034//3123 4312//823
f 4316//3471 3483//975 3493//974
f 4079//3493 3496//212 1723//3484
f 3492//169 90//191 589//3452
f 606//164 3979//4358 3766//124
f 79//168 374//1170 3473//153
f 79//168 4313//184 374//1170
f 3488//4426 3483//975 4316//3471
f 3488//4426 4316//3471 2045//3473
f 3480//973 2049//3451 3493//974
f 3487//154 3473//153 2035//876
f 90//191 3485//193 3243//3488
f 3486//194 2018//3477 119//156
f 3762//150 2033//4362 2017//2885
f 3495//4392 2039//3497 2056//3495
f 3495//4392 2900//3499 112//202
f 3481//161 2911//4147 3978//3490
f 112//202 111//206 3495//4392
f 3484//210 4318//3487 3496//212
f 3766//124 3979//4358 2046//2925
f 109//203 2058//2351 2057//3478
f 105//187 2017//2885 2051//188
f 3487//154 2044//877 117//174
f 3495//4392 2056//3495 2900//3499
f 606//164 2048//4472 3979//4358
f 556//925 1174//208 113//207
f 3480//973 4312//823 2049//3451
f 90//191 3243//3488 589//3452
f 119//156 2032//3491 2911//4147
f 883//473 513//2718 465//1887
f 1914//3333 3108//3143 611//2489
f 1659//897 3520//875 583//3593
f 1268//2030 2772//2970 3330//3151
f 2531//2566 2155//4158 2960//3923
f 4319//2078 362//3077 2860//1225
f 3545//3937 4078//4307 3279//4304
f 2400//415 1206//2210 1655//2209
f 3194//4324 3189//4145 4333//4111
f 2896//1021 3798//4383 665//1022
f 2984//3645 3288//1261 2963//1263
f 3857//1237 2544//3126 3363//2025
f 3857//1237 3363//2025 3854//1998
f 2916//799 3748//2431 1632//4012
f 1297//1274 3707//3940 4320//1275
f 881//1856 604//455 369//3988
f 881//1856 369//3988 229//504
f 1802//3190 4223//3196 1825//3191
f 3706//1211 4368//1210 3447//772
f 3442//3674 4388//3673 3449//4131
f 2541//3606 3521//3808 2167//3804
f 3604//4384 2582//3910 2581//3905
f 1979//3391 4426//4330 3958//2778
f 1141//4323 2240//2449 4281//2491
f 3338//1377 623//1348 635//1350
f 2304//3730 543//954 423//931
f 1167//3006 2182//3079 2241//4047
f 1108//3080 2182//3079 3856//3008
f 624//3505 931//3661 3742//1369
f 4322//2090 2165//1272 1013//2100
f 1834//3195 2134//2984 4110//3192
f 3529//3599 1604//2957 416//1303
f 1251//3179 3557//3600 3753//3627
f 1252//3231 361//4430 4330//1714
f 3986//893 222//895 227//449
f 3635//4394 834//1759 392//2445
f 3084//2933 4478//4254 2919//1085
f 1658//3603 2555//3753 3997//3116
f 2528//1345 2615//2931 3880//3592
f 1755//1036 1734//924 3254//923
f 1333//121 2289//3719 1322//2590
f 3741//1171 3490//170 589//3452
f 1915//3136 275//559 255//558
f 44//119 1333//121 64//1100
f 2780//2793 979//2031 974//2057
f 4080//2765 3950//2481 373//2480
f 4043//1108 4042//374 1119//1109
f 1797//3156 4100//3153 1753//2300
f 1797//3156 1753//2300 1660//3023
f 1298//1319 386//3705 613//1317
f 1924//601 1929//3336 3110//4255
f 2194//3500 4446//3496 1175//3604
f 396//4014 3150//3922 2634//1265
f 2627//3918 4403//3911 2594//2546
f 3223//3676 3225//2790 3745//874
f 3285//2497 3275//3598 416//1303
f 4212//3097 4067//1247 1194//2886
f 3513//1556 1759//2086 1021//2097
f 1717//792 3903//2333 4394//3900
f 3251//2922 1572//2882 4407//2881
f 4013//4393 3680//2367 4386//4409
f 1452//1916 1466//682 4127//3571
f 1389//248 2345//3755 4032//2656
f 1894//3278 2723//3288 1885//3277
f 3622//1735 3935//1777 2936//2998
f 2948//1232 1841//1233 1747//1142
f 1680//537 4452//550 1245//2476
f 1585//2432 4383//4413 2867//2433
f 3863//2858 1577//2860 4398//4070
f 1856//372 2876//3138 1849//3263
f 163//2243 1288//1285 167//1284
f 4261//774 3498//574 4264//2428
f 2778//4033 2766//2786 560//1316
f 645//1410 3317//3684 2260//1409
f 2255//1407 647//1144 2266//1416
f 680//1439 646//1423 3719//880
f 437//1200 432//1168 3534//1201
f 646//1423 4153//1020 2268//2543
f 652//1391 3880//3592 653//1421
f 4153//1020 437//1200 2268//2543
f 536//957 4480//959 3292//4379
f 4338//4436 1147//4433 3341//4381
f 2954//3647 3574//1487 2981//4170
f 2957//4164 4336//2247 2962//2248
f 2956//4178 3596//4176 2965//4177
f 2966//2975 3595//1497 2958//4165
f 3292//4379 3592//4432 4230//4380
f 2971//3073 3318//1002 2217//1004
f 1305//3649 2210//1463 2954//3647
f 3357//1459 2864//1515 2975//3707
f 4230//4380 4338//4436 3341//4381
f 2177//2982 3270//2981 3576//1508
f 2177//2982 3576//1508 3297//1531
f 4338//4436 4230//4380 3593//4437
f 2975//3707 2624//3935 3357//1459
f 2978//4175 3590//1491 1305//3649
f 2979//3699 2561//1473 4337//3936
f 2978//4175 2958//4165 3590//1491
f 2974//4435 2962//2248 707//1523
f 2970//3701 2974//4435 711//1522
f 536//957 571//1250 3588//958
f 2561//1473 2177//2982 3594//1520
f 4175//2322 714//1482 3571//1465
f 4175//2322 3579//1480 714//1482
f 2958//4165 3595//1497 3578//1499
f 2304//3730 4108//933 746//3000
f 2301//1598 752//1622 2296//2263
f 2985//2557 3598//1668 2998//1650
f 2924//3928 3000//1699 3599//1644
f 1256//3092 1160//3091 3538//2313
f 3538//2313 555//1673 4342//2314
f 3005//3739 2331//3748 800//1720
f 3005//3739 800//1720 782//1679
f 2331//3748 3616//1721 800//1720
f 4071//2363 2987//887 2990//4115
f 4343//3907 3603//2374 3609//4439
f 2993//3737 1613//2224 2617//4186
f 2986//4183 2929//4179 1718//4107
f 782//1679 2944//1681 1262//3740
f 4342//2314 2549//1672 3601//3510
f 2989//1643 3001//3743 3602//1641
f 4005//3903 585//3906 1094//4441
f 2995//4185 2991//983 2180//982
f 2173//1291 2930//4156 3537//2469
f 3003//3751 2986//4183 3617//1708
f 3993//2466 2946//1060 3606//1670
f 2985//2557 3004//2556 438//850
f 2999//3750 4410//1689 3006//4108
f 4344//1706 3278//826 1235//825
f 2998//1650 3611//1647 1648//3752
f 2997//1195 4341//4180 4344//1706
f 3004//2556 4345//1718 438//850
f 2992//4181 2851//1716 3007//1061
f 3993//2466 3606//1670 1613//2224
f 2992//4181 3611//1647 2851//1716
f 4342//2314 555//1673 2549//1672
f 3007//1061 2851//1716 4340//1062
f 1613//2224 3606//1670 2617//4186
f 2338//3746 788//1637 3926//1636
f 2365//3771 2556//4246 825//1739
f 3043//4236 3618//4224 3623//1741
f 3044//4243 3053//3103 3549//1161
f 3064//4225 3045//4226 533//2953
f 3061//4124 3626//1733 609//4239
f 3070//950 3632//953 3066//4223
f 4086//3014 564//1244 3068//3012
f 3354//2350 3630//4385 1204//2348
f 4348//4238 1682//2349 3621//3586
f 3627//1723 4351//3766 3634//1768
f 3060//4230 3624//1749 3636//1344
f 4350//4218 1603//1182 4321//2422
f 4348//4238 3633//1287 3058//4217
f 2365//3771 825//1739 4352//4237
f 4159//4161 3044//4243 3628//1736
f 4159//4161 3628//1736 3287//4162
f 609//4239 3624//1749 3060//4230
f 3050//3774 3627//1723 1597//4244
f 3066//4223 1681//1293 3051//1292
f 1682//2349 1204//2348 3621//3586
f 3063//4222 3635//4394 3074//4241
f 3068//3012 4476//1246 3065//3779
f 3066//4223 3632//953 1681//1293
f 4351//3766 1112//4242 3634//1768
f 3065//3779 4476//1246 4347//4248
f 3058//4217 3633//1287 587//1286
f 3074//4241 3635//4394 3057//4240
f 2888//3801 562//1240 849//1834
f 2888//3801 849//1834 567//3796
f 3131//4126 610//4285 3653//1840
f 3118//4270 2538//4271 2949//4444
f 2392//2687 1639//3943 3135//4282
f 3138//4284 3146//1017 4072//3925
f 3122//4468 3143//808 3638//4291
f 1410//2683 4184//3798 3655//1848
f 3135//4282 3644//4446 3133//4283
f 1197//3045 2603//1019 3116//1018
f 2378//2674 3643//1819 3648//1818
f 2133//1813 865//1785 3643//1819
f 2538//4271 3637//4445 2949//4444
f 1630//4286 4355//4276 4024//3809
f 3139//3803 849//1834 562//1240
f 3140//4267 499//3617 3642//1844
f 1151//3114 3130//3147 385//842
f 3122//4468 3638//4291 3124//4289
f 579//3795 2144//1792 3121//1794
f 4357//3786 848//1786 3705//3794
f 3136//4272 3124//4289 3639//4389
f 2538//4271 3127//4274 3637//4445
f 171//324 1410//2683 3139//3803
f 3148//4287 3118//4270 2949//4444
f 2378//2674 3648//1818 3128//1846
f 1410//2683 3655//1848 3139//3803
f 3133//4283 3644//4446 1263//4280
f 3124//4289 3638//4291 3639//4389
f 3117//3596 3645//1797 3137//3004
f 597//2029 2400//415 1655//2209
f 597//2029 2229//1235 2400//415
f 2206//1979 2231//350 3656//349
f 3915//3829 2426//3813 2622//3055
f 967//892 956//891 3659//2051
f 2557//2024 1722//4474 2424//390
f 969//4037 978//3817 4360//429
f 3661//1986 3658//906 1640//387
f 971//2008 960//2010 2412//3644
f 975//4050 4360//429 3669//2036
f 967//892 2407//403 2229//1235
f 2408//3824 970//3897 1646//3828
f 3665//2005 548//2004 2228//351
f 994//2046 955//1987 2430//355
f 2557//2024 2424//390 995//2056
f 2859//2032 1119//1109 3326//3609
f 978//3817 996//2060 2232//422
f 955//1987 2429//436 2430//355
f 968//2002 2423//393 3311//3054
f 622//988 2123//431 2557//2024
f 3668//2050 2416//410 988//2048
f 996//2060 2409//4448 2187//3250
f 960//2010 2403//3827 2412//3644
f 3660//1999 994//2046 2430//355
f 2557//2024 2123//431 1722//4474
f 977//4053 2422//3818 1646//3828
f 974//2057 196//406 2409//4448
f 2417//3815 971//2008 2412//3644
f 3668//2050 2427//3125 2416//410
f 968//2002 972//1983 2423//393
f 971//2008 2417//3815 4362//2013
f 964//1996 486//380 3671//2058
f 3424//2234 2742//4010 3436//2443
f 1098//4142 1084//4297 3162//2235
f 3429//4296 3161//4006 3431//4405
f 1687//1219 2181//3941 4365//4294
f 3325//4406 3159//4300 3427//3890
f 3433//4480 3156//4295 3429//4296
f 3274//4005 3156//4295 3433//4480
f 508//3917 574//1267 3355//1218
f 508//3917 2867//2433 574//1267
f 3436//2443 2742//4010 3155//4009
f 1030//2133 3528//565 1032//2136
f 1754//3118 4377//941 469//549
f 586//2178 4477//553 2498//3107
f 4053//2327 3684//2192 482//1077
f 3691//2180 2494//3865 1047//2107
f 435//963 2477//2477 2476//3851
f 2499//911 3686//2157 1050//2156
f 1044//2149 1689//3853 1035//2127
f 1271//2515 2496//612 4053//2327
f 1059//2148 2474//543 1052//2163
f 1053//2172 2487//3855 1247//2173
f 1065//2189 1025//2105 2489//3858
f 1065//2189 2489//3858 4366//3857
f 1047//2107 2494//3865 1025//2105
f 2488//3860 1056//2139 3688//2138
f 1043//2185 2209//2184 2490//598
f 3683//2104 2481//3854 1049//2102
f 586//2178 3682//2177 4477//553
f 1049//2102 2481//3854 1110//942
f 1063//2142 4050//3852 1036//2140
f 1059//2148 577//2125 2474//543
f 1062//2128 1035//2127 2475//3623
f 1057//2171 2482//4452 2499//911
f 4366//3857 1120//3632 2477//2477
f 1066//2155 2480//3866 1087//3861
f 1067//2110 1092//2447 1072//2448
f 1063//2142 1051//2158 4050//3852
f 3681//2101 2484//575 3689//2115
f 1044//2149 3686//2157 1689//3853
f 1066//2155 1087//3861 3693//2109
f 1247//2173 2487//3855 2485//3068
f 3684//2192 2478//2276 2480//3866
f 3440//994 3166//4302 2585//995
f 3290//4121 3446//4120 3168//4026
f 3443//4308 4369//1127 3450//4420
f 3443//4308 3172//4018 4369//1127
f 1215//749 4275//2967 3173//4305
f 3445//4416 3343//3105 3169//3104
f 3446//4120 4368//1210 3168//4026
f 2244//764 3173//4305 3175//4017
f 3445//4416 3169//3104 2951//4024
f 1617//4419 4369//1127 4156//1126
f 2584//4429 3185//2227 426//938
f 3541//939 2633//3938 3451//940
f 3332//3652 3183//4314 3302//3651
f 3332//3652 3186//4312 3183//4314
f 422//2943 3180//4310 3332//3652
f 422//2943 3179//4309 3180//4310
f 2584//4429 3302//3651 3176//4316
f 2633//3938 3179//4309 422//2943
f 426//938 3185//2227 3177//4317
f 3302//3651 3183//4314 3176//4316
f 3281//3042 3885//3640 3187//4321
f 3885//3640 3452//4118 3188//4320
f 363//810 2612//3931 3198//2490
f 2612//3931 3281//3042 3195//4326
f 2612//3931 3195//4326 3191//4325
f 2547//811 363//810 3190//4328
f 3281//3042 3187//4321 3195//4326
f 3885//3640 3188//4320 3197//4322
f 363//810 3198//2490 3190//4328
f 3452//4118 3196//4319 3188//4320
f 1300//1039 4233//1041 1701//2470
f 4423//707 1685//729 4001//728
f 850//1829 449//3019 2630//3364
f 545//4442 4246//1705 3989//1000
f 2984//3645 1672//2994 3288//1261
f 181//399 553//345 1154//418
f 327//735 341//746 617//2207
f 1594//1140 4233//1041 2578//1040
f 3516//717 3439//4152 3435//4375
f 2919//1085 612//956 504//955
f 502//1202 4327//1438 3284//881
f 869//1871 2937//508 433//456
f 2401//966 1171//1993 3660//1999
f 1048//2174 1024//2153 2932//2181
f 1195//912 187//391 2148//3582
f 933//1936 2559//1951 3317//3684
f 3856//3008 4015//3007 3348//1194
f 4376//4154 1513//2832 1213//2429
f 3921//1475 1784//4478 701//1500
f 3299//3494 1723//3484 2922//3453
f 499//3617 2590//3784 605//3509
f 523//4189 1105//4210 1747//1142
f 403//755 1076//2198 1489//2197
f 2823//4079 1573//2866 1558//2887
f 2680//3965 712//1457 2672//3969
f 4406//692 3411//691 2891//3027
f 4406//692 2891//3027 3305//694
f 920//1928 1459//2744 911//1012
f 769//1693 778//1676 545//4442
f 2288//4173 1310//2570 2280//4166
f 1809//1635 3600//3205 3926//1636
f 1149//2328 224//503 4419//483
f 2171//3018 3994//817 365//816
f 4085//3770 2555//3753 2146//3602
f 2216//2989 3739//3805 1622//2987
f 1491//2356 1080//2203 1082//2205
f 4380//3165 1766//3152 4166//3155
f 908//652 1607//653 3414//693
f 312//730 3274//4005 3433//4480
f 2576//3262 3032//3255 2136//4196
f 1685//729 4423//707 307//706
f 4060//1346 1083//2266 3514//2972
f 4030//209 4176//2630 370//3660
f 4030//209 370//3660 2334//3745
f 2170//865 3007//1061 2946//1060
f 2170//865 379//864 3007//1061
f 2415//2528 974//2057 1719//2033
f 2162//587 1101//545 1611//602
f 383//685 3420//670 290//684
f 3420//670 292//669 290//684
f 540//3011 4009//686 284//621
f 3422//671 3420//670 2731//3991
f 1747//1142 647//1144 2948//1232
f 128//219 2904//2369 480//220
f 132//239 3385//4376 128//219
f 463//2330 2639//1044 4163//3894
f 4381//698 3678//722 3432//3926
f 4387//4410 3676//718 3335//4374
f 3276//715 4363//3589 1696//2283
f 3436//2443 3325//4406 3531//700
f 4385//4414 3335//4374 3676//718
f 3674//731 3435//4375 3268//4373
f 3673//708 3430//4299 3677//709
f 3544//696 3426//4292 3679//2236
f 320//719 3503//4408 3425//4407
f 316//724 320//719 3425//4407
f 4001//728 312//730 3433//4480
f 1698//3608 4236//4476 3436//2443
f 3675//4159 3680//2367 2920//4150
f 2230//4411 3431//4405 3673//708
f 322//720 4384//1266 3438//1268
f 3677//709 1694//4412 3503//4408
f 3516//717 3675//4159 3439//4152
f 3674//731 3268//4373 4385//4414
f 4001//728 3433//4480 2230//4411
f 3675//4159 2920//4150 3439//4152
f 308//710 3438//1268 4383//4413
f 3441//4303 327//735 2941//4306
f 3701//744 4388//3673 3444//3672
f 3699//738 3701//744 3444//3672
f 3695//753 3696//740 1617//4419
f 3565//734 2184//4134 3310//4133
f 329//739 3443//4308 3450//4420
f 329//739 3450//4420 3696//740
f 3703//2559 3449//4131 4388//3673
f 4391//4417 3449//4131 3703//2559
f 4008//3616 325//761 3899//1094
f 331//748 4389//993 2889//3678
f 3695//753 1617//4419 3280//1095
f 2244//764 339//750 3173//4305
f 3565//734 3699//738 2184//4134
f 3699//738 3444//3672 2184//4134
f 1494//2826 3217//2801 2767//4048
f 1509//2833 2783//3896 1533//2816
f 3858//2831 2636//3653 2771//2996
f 1539//4351 2248//2052 1510//2799
f 1539//4351 2773//2043 2248//2052
f 4395//4039 2784//2006 487//4336
f 1167//3006 2241//4047 2782//1984
f 1516//2808 2768//4028 1509//2833
f 1509//2833 2768//4028 2783//3896
f 2776//2782 4208//4335 2781//2023
f 2855//2817 2787//4044 2790//4032
f 1521//4034 2789//2034 1522//4049
f 1533//2816 2787//4044 2855//2817
f 4376//4154 2636//3653 3858//2831
f 3855//2535 1729//2769 3848//2768
f 1499//2777 2801//2045 1523//2776
f 3854//1998 2802//1997 1497//2771
f 3851//2805 4396//3110 2779//2971
f 1535//2812 2803//2016 3213//4035
f 3851//2805 2779//2971 1615//2359
f 3851//2805 1615//2359 3850//2806
f 3850//2806 1615//2359 384//2358
f 4202//2839 4335//2794 1536//2061
f 4398//4070 471//4069 3863//2858
f 3312//2878 4399//4067 1604//2957
f 3863//2858 471//4069 4401//4074
f 1576//2898 4401//4074 2831//4087
f 1563//2541 1289//2540 3262//2859
f 1573//2866 1700//2130 3864//2867
f 3892//2338 3267//2340 4479//4116
f 4399//4067 1572//2882 2835//4068
f 2817//2889 1580//2891 2839//4094
f 1565//2927 2816//4077 2814//2928
f 1562//2872 3249//2884 3865//2851
f 1576//2898 2831//4087 3873//2923
f 3873//2923 2831//4087 1572//2882
f 3864//2867 2829//4089 1567//1037
f 2829//4089 2832//4091 1555//1038
f 3312//2878 1604//2957 4400//4095
f 1570//4096 1555//1038 2832//4091
f 3860//2876 2828//967 2842//2542
f 1566//2911 4151//2496 2135//2912
f 1554//2894 1575//2896 4400//4095
f 1554//2894 4400//4095 3529//3599
f 3860//2876 2135//2912 2828//967
f 3861//2393 2818//2131 3862//2394
f 1559//2892 2841//2161 3874//2144
f 3870//1078 2839//4094 1580//2891
f 1573//2866 2823//4079 1700//2130
f 1549//2862 2821//2864 1069//2492
f 1572//2882 2831//4087 2835//4068
f 1544//2190 1581//2853 2813//2186
f 1289//2540 1577//2860 3262//2859
f 3371//4454 3286//3957 3333//2403
f 1231//1810 1630//4286 2216//2989
f 1231//1810 2216//2989 3126//4290
f 1106//3022 1380//2650 1254//3762
f 4014//4451 2498//3107 2138//3106
f 4014//4451 3560//3892 2498//3107
f 3570//2440 2598//1139 3371//4454
f 518//2347 2727//3993 4240//2344
f 2623//3341 1917//597 1930//580
f 574//1267 2867//2433 3438//1268
f 701//1500 1784//4478 1798//3167
f 1682//2349 3059//790 3995//3761
f 1874//376 1876//1098 1096//377
f 1009//2076 3527//2077 3757//2499
f 4242//3621 581//3620 2709//3990
f 661//1143 1747//1142 1105//4210
f 2435//3833 4192//2938 2434//3830
f 1196//2253 1254//3762 1380//2650
f 623//1348 3755//2292 2065//1942
f 3502//1016 458//1013 1731//4216
f 2349//3756 2342//2632 415//2634
f 1116//2366 2114//2759 1464//2364
f 483//1563 722//1552 3530//1551
f 1776//3182 4097//3169 4222//3960
f 2845//4103 4248//2517 4201//4101
f 38//120 2142//4377 68//4421
f 2048//4472 3237//2874 3979//4358
f 768//1715 3601//3510 2549//1672
f 3587//3017 3536//1485 683//1484
f 2065//1942 3727//1349 623//1348
f 1249//2325 2903//1270 1750//2486
f 1229//800 2618//1234 999//2066
f 1298//1319 4336//2247 2957//4164
f 3907//776 1234//2225 4241//1214
f 1638//779 390//3945 1641//777
f 2261//1415 2270//1428 4238//2932
f 327//735 336//737 2941//4306
f 3891//829 2808//4062 2807//4061
f 3713//3733 4374//3612 2643//2287
f 2953//3650 3584//1486 3536//1485
f 696//1502 1274//1503 2573//1533
f 523//4189 1747//1142 1873//2212
f 3502//1016 1624//3247 4021//1014
f 2219//3657 179//354 3016//2397
f 1846//2936 1867//3002 3041//4213
f 3034//3265 1877//4190 194//386
f 3030//4188 4412//358 531//1175
f 4404//2946 1730//1097 3347//1099
f 1600//1307 1620//2948 2601//2258
f 3619//951 392//2445 4457//1762
f 807//1784 2936//2998 3935//1777
f 611//2489 1250//4266 3111//2488
f 3098//3326 3087//3343 1928//516
f 3110//4255 3091//3337 1924//601
f 491//1086 3637//4445 464//1087
f 3640//3924 844//4447 864//1839
f 1292//1791 3646//3148 845//1352
f 1712//843 866//1088 464//1087
f 234//487 879//489 594//1854
f 898//501 881//1856 229//504
f 288//674 927//1904 285//672
f 1466//682 900//627 296//629
f 334//745 617//2207 341//746
f 336//737 1075//736 340//763
f 2255//1407 3743//1375 950//1950
f 4059//2274 4465//2275 3746//3680
f 4288//3953 4293//3690 4456//1941
f 2262//1426 2267//1972 3716//1938
f 3514//2972 4284//4473 4060//1346
f 3561//1946 4324//4122 679//3688
f 2239//1448 4287//4141 4464//1969
f 2239//1448 4464//1969 4293//3690
f 620//1419 4292//1958 939//1944
f 620//1419 939//1944 3561//1946
f 4081//4479 457//1965 1623//1310
f 4288//3953 4456//1941 938//1940
f 4287//4141 614//1961 4464//1969
f 4427//3382 1975//2807 4007//2770
f 3961//3408 1978//3421 1749//4339
f 3955//3085 3204//2788 3199//4329
f 3953//3390 1981//3392 3200//4123
f 539//4471 1697//2290 501//1105
f 4433//4343 3215//4333 1164//3419
f 3954//3389 1975//2807 2004//3428
f 1995//3447 3969//3436 1538//2044
f 1999//3427 1164//3419 4432//2269
f 1992//3424 1989//4470 3212//4346
f 1977//4469 2005//4331 3209//2838
f 1994//3413 1992//3424 3212//4346
f 1976//3435 3210//3422 1295//2945
f 1985//3416 3226//2775 1710//3084
f 1214//1335 351//1334 3201//2792
f 1990//2450 4428//4332 2927//4352
f 539//4471 4229//3407 1697//2290
f 1627//3415 4437//4345 2132//2824
f 3877//3446 3225//2790 3960//3040
f 3962//3417 3957//3396 3205//4350
f 1642//1333 4429//4340 351//1334
f 4301//3720 4302//3722 4438//839
f 365//816 4374//3612 1664//1572
f 4308//3729 4438//839 4226//2075
f 4409//4477 1011//2088 2298//1628
f 2307//1587 4467//2074 4373//2419
f 2307//1587 4226//2075 4467//2074
f 4306//3735 1012//2085 2305//3726
f 1020//2093 4307//2099 1018//2094
f 2296//2263 4249//2096 4305//2095
f 4311//2262 3319//3850 2466//1549
f 4309//1554 2294//1601 14//18
f 3519//3630 1012//2085 4306//3735
f 2529//2883 3522//4363 3732//4353
f 2019//3454 3246//2914 588//3501
f 388//852 3253//4359 2043//2453
f 3970//3448 3975//2917 3230//2843
f 3973//3489 2606//3504 3228//4354
f 2606//3504 3972//3480 3263//4371
f 1649//4357 3730//4369 2018//3477
f 2026//3460 2055//3461 3231//2846
f 4317//3449 3230//2843 2020//3456
f 2589//3467 2194//3500 1175//3604
f 554//3481 2043//2453 3255//1111
f 2049//3451 3244//1030 3259//1279
f 2038//854 4218//4360 388//852
f 2034//3123 3241//4361 3971//3122
f 2589//3467 1175//3604 2554//4368
f 2047//3470 3232//3934 2030//3469
f 2589//3467 3250//2919 2037//3468
f 2038//854 3248//4367 4218//4360
f 2034//3123 554//3481 3255//1111
f 3973//3489 3228//4354 3507//3485
f 2058//2351 4061//3503 3236//2352
f 2035//876 4442//3498 4443//4364
f 2038//854 2595//3502 3248//4367
f 2037//3468 3250//2919 3239//2895
f 3972//3480 2042//3492 3263//4371
f 3974//3459 2197//3634 3233//4355
f 2057//3478 2058//2351 3261//2353
f 2057//3478 3261//2353 2040//3476
f 2054//3450 3259//1279 4445//3658
f 3526//3049 4216//2888 2024//3486
f 2048//4472 3299//3494 3237//2874
f 3976//3472 4445//3658 3248//4367
f 3243//3488 1581//2853 3732//4353
f 3978//3490 3730//4369 3266//2863
f 2040//3476 3261//2353 1619//2978
f 2042//3492 3974//3459 3233//4355
f 3299//3494 3249//2884 3237//2874
f 2024//3486 3256//2868 4444//922
f 2044//877 4443//4364 2604//3665
f 1167//3006 2782//1984 2795//2040
f 3895//1964 614//1961 4231//4140
f 3105//4261 3101//3303 3818//1084
f 3723//1301 2659//265 3375//222
f 3385//4376 3377//4397 3988//3614
f 3184//4065 3178//4318 1651//3949
f 1137//3515 2137//3864 3498//574
f 2137//3864 2472//3516 1030//2133
f 3120//809 2249//3005 526//2412
f 757//1615 753//1614 3887//2255
f 3989//1000 4071//2363 2931//1001
f 3162//2235 4236//4476 1098//4142
f 2385//2675 4357//3786 3705//3794
f 3298//836 2240//2449 3188//4320
f 4223//3196 1802//3190 4402//3200
f 3806//4259 3817//4464 758//1617
f 2532//198 2031//883 2052//3512
f 4281//2491 3195//4326 1141//4323
f 4209//2774 1528//2828 1530//2829
f 4045//2697 1444//1855 1437//2699
f 2955//3703 2864//1515 2573//1533
f 3888//3921 2641//3831 3152//4001
f 361//4430 1252//3231 780//1661
f 806//1764 4457//1762 392//2445
f 1106//3022 2360//3768 1380//2650
f 4449//2228 4068//4315 1671//2952
f 1229//800 318//713 2618//1234
f 2523//3887 2103//3570 2096//3576
f 3880//3592 1136//1390 1083//2266
f 2308//949 1239//948 746//3000
f 2299//1623 4304//3727 2310//1578
f 2869//2265 2304//3730 1239//948
f 81//163 3766//124 1355//1207
f 1367//136 2245//144 2327//2604
f 3765//172 1360//929 3771//142
f 3293//4382 4044//3825 527//1220
f 3564//370 2411//2380 186//347
f 3293//4382 3916//2548 2412//3644
f 2894//1860 1430//2708 893//1861
f 1691//539 254//541 4049//3053
f 261//600 4049//3053 254//541
f 4054//862 3721//4455 406//863
f 1218//908 1733//2436 2499//911
f 3947//664 1481//1915 914//665
f 1451//1930 1458//2739 3840//681
f 1230//802 551//907 1001//697
f 4257//2293 641//1376 642//1366
f 576//3113 4355//4276 1630//4286
f 2024//3486 3482//183 3526//3049
f 2941//4306 1739//996 3441//4303
f 4039//302 2377//3792 164//311
f 1514//2780 1659//897 1506//2821
f 2008//3441 1111//1296 2211//3444
f 354//831 854//1802 4415//834
f 1147//4433 4338//4436 3573//4431
f 3607//1654 1094//4441 2582//3910
f 2733//1133 4240//2344 2725//2343
f 1223//3071 2452//3070 1602//3848
f 2881//1073 3500//3050 380//2460
f 2744//3839 3162//2235 3160//3844
f 4275//2967 2752//2963 4276//2962
f 286//640 618//3347 2730//4404
f 2110//2365 2103//3570 1596//3067
f 725//1570 4020//3670 382//838
f 725//1570 382//838 1677//841
f 1793//2437 1300//1039 1788//2426
f 1825//3191 4223//3196 1834//3195
f 4424//2977 942//1943 951//1952
f 1221//2498 2130//1590 3907//776
f 527//1220 1294//1222 3916//2548
f 1789//3024 4380//3165 4166//3155
f 1786//3154 1797//3156 4166//3155
f 3925//1010 2160//796 1251//3179
f 4063//2425 1784//4478 1107//2438
f 537//3986 2709//3990 1259//3294
f 801//1779 3750//1757 455//1181
f 1957//3654 1970//1849 3655//1848
f 1957//3654 3655//1848 1938//3374
f 2173//1291 1183//1702 443//1289
f 2193//2711 3504//3121 2534//3120
f 3871//4388 3886//4073 4323//4082
f 1767//3164 1232//2299 4095//2298
f 585//3906 2582//3910 1094//4441
f 696//1502 704//1514 3361//3109
f 1791//3158 686//1489 4458//1490
f 3921//1475 1107//2438 1784//4478
f 1814//3212 771//1697 1831//3229
f 4223//3196 4402//3200 1830//3201
f 1281//3226 492//1188 1820//3227
f 492//1188 1829//1187 1820//3227
f 3935//1777 1905//1778 1902//2211
f 3942//1353 542//3514 2933//3128
f 1439//2703 2460//3531 1148//1876
f 4055//2763 2112//3569 1461//2756
f 2789//2034 997//4036 2859//2032
f 987//2012 973//2011 2791//3927
f 1753//2300 4100//3153 4095//2298
f 749//1579 3814//4253 739//1577
f 1560//2899 1545//2416 1296//2549
f 1273//2519 3143//808 3122//4468
f 2762//2398 4199//3883 344//2370
f 2762//2398 344//2370 3998//2399
f 1089//927 380//2460 3500//3050
f 2140//3433 1984//3431 4203//4348
f 1187//2688 2376//1243 2888//3801
f 3133//4283 3517//1183 3353//3800
f 1012//2085 1021//2097 1759//2086
f 1752//1172 2922//3453 1723//3484
f 2698//3202 2688//335 168//328
f 2344//2645 2350//3780 3068//3012
f 4343//3907 1283//2375 3603//2374
f 2357//3776 1390//4462 1372//3133
f 4034//2651 1380//2650 2360//3768
f 3075//3308 3086//3309 4462//4265
f 3820//4249 3104//3342 3819//2239
f 1927//3340 2623//3341 4104//1330
f 1927//3340 4104//1330 3100//2533
f 942//1943 940//1956 934//1358
f 938//1940 932//1953 4285//1955
f 4292//1958 4291//1970 936//1380
f 4286//3685 941//1954 4295//1974
f 933//1936 525//3062 4324//4122
f 4290//1957 2265//1443 935//1383
f 4081//4479 4295//1974 2398//1966
f 4464//1969 4456//1941 4293//3690
f 4081//4479 2398//1966 457//1965
f 4286//3685 4289//3682 941//1954
f 4289//3682 4285//1955 941//1954
f 1501//4428 3205//4350 3568//4334
f 2638//3942 4171//2305 1498//2303
f 3319//3850 1135//2082 448//1544
f 4237//782 1009//2076 3757//2499
f 4237//782 1011//2088 1009//2076
f 4302//3722 1007//840 4438//839
f 4302//3722 2305//3726 2467//2087
f 4302//3722 2467//2087 1007//840
f 4311//2262 2466//1549 4249//2096
f 2301//1598 4305//2095 2294//1601
f 4373//2419 1017//2098 1203//1223
f 4373//2419 4467//2074 1017//2098
f 3519//3630 4408//2092 1016//2089
f 2625//1593 1019//2081 4247//2080
f 3519//3630 1016//2089 1012//2085
f 2305//3726 1012//2085 2467//2087
f 4407//2881 1552//2880 2877//1249
f 4219//2897 1576//2898 3251//2922
f 3752//2900 391//858 3253//4359
f 3752//2900 3253//4359 4218//4360
f 436//1258 2073//1260 4194//3846
f 2064//3545 4045//2697 1647//936
f 2440//3542 3533//3834 2437//3522
f 2080//2219 1434//2329 2093//2220
f 2072//3546 2092//1866 2746//4008
f 2115//4114 2514//3869 4058//2749
f 520//3372 2731//3991 3420//670
f 2751//2400 3998//2399 2951//4024
f 2672//3969 2671//3961 143//245
f 488//3036 3014//3035 2269//3061
f 2973//2456 3536//1485 4232//2454
f 4068//4315 590//4311 1671//2952
f 1626//815 2263//3639 3909//4160
f 3526//3049 3482//183 118//182
f 3056//3021 3982//2955 402//2954
f 677//1447 672//1429 1093//1413
f 3150//3922 574//1267 2634//1265
f 1806//3199 4109//2983 1190//2985
f 3776//1446 3781//4199 565//1414
f 1643//1685 2882//2296 2610//1072
f 2374//2341 3353//3800 4025//2286
f 3188//4320 2240//2449 1141//4323
f 3023//1015 2580//4194 2258//2316
f 2279//2552 3581//1470 4336//2247
f 2134//2984 1803//3194 1190//2985
f 1244//2472 607//3044 4114//3279
f 4115//3270 2709//3990 2202//3296
f 4118//3354 1956//3359 2727//3993
f 1153//2345 1966//3358 1761//3139
f 4192//2938 2641//3831 2434//3830
f 4272//3841 2746//4008 2446//3533
f 3458//75 63//109 1091//3400
f 2028//3466 112//202 2900//3499
f 500//1101 2583//3999 477//2281
f 500//1101 2200//1103 2583//3999
f 3171//1216 344//2370 3725//1209
f 3792//4201 3780//1049 1721//1434
f 3306//4128 2220//3357 2724//3369
f 753//1614 3100//2533 4104//1330
f 1221//2498 3808//1592 4310//1591
f 3068//3012 564//1244 4476//1246
f 3126//4290 2216//2989 602//3790
f 406//863 4225//2435 1218//908
f 3641//807 3120//809 526//2412
f 4372//4288 1662//2284 3566//4137
f 4470//3691 2975//3707 1293//3692
f 4361//3821 467//1024 4161//1026
f 2472//3516 3528//565 1030//2133
f 3646//3148 3130//3147 1263//4280
f 3906//2608 3724//1153 2335//1055
f 738//1624 404//4263 3894//2360
f 3429//4296 2230//4411 3433//4480
f 4165//1252 1147//4433 3591//1253
f 1022//1568 4409//4477 1751//2072
f 1022//1568 1011//2088 4409//4477
f 4204//2304 3210//3422 4430//2270
f 4478//4254 4462//4265 612//956
f 420//1331 1142//2376 748//1609
f 755//1600 3108//3143 752//1622
f 2649//3662 621//3222 4163//3894
f 162//334 152//2388 1593//3112
f 2691//2529 3729//2531 2143//292
f 2735//1276 532//1278 2891//3027
f 2241//4047 3330//3151 2772//2970
f 2647//3913 2942//3912 2149//4387
f 4457//1762 806//1764 827//1763
f 1697//2290 3208//3594 501//1105
f 3612//1680 4155//3909 2944//1681
f 3609//4439 4157//3908 4343//3907
