# Blender 5.1.1
# www.blender.org
mtllib gravestone.mtl
o flourish2
v -0.326547 -3.488327 26.018719
v 1.530776 5.653566 -8.001266
v 2.019630 7.550556 -11.248356
v -1.333356 -5.147070 -7.282036
v -1.826515 -7.014927 -16.903919
v -0.024733 0.107639 22.559109
v -0.057435 -3.480854 20.322964
v -0.495238 0.662720 -5.585934
v 1.202785 5.599548 -19.849361
v -1.553735 0.062172 20.797970
v 0.138211 1.792236 -21.480892
v -0.575070 -2.244284 -21.235645
v -2.091389 -7.516659 -13.156910
v -0.986371 -3.289314 29.252926
v -0.589674 -2.216354 18.661098
v 62.327057 -17.623409 15.682201
v 62.601093 -17.330500 19.081440
v 61.665569 -18.831055 -6.622555
v 60.559849 -17.937340 30.557446
v 62.707836 -18.482384 -2.845650
v 63.294147 -17.078817 -8.146259
v 64.149948 -15.574614 -3.942509
v 62.287750 -18.292997 21.233311
v 62.690090 -15.141176 18.666660
v 61.648750 -16.078466 -15.641785
v 63.946404 -17.526148 13.928249
v 63.349171 -17.609175 -0.949413
v 64.982224 -14.838705 21.353443
v 61.508831 -18.420967 27.971828
v 60.116455 -18.542719 29.238651
v 63.949554 -15.289730 16.384037
v 64.633560 -14.765581 14.716221
v 64.603142 -20.300755 -13.104275
v 60.783131 -17.050655 -16.471333
v 63.330582 -16.266916 29.637402
v 62.395576 -16.990339 22.900028
v 61.131027 -15.882115 -13.643291
v -63.372299 14.824799 15.310062
v -62.912979 14.900486 18.920582
v -63.025887 13.351503 -6.688557
v -60.938240 12.624941 -14.496948
v -64.282501 13.909668 -4.844982
v -61.974720 13.553902 30.644993
v -60.047749 15.273956 27.613705
v -62.811001 16.868187 -3.514614
v -64.495491 14.910210 20.881382
v -63.508690 14.776581 22.418339
v -62.916943 16.511505 19.038494
v -65.151352 16.021923 -14.811443
v -62.647739 17.771404 21.016323
v -63.031994 14.602430 -2.002857
v -63.953968 16.763863 -5.968918
v -60.806973 12.597054 28.427601
v -65.196083 14.284695 -9.160931
v -62.704979 16.511795 16.412151
v -63.356552 18.278461 15.518070
v -65.375023 16.688793 29.368237
v -63.586037 16.020037 -7.574665
v -66.888435 13.095663 -15.014397
v -60.968388 15.536694 -13.596386
v 30.548109 -15.034666 -38.892021
v 30.674301 -8.313814 -47.803555
v 30.535423 -12.982283 -31.420315
v 30.914421 -14.187766 -21.913021
v 31.357182 -14.974704 -33.592369
v 31.668800 -9.888107 -18.269234
v 32.644157 -5.531672 -39.038483
v 33.151276 -7.853048 -31.113384
v 32.329945 -5.157089 -4.614368
v 31.506937 -9.598614 0.623791
v 29.803404 -14.041874 10.605618
v 33.003117 -7.462379 25.636150
v 30.066786 -12.920491 -44.849960
v 30.313202 -10.637424 59.690434
v 32.120811 -6.763227 -19.897457
v 31.147352 -13.249836 55.366932
v 30.168686 -11.746717 -42.229820
v 32.259079 -10.208172 15.218510
v 31.592594 -6.297617 -26.149746
v 30.642305 -9.616220 -47.810299
v 32.450356 -7.688771 -41.729759
v 33.874409 -7.084943 -35.997322
v 32.014862 -10.455906 56.602772
v 34.766380 -7.010494 31.655369
v 32.496193 -9.228357 11.819775
v 31.607378 -12.518578 -19.737423
v 30.644775 -8.634375 -33.827923
v 31.915535 -6.806021 -0.099300
v 31.746922 -11.676922 55.017048
v -33.752319 1.696074 -39.159348
v -30.863302 7.517192 -47.809113
v -33.653469 2.512678 -29.417572
v -30.591097 10.951450 -37.446693
v -32.933861 6.184031 -18.581253
v -32.339973 10.231820 -24.427887
v -31.893419 5.016209 -6.996414
v -30.762962 8.024234 -42.970242
v -31.938042 8.869945 -29.736713
v -34.026169 3.609848 -20.432449
v -32.404190 7.056576 0.322765
v -32.305534 3.034245 57.122608
v -32.860699 2.040604 10.630619
v -33.614510 8.992828 25.784267
v -32.670460 1.640116 -25.856579
v -32.842434 7.415941 -9.229626
v -32.778656 3.995160 -42.008087
v -31.786840 11.102411 -2.866318
v -30.740944 7.098270 31.684162
v -30.874426 8.284342 -18.359081
v -33.235016 6.657654 15.165874
v -32.748955 7.704254 11.995335
v -30.833099 9.770393 -25.805851
v -31.152714 9.647291 -0.251362
v -32.383183 8.569714 -32.714596
v -30.712502 9.978464 -20.467453
v -32.930607 10.070855 -35.619183
v -35.279629 4.026249 57.618908
v -33.329418 2.650942 -33.278542
v -30.483921 9.229887 -7.510452
v 70.898491 -17.741505 19.144779
v -3.790323 1.897068 3.419338
v -11.746035 2.087183 -25.876736
v 57.083336 -15.033647 -11.612560
v 53.270264 -10.006319 10.229321
v -14.513861 4.993423 -27.941010
v 53.004025 -18.418919 -43.878090
v 41.493629 -13.196426 41.734730
v -12.211151 -2.177845 -17.518696
v -10.317261 1.820604 0.531414
v -29.683430 5.377869 -44.419670
v -55.628559 12.941036 23.686085
v -31.718174 5.585720 -30.598837
v -44.028248 5.777719 -35.167881
v -27.652321 1.949032 13.139072
v -13.361065 -0.014053 18.219906
v -21.448944 5.594838 -25.110550
v -68.994751 15.508783 -9.040550
v 13.322994 0.056776 -14.724346
v -17.597389 0.648438 22.753376
v 70.260567 -19.217579 18.760464
v 56.097698 -13.878240 -3.664120
v 9.550737 -3.325744 -48.985958
v -31.751148 3.269524 47.715595
v -30.790901 3.412655 42.291660
v 5.122561 -1.565101 -29.743425
v -20.651697 3.837753 20.372395
v 50.304359 -14.867277 -47.130547
v -10.423685 5.893367 -36.291801
v -40.395405 7.003182 -34.441505
v 36.894489 -15.675300 -32.972595
v -26.457251 5.340855 13.817463
v 50.326344 -10.712597 -3.486965
v -35.651600 6.262268 55.127216
v 63.804390 -18.897865 -5.183609
v -20.131752 2.602051 -34.954765
v -35.673233 4.651020 15.134312
v -14.169529 1.055561 22.030460
v 44.360126 -16.110126 -41.976498
v 40.249603 -14.568706 -10.013340
v -41.729210 7.362785 34.175365
v 2.951652 -4.887245 30.874317
v 53.386711 -19.697407 -36.654781
v 13.205683 -5.840012 -34.073265
v -26.069569 2.699444 40.647861
v -4.011410 3.028697 -29.533226
v 29.359753 -12.478081 47.618969
v 9.005219 0.348434 -52.530449
v -50.696072 16.011927 9.915394
v 48.597328 -12.585793 -2.809101
v 65.484421 -20.180378 -9.485294
v -12.000853 -3.237858 29.975010
v -27.803352 5.354525 -4.889404
v 32.651608 -11.966639 10.992313
v -19.606339 6.371891 20.395489
v -45.597488 6.934698 -42.406261
v -71.885284 16.225254 21.638165
v -9.542444 1.350082 17.871891
v 51.363743 -11.217415 9.285847
v 37.936901 -16.093178 2.003010
v -13.455809 -0.307182 13.263157
v -26.809376 6.578773 24.146587
v 27.896122 -9.507189 -5.802292
v 9.577181 -4.148378 -32.704227
v 53.110275 -15.605347 18.647076
v -21.491598 0.801792 40.454411
v -29.726334 10.421188 -5.139458
v 19.767136 -3.566166 -51.068314
v -6.379483 -2.283695 25.854900
v 39.335423 -12.815771 33.056965
v -9.149487 -1.713650 27.710110
v 66.018410 -16.394434 21.038136
v 32.900078 -13.013878 57.856907
v -65.343597 18.199711 21.144154
v 39.069336 -11.712821 -34.000519
v -14.264719 3.840698 55.901974
v -18.027138 5.361271 57.932087
v -55.021660 16.864136 14.366810
v -49.888916 12.927744 -0.307755
v 19.163940 -9.154613 44.176365
v -20.547024 2.699612 44.639050
v 25.121674 -12.581421 42.906574
v -28.649162 0.928654 43.345882
v 12.507805 1.656954 -9.987263
v 18.441360 -6.491352 45.639088
v -7.366620 7.309805 -31.966696
v 28.005098 -12.292059 -40.358730
v 12.914503 -6.106794 -10.617649
v -47.064533 7.409571 4.275333
v -2.105854 -1.597702 17.613789
v -12.543108 0.839069 7.811237
v 21.254122 -6.199865 -52.919678
v -11.659977 4.183123 -24.839367
v 13.884144 -1.612148 -11.367302
v -17.505646 7.334522 21.235874
v -4.746306 0.697737 8.374966
v 2.756793 0.762081 -22.339294
v 1.438338 -5.418221 -20.479202
v 1.681428 -1.563313 31.724781
v 0.596706 -2.558113 23.535877
v 5.896780 7.372534 -15.684238
v 0.677869 -0.730938 27.688313
v -0.607689 -2.388832 30.748814
v 3.697775 5.913055 -19.301502
v 1.067774 -3.494030 -4.810429
v 4.566359 2.874775 -21.552471
v 2.253044 -5.349222 -4.734982
v 1.780293 -9.956185 -12.506840
v 2.107826 -1.970997 -21.983482
v 1.141540 -0.220369 -4.899719
v 0.720324 -4.839905 31.605778
v 1.277915 -1.113731 23.887585
v 1.525381 -2.073242 17.615925
v 1.132934 -8.652447 -8.155396
v 4.123887 -3.135300 17.692127
v 4.228458 -0.238651 3.402325
v 4.505476 -1.724087 8.407948
v 4.406469 -5.275093 25.894817
v 4.503114 -4.498673 -22.122112
v 5.627473 0.988688 -4.178421
v 6.112327 -3.664322 32.609081
v 3.679229 -5.834682 2.431454
v 3.302604 -5.548576 -0.767982
v 4.789702 1.207375 0.951511
v 6.263098 6.857407 -10.523060
v 3.697178 -5.224808 35.926716
v 5.117509 -4.509937 7.791088
v 4.568306 -4.255928 33.741383
v 5.241818 -4.761738 28.726490
v 4.511449 -6.355827 -4.703121
v 3.279126 -6.283669 32.109509
v 22.155411 -2.917339 25.263851
v 23.161985 -9.278063 -42.435631
v 18.885984 -2.642726 -61.134541
v 20.480515 -7.328996 -53.881298
v 18.342714 -2.745311 -58.240059
v 18.068066 -9.195683 41.046963
v 23.453699 -0.814686 -37.865604
v 20.599340 -0.936256 -34.212208
v 19.531679 -3.013424 59.103062
v 22.616928 -5.694504 62.147541
v 20.008270 -8.769760 -37.301197
v 20.356903 -5.572659 28.168186
v 21.034349 -1.045230 -40.777554
v 24.907391 -7.156483 -35.076576
v 19.722710 -4.329164 -32.738079
v 19.991474 -5.472218 19.866978
v 19.193953 -8.163973 -49.656158
v 20.009672 -5.306293 -49.500114
v 20.949165 -9.995724 23.707691
v 21.714420 -7.033855 61.555775
v 19.743366 -10.482819 40.956539
v 21.676481 -6.945023 59.405720
v 23.287487 -3.473965 27.374332
v 19.666258 -7.972315 21.040379
v 22.728935 -4.281928 -61.493233
v 20.912886 -7.823326 39.972446
v 18.927174 -4.449478 58.126850
v -2.177344 -3.155968 19.840130
v -2.300975 -0.397823 30.711597
v -1.719068 -2.014080 23.385769
v -3.014668 -3.549904 33.507397
v -0.089872 8.141655 -17.424206
v -2.339196 -2.267715 -4.765179
v -1.600854 -0.537254 25.101688
v -2.289644 -3.337944 28.523190
v -3.372747 -6.742547 -17.757099
v 1.949929 8.108068 -14.188587
v -4.305066 -7.071573 -8.652847
v -3.594689 -1.472309 18.729763
v -5.569968 -0.524483 17.486927
v -7.654186 -6.847317 -8.702312
v -6.608613 -3.504318 32.464298
v -5.672894 0.235188 -28.839104
v -6.104571 -0.395504 9.624546
v -6.369578 -1.109312 -24.701069
v -3.814908 9.758198 -14.044430
v -5.182777 3.607431 -4.272678
v -4.200544 6.426914 -27.387932
v -5.416886 6.646172 -6.609180
v -4.980429 -1.685623 30.802135
v -5.643150 3.776049 2.671909
v -6.249275 -3.308321 3.062664
v -5.738999 -3.288347 -0.802216
v -4.319539 7.240295 -19.608761
v -6.913754 -7.781977 -12.913807
v -6.707611 -1.889774 35.628407
v -5.412975 -4.735184 33.424946
v -6.883844 -3.431549 -4.774281
v -4.986649 6.802006 -21.487049
v -22.462463 3.641186 40.588627
v -22.952810 1.617092 42.642178
v -17.116198 7.038321 -60.666740
v -21.823395 4.057509 -53.441895
v -17.911243 6.520155 -58.342911
v -20.155907 1.299793 23.241428
v -20.624706 0.305431 42.622692
v -22.829155 5.509865 62.210651
v -19.496338 6.864407 59.420521
v -23.244360 5.041401 -61.628273
v -22.670618 4.782581 -34.522324
v -21.929451 1.679199 26.418758
v -19.391891 5.415298 -54.352734
v -21.176554 2.389510 -49.920105
v -19.589684 7.349525 25.888882
v -19.161064 6.362806 -50.947891
v -25.059130 7.742210 -60.178795
v -17.736780 9.583928 -34.956741
v -20.262098 6.753835 -42.673286
v -24.004471 6.855857 -62.073841
v -19.972816 2.301913 -54.409374
v 2.293534 -0.447681 0.412289
v 1.170440 -3.656984 17.517765
v 1.943419 -3.433353 28.879993
v 10.475405 0.590984 10.939808
v 10.847330 0.006627 -52.866650
v 10.320290 -2.109165 -58.262115
v 11.058273 -4.084918 -25.937023
v 9.377552 -8.847704 -8.926647
v 9.655710 -3.511475 29.759670
v 9.823492 -3.196096 -53.059853
v 7.509953 -8.492134 36.892063
v 9.480213 -6.705423 12.639698
v 11.078934 -0.028400 17.705761
v 9.804758 0.480040 5.588154
v 10.508884 -1.306808 32.827991
v 11.785715 0.574522 -35.880074
v 7.584514 -7.998963 -18.379925
v 10.514553 0.992243 -19.228920
v 9.214197 2.396183 -6.405258
v 9.328447 -7.972584 33.495983
v 8.375216 -5.842152 30.169506
v 9.607300 -6.849327 -6.624866
v 12.002583 1.531742 -25.000137
v 11.871195 -2.547060 -6.845512
v 9.537840 -9.754309 -13.564159
v 8.493509 -6.121334 25.474140
v 9.244989 -9.135876 29.730503
v 10.695517 -5.094447 -29.280838
v 11.345730 -0.297069 -59.407398
v 7.411219 -7.281712 39.172329
v 6.288857 -10.746202 -12.396000
v 9.522341 -4.448063 -19.859238
v 10.275972 3.892653 -29.234287
v 9.270832 -4.490685 32.756603
v 8.286329 -5.457016 36.297245
v 11.480721 0.730666 -56.975853
v 9.113144 -1.493797 -33.978622
v 7.947303 -7.966967 25.031681
v 9.323439 -9.262430 27.291119
v 6.719437 -6.725590 28.172733
v 8.646841 -5.856178 6.007946
v 9.712292 -7.212719 30.303852
v 14.543211 2.709234 -31.116070
v 10.717257 -6.157997 37.672199
v 39.326260 -10.154829 -50.353539
v 39.293503 -12.353621 4.550114
v 38.075249 -15.761616 51.049198
v 36.843067 -15.672680 -44.094437
v 40.834053 -10.531864 31.257069
v 39.066689 -14.737677 34.037014
v 40.243305 -7.800014 30.028622
v 40.299267 -12.693531 35.979877
v 39.994087 -12.626999 45.412502
v 39.411015 -14.149422 25.678730
v 39.314793 -12.429740 1.199219
v 41.570087 -15.314793 8.812122
v 42.096172 -13.112637 7.939259
v 37.734535 -12.540794 31.122288
v 41.474247 -10.148808 -44.872990
v 39.937553 -12.862718 -42.863651
v 39.313080 -15.459127 -51.213734
v 39.211662 -15.996487 47.890614
v 37.702137 -12.242764 24.982967
v 41.437321 -7.503917 -8.118855
v 39.260731 -15.702785 39.901058
v 42.305595 -7.718567 26.959965
v 37.694801 -7.845401 -47.737171
v 40.419815 -7.740738 25.686779
v 42.031212 -8.951765 -5.463291
v 38.196999 -16.997585 -49.280048
v 37.081039 -13.659923 -6.162956
v 38.449627 -9.074716 -10.865295
v 39.707169 -13.767460 49.853802
v 41.602654 -10.955392 -4.650230
v 40.058960 -16.875866 3.196072
v -2.360613 1.791286 -2.889950
v -5.012709 -2.146999 -21.448917
v -4.507473 -1.984905 17.141071
v -1.198222 8.783873 -10.610157
v -3.060355 -1.249306 28.433605
v -2.497137 0.478746 -22.349777
v -4.669297 -3.247711 31.239429
v -2.499593 3.176361 -4.976398
v -8.478182 5.333542 11.048138
v -9.775812 2.493853 -48.497871
v -10.411341 4.670034 -51.597919
v -11.176027 -0.309147 2.120335
v -9.578007 1.194907 -32.762413
v -9.983154 3.166957 -58.251984
v -10.253527 1.133870 -50.415939
v -10.129290 6.895846 -24.764439
v -11.318392 -4.461536 -8.564209
v -10.158106 3.988649 -48.373745
v -8.587667 5.221470 -6.001392
v -9.871344 4.296036 19.045086
v -10.499151 -3.431316 36.306980
v -10.105625 -1.427223 12.507481
v -10.777353 5.177601 8.908337
v -9.956558 3.360229 31.712696
v -10.639444 4.160397 33.221043
v -10.697605 3.323584 -55.092102
v -7.898834 7.987797 -8.829090
v -9.132668 -1.203491 -4.618656
v -8.281694 8.882507 -13.861439
v -10.198151 -0.971695 30.292599
v -11.020794 -0.407703 16.599659
v -9.853827 6.146671 -56.920322
v -11.887589 0.866989 -28.697742
v -12.951824 -1.370258 -8.171223
v -10.537863 1.050293 -19.817425
v -12.471716 -4.408964 -14.017788
v -8.756281 9.024614 -29.707312
v -10.697466 -6.375084 -12.501362
v -11.761639 -1.407696 38.906414
v -11.427937 -1.453981 9.701420
v -10.169020 0.547268 32.768391
v -12.075356 0.261101 35.695118
v -10.346678 -1.061142 6.105656
v -10.161800 -2.816906 24.596638
v -12.536640 -3.611935 27.116352
v -9.205803 0.209445 -29.911633
v -10.076042 -0.999271 25.838696
v -10.560938 6.393471 17.451183
v -9.008406 3.516228 -34.513763
v -41.155792 6.687163 -42.793854
v -39.422363 11.063543 -49.625366
v -41.312096 8.339884 -51.550259
v -40.502811 3.730855 -44.778122
v -38.406166 12.723251 29.961994
v -41.591743 5.134670 36.621769
v -40.249245 10.135963 31.554935
v -41.157150 8.262650 44.639317
v -40.496204 9.795830 23.309322
v -39.918159 4.249239 5.479656
v -40.960640 8.056255 38.379627
v -40.420891 8.461212 2.308109
v -40.126995 8.707407 6.980946
v -41.679279 6.404198 27.422260
v -42.248772 7.948471 30.112354
v -40.040241 6.113039 -6.781708
v -40.318249 10.677025 -11.851746
v -41.168221 9.458383 -43.331367
v -41.565498 4.984562 44.962894
v -42.146736 5.345631 49.071384
v -40.229294 13.185144 -6.617516
v -40.050732 7.719360 8.079868
v -40.527264 13.572460 26.017094
v -41.189716 7.779478 1.049442
v -38.137646 12.668116 -9.362423
v -37.319340 12.453211 -4.563488
v -40.103142 8.079126 4.623737
v -41.149174 7.070324 50.129398
v -41.095715 4.247438 2.688732
v 28.772247 -9.704665 -44.248684
v 27.834187 -13.937935 43.584408
v 57.470901 -15.232536 9.819370
v -48.039604 13.363972 27.223934
v -31.129662 6.074214 -53.849594
v 24.793926 -10.855522 0.662792
v 7.372860 -5.472410 -4.691704
v 24.742365 -10.442581 38.860195
v -13.902952 3.537582 -10.858322
v 35.537895 -8.783020 -2.541603
v -36.885498 5.133934 13.015820
v 24.858400 -4.997431 11.124470
v 33.396362 -14.564957 52.709034
v -53.076645 14.472481 -8.267490
v -28.508858 4.976658 -53.317116
v 44.674282 -14.032650 21.395809
v -30.313545 4.666496 30.973537
v 56.211281 -10.389801 6.884289
v 44.417725 -18.462790 -39.660095
v 5.470739 -7.992355 34.461720
v 27.671818 -11.170490 15.774426
v 45.998058 -21.798550 -32.541206
v 29.833811 -6.168697 9.232952
v -50.524445 15.542101 0.192631
v -68.431229 15.747112 29.917606
v 26.112858 -9.627533 24.538128
v 21.857943 -3.970090 -42.943405
v 41.699883 -15.430670 -35.475708
v -23.915934 6.843435 3.232281
v -24.080235 7.590816 10.996212
v 9.020945 -0.183012 -56.817051
v 51.836922 -20.511593 -44.504181
v 19.986959 -8.917445 -23.270969
v 5.945181 3.205402 -27.313904
v -56.816471 12.541262 -2.327229
v 20.815699 -10.491165 49.121746
v 67.464729 -19.363546 29.902454
v 12.229649 -5.302698 9.254101
v 10.634680 -4.184916 5.611584
v -60.433071 15.289558 21.303524
v 34.719643 -13.330265 12.976398
v -71.686653 14.969301 -7.799732
v -60.351852 16.989529 20.401112
v 51.824726 -8.811068 17.706608
v 23.534294 -6.430834 3.323544
v -50.718269 9.387306 23.225910
v -54.108528 9.634466 -5.108616
v 41.810230 -14.893208 38.282528
v 4.554684 -9.409865 -16.858891
v 59.248718 -16.540562 15.952534
v -37.000305 5.390598 30.082157
v 54.474304 -15.801415 -5.498852
v -8.398350 -1.320400 38.524815
v -46.096607 5.521839 3.226627
v -57.414486 15.272921 10.102253
v 47.926365 -13.191263 -35.154228
v -39.360577 6.497986 12.267139
v 67.946800 -18.842749 16.018726
v 66.265282 -18.894346 16.692875
v 66.440613 -18.720375 -0.123360
v 67.606636 -18.571098 -13.541889
v 67.830757 -16.246288 15.621006
v 68.472801 -22.257301 -0.246006
v 66.652000 -17.569948 -7.832378
v 65.180756 -19.387560 -3.576283
v 67.584023 -19.967930 -6.897469
v 66.689354 -16.468002 17.926609
v 66.064079 -19.376139 -12.409096
v 65.719482 -16.813093 -1.569889
v 65.563728 -20.450031 28.632381
v 65.619209 -17.691090 27.392002
v 68.100510 -18.981491 -9.223759
v 69.068764 -19.992043 -14.128216
v 67.377182 -17.346069 29.235523
v -68.529701 16.315735 15.937466
v -67.319016 15.655399 17.581211
v -66.633575 16.420542 -0.496586
v -66.544312 18.514454 15.329548
v -70.240875 13.182627 -3.269253
v -68.502312 17.223587 -7.711933
v -68.643982 13.103809 -0.872253
v -69.037422 15.815554 -6.554333
v -67.849892 13.424023 -12.548462
v -71.849159 16.876175 -11.997002
v -67.148270 14.901237 -12.437145
v -69.813461 15.646633 -2.827232
v -67.534927 14.004040 29.203365
v -67.053482 16.234999 -9.516300
v -68.301865 15.170275 -15.220341
v -67.759430 17.498768 29.175510
v -66.358414 16.181568 -3.121105
v 46.502777 -15.878338 21.939335
v 48.917130 -12.630180 14.319729
v 46.190426 -20.206440 -48.546562
v 47.883511 -23.326519 -40.335999
v 49.553219 -17.285347 -49.066750
v 48.971283 -11.728031 26.864048
v 45.893589 -22.514442 -39.141796
v 47.674026 -23.540409 -34.839622
v 48.034180 -11.952020 -11.516392
v 46.743046 -13.628343 -49.840034
v 50.693375 -10.107567 13.390507
v 48.908497 -16.288055 22.975407
v 50.482231 -14.251136 -40.702438
v 47.798561 -17.182714 -6.059692
v 52.104050 -10.068653 21.415195
v 47.932667 -13.511904 27.449703
v 47.215714 -14.740515 -39.002132
v 49.337452 -16.901451 -3.670013
v 47.578026 -14.395011 -11.490589
v 46.385185 -16.384809 -9.948067
v 49.660259 -15.254879 15.238567
v 46.115814 -18.297243 -50.064407
v 45.814365 -21.289524 -46.484245
v 48.864578 -9.889011 25.515110
v 48.208733 -9.950052 -6.462082
v -50.991756 10.035271 17.690411
v -48.661121 13.399601 14.280643
v -51.702129 7.301697 -49.326946
v -50.704514 3.172669 -42.499348
v -48.695366 14.463524 -3.755642
v -49.684334 17.117863 15.987041
v -49.613178 16.737995 20.958164
v -52.694397 2.056859 -37.790127
v -48.150055 12.694891 -11.372471
v -49.523903 14.550446 -8.802155
v -49.103935 10.968261 -32.778843
v -48.703434 11.326446 -42.968941
v -48.870617 7.563316 -7.380421
v -52.408829 15.096062 22.086956
v -48.763706 10.088393 -38.745888
v -48.127880 9.281982 27.306332
v -51.280457 9.020851 -3.565079
v -48.580044 8.304010 -10.244610
v -48.556896 10.354425 -11.493164
v -50.448391 2.901450 -32.663998
v -50.188225 3.821666 -47.624062
v -47.507423 15.383526 24.364803
v 6.382166 -6.030964 30.037746
v 12.895733 -4.156246 52.675434
v 59.799507 -16.810274 18.974987
v 29.446163 -6.915074 -47.842781
v 61.146477 -14.326569 20.760395
v -15.113022 0.578259 47.929371
v 44.637001 -9.432653 28.096279
v -53.567318 10.607129 -45.332966
v -4.371571 -3.630829 -4.811707
v 11.789677 -7.373569 -15.350960
v -43.741779 13.685299 27.273937
v -7.601909 5.044436 4.965771
v 10.113951 3.938269 -17.191196
v -55.879852 7.467072 -43.387844
v -44.291901 12.118240 21.612080
v 52.274357 -16.476742 -37.901394
v 50.270866 -17.085342 -33.236919
v 10.961916 -1.736055 4.919643
v 44.216427 -15.152023 6.384068
v 17.647358 -3.361767 61.168980
v 50.161736 -15.268652 -37.193050
v -13.330658 3.796303 -38.733746
v -52.034611 12.960995 -9.097229
v 30.338497 -8.242180 8.207943
v 16.350849 -7.461521 43.315746
v 21.896042 -10.059685 42.103123
v 16.452404 -5.151417 44.770397
v 40.760727 -15.676678 1.233593
v 45.522610 -15.478107 27.034985
v -34.405907 5.339399 11.009983
v -48.005173 10.667343 18.004559
v 51.743088 -14.993337 -9.010418
v -39.146088 6.495855 1.331257
v 35.205151 -6.328346 -44.987572
v -34.525902 3.445946 54.705936
v -24.490808 3.941576 1.386127
v 12.396387 -0.930747 -24.700417
v 51.815132 -10.681890 -0.326504
v -4.020961 -0.663536 3.244617
v 53.643826 -13.892942 20.853771
v -53.569576 13.257069 20.881016
v -15.938932 6.308346 16.939800
v 36.349850 -10.237803 32.124172
v 27.186209 -8.611862 -49.552826
v -54.680305 10.825897 -41.837124
v -39.065136 4.376649 -36.551155
v -47.234673 7.083551 -39.492439
v -25.726326 9.172306 -0.492062
v -2.271001 3.944695 -21.939976
v -18.078262 0.526634 45.610683
v -35.130924 10.232153 -2.902107
v -30.170147 2.694137 -40.320625
v -50.928223 2.303984 -38.282364
v -25.660229 1.578966 5.004444
v -19.338593 1.367714 20.761623
v -44.525536 9.594109 -35.044353
v 70.936752 -23.772110 -10.116764
v 9.145365 -1.739794 -0.577915
v 5.063494 -8.029530 27.587200
v 5.636497 -5.692604 33.385517
v -43.184738 6.187080 45.957073
v -50.934231 11.093334 12.506947
v 13.610283 -3.553047 46.951443
v -14.992290 3.954205 -59.353527
v 29.951069 -7.558563 14.212070
v 28.312513 -11.823502 50.902149
v 28.493973 -10.469560 -51.410942
v 28.210592 -7.076395 -58.215054
v 27.960560 -10.164555 49.109829
v 26.755850 -11.352528 28.274036
v 28.931583 -7.005647 -52.823650
v 26.475842 -12.441818 -24.133892
v 27.329062 -14.245121 12.932301
v 29.693321 -6.100899 -5.915134
v 31.553478 -9.628326 32.364628
v 29.036919 -4.506245 -41.945427
v 28.156658 -11.903347 -0.635674
v 28.851002 -9.703514 56.879910
v 25.784517 -9.860451 60.052341
v 28.831957 -12.185431 5.346729
v 27.555656 -12.531515 8.224087
v 28.969936 -5.001774 25.942524
v 29.095505 -8.465317 59.596394
v 29.363783 -12.603210 58.217884
v 30.097818 -4.755702 -36.049721
v 27.964973 -11.191978 41.905979
v 28.785812 -4.688008 -21.509808
v 31.576740 -5.721935 -1.076641
v 24.611980 -5.069019 30.040813
v 26.959667 -10.542876 -26.386044
v 27.914385 -13.608580 -21.989944
v 28.682499 -11.710215 0.435543
v 30.506561 -7.659508 -43.754959
v 29.205700 -11.455780 -34.458900
v 28.182255 -12.664871 41.293934
v 28.510595 -5.053822 29.878300
v 27.799797 -11.540972 -3.603401
v 27.293625 -13.608578 48.493008
v -29.930937 7.820389 14.325268
v -28.846785 7.697439 -51.722301
v -30.973717 3.112229 -35.377377
v -29.132977 8.874844 11.127163
v -29.462296 4.671951 49.570255
v -30.376965 1.708961 50.513157
v -29.924040 4.862721 -53.823650
v -28.319817 7.666427 -56.188713
v -29.262768 8.446918 4.327038
v -27.510595 9.566055 7.997227
v -29.256773 4.621405 -50.249916
v -31.089134 1.256226 45.889141
v -31.056255 0.699833 13.032978
v -29.238901 2.327959 -24.907749
v -31.065617 3.334335 -1.407574
v -28.121670 10.941746 -40.333733
v -30.943604 5.575240 -33.899899
v -29.555653 5.328064 57.084263
v -29.197643 10.298410 -2.543781
v -28.589790 1.532532 8.784206
v -29.257050 9.128875 -34.775810
v -31.291328 3.516022 59.024059
v -30.609423 3.784445 1.617527
v -30.085669 3.214867 15.879459
v -28.403278 6.890133 59.748096
v -28.622889 4.064467 -26.484814
v -31.449608 1.563301 -22.270260
v -28.866335 8.519879 -43.332222
v -32.576828 3.849464 -4.884647
v -30.637121 1.497746 41.583424
v -28.211754 7.125034 -26.185787
v -29.590410 4.956585 60.705662
v -25.157070 7.097431 29.681767
v -30.408596 3.294430 28.520290
v 59.346664 -17.642273 -13.168636
v 56.048725 -14.943487 -14.956116
v 56.136543 -16.854347 27.339718
v 57.430305 -16.255714 26.228642
v 57.514320 -14.535412 28.919117
v 60.692947 -15.783554 27.714222
v 58.928913 -14.649430 -14.045723
v -56.232384 12.162811 -12.543262
v -57.277176 14.542643 -15.261101
v -58.482128 13.458355 26.430500
v -58.548313 14.996838 29.357876
v -56.788933 15.479950 28.188221
v -57.536053 15.159393 -12.393108
v 26.317516 -7.923249 -56.229046
v -46.368866 12.637531 18.757214
v 25.778477 -4.392794 -25.388115
v 68.703537 -18.664318 21.657345
v -36.826042 6.997971 13.507374
v -22.684605 1.480431 23.299740
v 68.910980 -22.251823 -10.502174
v -14.099270 1.369751 -48.208431
v -40.191792 6.494625 44.276188
v -43.019493 5.986732 1.184586
v -51.948288 10.672537 -35.679321
v 11.118015 -6.439663 10.364193
v -11.015408 3.595566 5.977665
v 46.118248 -12.656050 19.223949
v 37.606430 -13.313019 12.267170
v -68.052376 17.607918 20.367252
v -36.519226 7.414371 32.545269
v -12.018087 4.818401 50.436329
v 40.795799 -15.868368 41.700703
v 12.095785 -1.421383 20.575733
v 48.919197 -9.451302 18.309208
v 11.854723 -6.780308 35.091557
v -70.768227 13.955502 -10.665043
v 35.411392 -12.523769 33.057499
v 38.391609 -13.559959 44.320370
v 33.334625 -13.173483 15.199162
v 13.064276 -0.422764 54.492771
v -8.569412 -2.176563 30.015263
v 72.289673 -19.597296 23.683292
v -72.629219 17.822052 23.005032
v -8.860561 3.285034 0.794582
v -36.578487 9.889521 -10.229046
v 43.152241 -17.422945 3.380169
v 12.574167 -1.169678 -56.404808
v 12.151730 -2.467502 -57.337795
v -56.168884 11.253284 3.745777
v 13.496582 -5.983864 45.901394
v 24.228670 -4.380912 -19.424713
v -42.650730 7.378273 46.882999
v 23.034592 -7.025898 10.047909
v -5.809579 4.549417 -0.988369
v -27.055639 5.296797 -56.310829
v 23.802507 -13.410767 39.120907
v -7.900154 -4.417801 29.594158
v 33.626595 -6.901205 -23.958370
v 23.275272 -11.080782 5.128910
v -14.550816 8.579768 -38.486591
v 52.697025 -17.763847 -2.679111
v 35.739815 -11.723257 13.534840
v 31.033051 -9.492622 -32.019993
v -27.321926 0.585514 38.320087
v -18.657034 3.686451 45.143063
v -25.294752 0.691988 -25.746902
v -9.623535 7.469734 -16.655567
v -7.185989 -1.700684 28.935230
v -33.823246 6.111874 57.787899
v -39.962696 5.924507 32.275242
v 11.657169 -9.100058 28.003231
v 41.397587 -18.024294 -35.055202
v -9.599808 -1.367085 -1.082966
v 50.558857 -20.817238 -32.780670
v 18.797075 -1.330379 22.236713
v 16.788721 -2.769619 -51.902443
v 18.151873 -4.894618 -55.771828
v 18.694376 -4.407310 -58.403336
v 17.267410 -7.099975 -54.529823
v 18.541500 0.817420 -36.712395
v 16.460478 -3.158523 -29.482845
v 17.404026 -2.751961 25.901447
v 18.332079 -7.225687 -34.547958
v 17.910782 -7.276261 -51.066566
v 17.541763 -5.432661 -50.473606
v 21.581863 -6.526028 -42.919250
v 16.964317 -8.807655 44.453876
v 16.710218 -5.058682 -31.126324
v 18.815105 -0.810556 -31.186716
v 16.189495 -4.674564 59.602589
v 19.551758 -3.197765 19.953945
v 16.773195 -7.459450 18.671680
v 16.623924 -4.554478 57.883442
v 18.784353 -6.931702 -47.417873
v 69.872772 -22.784973 -5.152260
v 70.811096 -20.446167 21.417225
v 71.097763 -21.682186 -1.349380
v 71.119667 -21.597523 -12.062649
v 70.962631 -21.141575 -7.783325
v 69.491722 -19.813553 27.183987
v 70.456795 -24.309174 -3.313519
v 71.469719 -20.071733 -10.570641
v 69.710747 -20.713228 25.692753
v -19.262100 5.015619 -49.371742
v -17.510212 6.209206 -52.413567
v -17.746965 1.548840 47.433704
v -18.662201 3.006363 42.640972
v -17.369368 4.276388 -55.984142
v -16.568224 4.787449 -58.004894
v -18.046259 3.409739 -50.938011
v -16.309441 9.645466 -37.539848
v -18.223932 5.545485 -31.552177
v -17.250908 4.138397 60.783237
v -19.914265 4.172753 -47.774612
v -19.477043 2.181231 -51.160526
v -18.390320 1.326878 42.670567
v -21.890409 4.645066 -42.835518
v -17.357244 6.549225 60.636303
v -16.782543 8.355289 -31.076790
v -17.372843 7.156479 24.920597
v -18.508991 3.838825 58.973789
v -17.853664 4.926300 17.659443
v -17.059628 4.921440 25.993023
v -19.229723 1.811666 -48.266556
v -16.815117 2.501061 -39.754135
v -72.860291 15.433474 -1.555416
v -72.118134 13.189522 -9.794872
v -72.077721 13.768467 -4.798470
v -71.807953 16.461697 25.915821
v -71.195831 19.004219 23.805119
v -73.774971 13.001743 -2.512825
v -72.914650 15.640507 -11.958385
v -72.898331 15.869629 -3.178097
v -73.040596 15.934052 -7.562191
v -69.754089 19.146835 19.874844
v 7.907011 1.441015 7.049053
v 10.235950 3.382163 -25.341206
v 8.189209 -6.255299 32.213398
v 8.574173 -1.686338 -4.457874
v 9.202658 3.002093 -31.159136
v 6.913710 -5.827608 6.933437
v 7.254222 -4.819658 -25.566677
v 8.426189 -4.604704 -1.465244
v 7.184461 -5.882299 10.623325
v 6.799074 -5.455741 -20.322155
v 7.870769 -6.698818 0.410549
v 8.137121 -1.718912 -53.436928
v 6.208466 -3.749889 -28.889160
v 6.598681 -5.199055 38.466610
v 11.510736 3.828854 -13.868870
v 8.948948 4.536686 -8.907925
v 8.461006 -2.691570 32.201488
v 7.877554 -5.610806 26.807499
v 7.451169 -2.982376 30.293270
v 32.078018 -13.781115 -41.331463
v 33.351791 -8.882489 -49.559769
v 34.451019 -8.344271 -40.962509
v 33.784302 -15.877695 -36.495659
v 32.300865 -14.015421 -47.983204
v 33.746246 -9.786774 25.295269
v 34.377338 -15.706968 -46.674393
v 32.845150 -11.697399 -49.764091
v 33.741505 -12.198162 26.613354
v 34.035912 -16.402012 -30.509985
v 33.750938 -5.520439 28.694202
v 35.321270 -11.174590 -22.898701
v 36.480480 -7.695826 -27.888542
v 36.063519 -6.552103 -5.059185
v 31.857716 -15.191195 -26.109882
v 37.317017 -9.708314 -37.062637
v 34.023003 -11.681653 -2.954647
v 35.300694 -12.761089 52.388020
v 35.462875 -15.075855 54.735332
v 37.819248 -9.243455 -26.759636
v 36.597878 -11.147374 -10.389217
v 34.398659 -12.430088 56.515736
v 35.818356 -14.301540 -25.383732
v 35.023598 -13.123180 29.650318
v 33.262901 -6.585789 -7.975506
v 34.573711 -11.813293 54.990101
v 35.343102 -13.813263 31.445675
v 33.348846 -12.089874 -8.816132
v 34.218208 -6.667423 -47.413307
v 35.812840 -12.532129 -40.083973
v 37.492264 -8.299506 -33.680901
v 35.258678 -13.172680 51.129261
v 35.097435 -16.055496 52.232578
v -7.802459 4.960170 -52.897392
v -9.270344 -3.260704 2.212227
v -9.844223 1.166092 29.572453
v -7.867322 7.946815 -25.701694
v -12.655209 -2.807785 38.540722
v -10.158340 0.119968 -24.022541
v -8.153866 6.426006 -19.045254
v -9.051872 -3.283989 28.049931
v -8.545023 2.491132 -54.638653
v -8.273699 4.145227 -57.558662
v -8.435558 -4.313452 -5.915531
v -8.449009 1.195572 32.409718
v -8.200686 -4.921913 26.023556
v -8.220058 2.661900 -4.377697
v -9.878851 -1.469936 35.595554
v -8.195322 1.533577 30.303448
v -36.901978 4.227521 -42.170662
v -33.442497 8.406299 -49.503387
v -39.616409 3.318856 -48.815277
v -38.300171 2.850380 -46.688934
v -38.324394 2.467704 -30.506870
v -37.389336 5.073256 -5.811543
v -32.542538 11.193211 30.373943
v -34.823536 10.709745 -29.585457
v -33.263840 11.420662 -6.862499
v -33.664974 9.812805 -40.340378
v -35.928028 2.537973 -25.494274
v -35.278831 5.433327 27.121395
v -36.103897 1.831348 -36.859047
v -36.277779 10.326517 -25.959686
v -36.768711 3.052391 55.334751
v -35.152443 5.391254 53.887440
v -34.905212 2.709829 -43.456852
v -35.411568 8.106573 -22.306900
v -33.699375 10.885803 27.135952
v -37.935349 4.082338 -25.576317
v -37.392056 4.812489 31.353092
v -37.162449 6.733843 -9.680588
v -36.722656 10.855526 -33.336533
v -33.159676 10.493519 -47.712708
v -38.180706 2.923153 51.687748
v -36.929123 4.737316 51.248119
v 23.920551 -11.352108 -26.593857
v -12.031366 2.201397 -6.856533
v -22.140154 1.851685 -24.188755
v -53.471100 13.789003 -12.514381
v 50.303032 -15.709483 0.877163
v 25.851231 -13.850357 41.254887
v 5.460603 -5.070198 35.370792
v 10.916204 -1.940615 -19.191910
v 54.576000 -17.141029 -2.696400
v -6.477673 2.796650 11.742504
v 55.855137 -16.897074 3.727741
v -39.808834 8.745764 -33.573513
v 26.092499 -11.284962 47.664860
v -54.248798 7.120990 -33.084873
v -44.057907 14.076168 23.640278
v 53.653297 -15.543680 -12.529556
v 50.700600 -13.353386 7.561604
v 57.030109 -15.273478 0.391277
v -15.812613 -1.706799 32.240139
v 25.718830 -7.663935 -3.378613
v -13.190420 3.460480 22.658207
v -35.861206 4.802046 -7.584187
v 72.004128 -23.798416 -2.801254
v -7.701820 -2.267666 33.410610
v -2.458065 -1.486946 33.069729
v 42.589531 -19.502241 -37.799717
v 42.628448 -15.177325 -9.261421
v 39.906738 -13.434151 -51.852020
v 44.317463 -17.456650 5.747700
v 43.838146 -15.020847 3.326412
v 45.015717 -9.781437 22.319973
v 42.880245 -13.681055 29.115452
v 42.825489 -14.128962 -33.436886
v 44.444313 -10.759997 -48.102318
v 43.059845 -9.873623 -11.777714
v 42.934010 -13.839162 -5.597496
v 44.942421 -13.075444 -36.993275
v 40.972595 -14.895157 27.043896
v 42.812710 -15.872110 -38.077499
v 42.248333 -18.512743 -32.486099
v 45.911633 -9.629865 -5.608994
v 42.134686 -18.054750 -43.849136
v 41.787010 -18.988106 -46.543083
v 41.333630 -12.238872 -11.843369
v -47.405579 4.767263 -39.448269
v -47.859978 1.984678 -35.856163
v -47.590134 10.988445 -49.532028
v -44.503544 8.096954 22.631504
v -47.376610 7.069300 -50.805084
v -42.447147 9.134087 -4.949974
v -46.228619 9.916613 -42.644115
v -46.872494 5.898369 6.244259
v -44.233498 12.188815 -47.048027
v -42.720856 7.244572 -10.455242
v -43.171448 13.519907 -10.986706
v -45.898235 9.385944 -5.256832
v -44.072327 6.808125 25.621601
v -45.201279 8.717870 -37.779209
v -46.596012 3.957833 -32.451462
v -42.317810 14.453945 -7.439125
v -44.835564 8.518406 5.709736
v -44.105320 8.563356 8.236805
v -45.586075 4.503706 -43.889229
v -46.214394 3.408773 -47.493263
v -40.736404 8.842760 -11.774197
v -41.127823 11.340376 -45.129425
v -44.681419 7.665464 -6.938828
v -42.021309 5.157387 -51.014610
v -46.436153 6.961067 -30.888947
v 30.031944 -9.429574 -43.275208
v 37.316689 -15.750504 48.645977
v -39.106537 5.799133 48.046276
v 36.794292 -13.367905 2.952229
v 41.139153 -14.713409 46.407246
v -5.896437 -4.609375 29.899632
v -10.834276 6.944796 -9.398804
v -10.802073 8.005556 -35.615295
v 37.700779 -14.892788 34.618649
v 14.202749 -6.560255 23.661045
v 12.462210 -8.896904 34.196827
v 38.171646 -14.927578 45.046627
v 16.365711 -4.193072 -55.292530
v 68.733902 -18.249840 -6.827335
v -73.705307 13.116003 -9.720917
v 7.337466 1.145960 -0.794724
v -44.374672 12.254498 28.854908
v -52.727180 8.804079 -48.054237
v 54.187698 -13.089949 22.616718
v 2.838813 -7.092880 28.394825
v -54.284958 13.484705 -7.128841
v 61.410236 -16.441496 -5.185787
v -61.705616 15.047277 -5.561394
v 23.677660 -4.804646 60.873066
v 71.164970 -17.960144 25.816792
v -23.564669 4.757374 9.957104
v 69.155167 -19.076723 -11.250580
v -70.480446 18.118591 26.723202
v -40.210442 6.315071 38.436207
v -23.101109 7.284359 -18.807262
v -15.534269 3.027519 49.589260
v 4.554909 0.430232 -29.090038
v 5.412376 -6.881638 31.458118
v 11.225607 -2.021221 52.292408
v 27.385284 -4.405005 10.784153
v 26.273035 -7.506261 -61.116653
v 26.264980 -12.550846 51.683537
v 25.601696 -10.645355 25.746037
v 27.828882 -4.098362 27.363255
v 24.687201 -12.193027 -18.544483
v 25.628433 -7.702264 -27.822788
v 27.149916 -7.693455 57.976292
v 25.360413 -5.222115 23.501888
v 25.775621 -12.861916 5.126118
v 26.198080 -11.213278 -37.168640
v 26.516750 -10.050316 58.239544
v 27.617311 -6.923758 -43.728462
v 25.686184 -9.397018 51.784763
v 26.751860 -4.132389 -20.063278
v 26.408659 -6.378157 -16.952068
v 27.892437 -5.424309 6.167759
v 26.443043 -8.001024 14.110600
v 25.607397 -5.395760 -1.446033
v 25.329851 -10.057304 -16.772648
v 26.930698 -9.869079 -56.512688
v 27.045870 -4.283340 0.365963
v 26.006441 -7.474894 23.366749
v 25.856977 -4.696948 -35.508469
v 24.510330 -5.884151 59.135090
v 26.329182 -8.608685 61.281956
v -26.211071 9.383219 10.789288
v -28.244686 4.464080 -58.922554
v -28.761292 9.516556 27.351551
v -26.296389 5.111835 -16.365402
v -24.755037 8.620987 -25.222668
v -27.585552 3.165106 -1.698986
v -26.941923 3.497509 28.898342
v -26.810579 9.544008 2.042812
v -28.628723 3.068352 39.870144
v -27.339315 0.921583 -19.079762
v -25.113068 6.859400 -27.239021
v -28.072399 6.296612 57.843494
v -24.955128 7.784409 24.627697
v -26.404467 4.694581 -35.139599
v -29.420439 1.328238 5.080776
v -28.927973 2.656081 -37.730286
v -26.847841 3.539159 -27.458580
v -24.845135 4.011784 60.364857
v -27.536625 7.285954 -43.809586
v -28.894432 3.745667 52.054279
v -26.348930 9.647635 -20.899242
v -25.785954 8.072868 -17.852757
v -28.496494 2.744705 -17.558517
v -26.284882 4.395177 -58.241486
v -28.333813 2.252520 1.380852
v -25.385468 8.537072 -35.620590
v -24.487587 3.260757 -42.660385
v -26.762516 0.262758 -23.049992
v -25.294182 1.570820 52.357853
v -25.854393 8.384159 6.095974
v 54.390633 -9.941061 5.431881
v 54.331425 -10.976040 -3.564945
v 50.169247 -23.521633 -40.332771
v 51.880470 -16.257153 6.677265
v 51.848679 -17.157963 -6.887798
v 55.217117 -10.920761 17.073765
v 53.800930 -9.494341 13.839870
v 54.120670 -15.009586 27.559917
v 53.709312 -13.167488 25.836185
v 52.054653 -13.287263 -9.021500
v 53.619560 -16.101536 24.750782
v 54.436779 -14.875989 -8.244247
v 53.117847 -17.199106 11.186565
v 51.805882 -14.947435 22.969959
v 53.492405 -12.538900 -7.396427
v -52.880157 17.788828 7.033108
v -51.765015 15.928930 -5.724918
v -53.296940 10.844667 6.094753
v -55.703590 9.545113 -37.014626
v -55.453053 3.459816 -39.487907
v -53.854694 9.728203 -1.065979
v -53.214691 11.274471 -8.363178
v -51.001354 16.090431 -3.502743
v -55.036499 13.083969 27.845356
v -51.717560 17.687950 16.718037
v -52.577641 11.651867 22.654530
v -51.841358 13.585075 24.146915
v -54.314060 11.841782 17.586422
v -54.313488 11.823460 -10.929943
v -53.037796 10.541840 15.012791
v -57.704811 13.871433 8.397167
v 13.084776 -3.520788 -16.276150
v -13.231573 5.173018 -14.004238
v 38.439323 -13.782917 38.711872
v -75.317215 13.705229 -6.314705
v -50.520721 13.453394 7.917255
v -8.865917 -4.436207 34.623394
v -16.403667 1.418216 -37.984531
v -10.874256 4.201786 52.785801
v 17.111048 -3.998267 -60.860447
v 72.925499 -22.157728 -6.395199
v 14.649834 -4.059441 -53.545639
v -14.151342 3.657772 52.678242
v -56.006004 11.198423 10.754009
v -15.639639 2.902979 -51.746574
v 10.653423 -6.386246 33.595707
v -13.866852 -2.088558 -11.848938
v 38.465984 -11.879982 -27.067432
v -9.024988 -0.753811 37.068989
v -30.826284 6.244277 -43.261925
v 14.193609 -3.822927 -39.503990
v -38.607979 5.670887 34.387905
v -74.955528 15.516947 -6.483341
v 37.585800 -14.342224 36.483173
v 24.681160 -5.770504 6.167492
v -11.836674 6.126862 55.631733
v -10.784998 4.280824 -53.673485
v 22.446375 -8.495319 21.705975
v 12.066345 -3.896288 -36.137142
v -7.196272 4.026949 -54.327564
v 12.886091 -1.553196 9.802311
v -39.725582 8.042434 -28.048588
v 61.264198 -15.450874 12.319996
v 61.167511 -14.576168 15.363865
v 64.222130 -15.408249 22.599514
v 60.458736 -17.746552 13.295429
v -61.110985 16.153727 12.357121
v -63.682590 17.509865 22.599125
v -61.411129 13.971254 -13.044350
v -60.062225 15.560373 -15.336895
v -60.574097 16.761154 14.674915
v -61.537247 13.648952 13.319286
v -32.577953 3.242258 -45.213150
v -69.294907 17.759647 23.858570
v -22.676441 1.206072 -21.370144
v 5.963035 -6.445299 -0.710445
v -27.604141 4.416290 24.835392
v 38.798012 -12.136492 7.815273
v -21.156822 4.435667 -21.139675
v 68.803711 -19.912172 24.436573
v -12.504225 -1.031387 32.450298
v -29.159081 1.570255 49.227512
v 50.847519 -12.074728 3.337154
v -16.196032 1.626637 16.071415
v 58.005104 -13.360184 7.434422
v 15.850023 -1.155192 -28.456997
v 37.933300 -15.754796 6.182163
v -23.045952 3.361043 -26.885006
v -12.190371 2.532898 -36.012959
v 30.212336 -10.288294 -51.518341
v -12.844435 6.660463 14.852619
v 21.664518 -8.649802 -18.687187
v -22.399914 1.736660 52.236523
v 14.961510 -3.165821 55.513294
v -13.963518 -0.469452 31.686054
v 20.218534 -10.082008 52.151386
v -11.613338 6.713365 -58.934563
v -39.807053 3.876785 52.743694
v 35.873131 -13.213390 -41.796761
v 39.120506 -6.603977 -6.004307
v 38.285858 -12.873547 47.235645
v 37.707088 -13.996679 -35.720524
v 38.212845 -9.676941 24.439159
v 38.208832 -11.693554 35.006809
v -39.655590 7.397266 49.166035
v -39.861145 8.410717 33.232166
v -36.648491 6.937145 25.934277
v -37.342072 10.146553 24.773167
v -40.367104 4.190350 49.135944
v -34.554256 11.488931 -46.370136
v -38.861275 7.927975 34.985989
v -41.583492 11.367083 -4.859413
v -35.284306 11.029522 -43.564163
v -35.573322 6.768156 -2.670570
v -65.451096 14.858448 -0.243183
v -55.562580 13.523472 -9.757946
v 27.901524 -7.273314 -47.774456
v 15.050407 -5.421484 -52.205437
v 15.066509 -0.579319 20.640530
v -47.877552 4.951151 -41.540176
v -12.509289 4.204068 -56.918442
v -69.998787 18.002777 17.430882
v 14.320364 -6.519088 -37.047935
v -48.667427 11.550417 -2.770866
v 15.553688 -7.131283 47.906597
v 57.230595 -12.025126 2.192471
v 16.628614 -3.510210 15.730671
v -54.618870 14.946774 23.825184
v -19.315353 7.521323 -33.273499
v -9.510324 -5.183514 -17.450909
v 3.532358 -6.791489 36.315266
v 14.880136 -3.753242 -59.241924
v 56.103985 -13.332344 25.662266
v 64.142700 -16.016743 13.207767
v 62.955971 -17.060972 30.648205
v 64.790871 -20.910423 -8.009251
v 64.819496 -20.787127 -1.629093
v 64.956902 -17.548227 -5.962399
v 66.310814 -18.197920 17.954426
v -64.928841 16.579128 13.494793
v -62.670189 15.274281 30.681461
v -66.916046 12.955135 -8.096249
v -66.122002 16.561378 27.602421
v -67.055710 14.618237 27.061901
v -60.919102 14.166830 -16.381729
v -66.535614 13.353033 -2.482170
v 22.642973 -12.032259 -25.049671
v 24.308323 -11.218998 49.468739
v 20.622871 -11.110439 50.765339
v 23.024441 -6.110882 -18.130783
v 21.897259 -8.120307 -26.963730
v 21.383348 -10.117214 26.602451
v 23.718090 -7.666775 30.323612
v 23.367798 -8.187757 1.353161
v 22.451836 -8.140446 51.828831
v 27.286926 -2.810910 -39.310017
v 22.285351 -10.192165 -39.862480
v 24.976143 -4.469128 8.494335
v 23.350769 -5.173549 -26.405746
v 25.085932 -4.966759 -60.192905
v 24.013968 -10.982203 10.478916
v 24.816574 -8.778044 -60.023182
v 21.866131 -11.744601 -21.657066
v 22.655512 -6.394373 -61.874958
v 23.647802 -3.909879 -23.264187
v 24.194286 -10.282646 40.733677
v 24.292566 -5.998439 -58.653164
v 22.986885 -11.510429 37.936878
v -25.776085 0.994350 49.850178
v -25.059286 3.257021 -17.160473
v -23.998173 4.805267 6.267994
v -25.219746 8.229553 28.830570
v -22.296745 7.174446 61.099659
v -23.221298 3.749260 28.879070
v -20.261486 9.337391 -41.315380
v -26.839924 2.911892 25.937634
v -24.823660 1.859925 -39.660004
v -24.012005 8.129389 8.472935
v -24.342953 8.303879 -43.091557
v -23.583115 4.491896 -60.293957
v -25.986275 0.497097 41.045795
v -23.214252 6.517784 58.973255
v -27.682068 -0.311283 39.511791
v -22.570410 7.999266 -23.375530
v -23.620337 5.749743 -58.884296
v -24.634747 7.175395 -58.931000
v 48.272221 -15.487474 -31.678175
v 47.678646 -9.100628 22.964680
v 48.426598 -15.245069 -2.643604
v 48.154434 -12.845963 -44.713188
v 43.865864 -22.160645 -35.723564
v 45.508709 -21.240055 -42.682732
v -46.625755 14.677883 -7.560116
v -50.178707 7.232440 -31.016235
v -47.549782 11.321963 -36.385696
v 44.416809 -18.753647 -41.346077
v -28.745651 3.575642 42.708996
v -12.733027 4.820720 -60.244934
v 2.506883 0.138748 -3.111805
v -30.516884 7.267944 7.912281
v -10.505833 3.539042 -19.222492
v 13.604717 -1.862507 58.296803
v 29.731041 -6.810545 4.354221
v -13.112789 5.872551 58.474308
v -12.205761 4.676294 -49.752789
v -54.873466 15.365520 -12.305241
v 55.892258 -10.800728 12.420467
v -39.900604 4.283580 -30.007942
v -12.603481 5.310017 21.523129
v 58.292801 -17.643295 -15.132313
v 56.311352 -13.546640 -13.586353
v -56.981628 15.532137 0.862598
v -55.786392 17.588385 6.627506
v -57.221249 12.656897 -14.845318
v -55.665379 12.188652 26.078678
v -58.084450 13.873215 -12.124599
v -16.459023 2.775928 25.487309
v 52.639500 -15.911888 -42.645363
v 2.216524 -2.583920 19.366482
v -8.140898 -3.544178 38.191708
v 15.518181 1.331398 -29.354744
v 36.752972 -13.183895 11.970310
v -13.169020 2.303310 -49.701622
v -13.531393 6.653976 55.603291
v 15.836239 -0.540574 -39.406181
v -7.203735 -4.129086 25.211369
v 9.946354 -5.124060 1.545216
v -14.703409 6.146700 -40.176704
v 13.759384 -5.764851 49.821026
v 11.503134 -10.422062 32.240292
v -13.343029 5.221912 51.287861
v 9.141676 -1.931187 17.479939
v -29.973236 6.038919 -57.526299
v -15.806698 1.532043 44.768597
v -37.406612 10.448316 -29.511536
v -37.613674 9.742979 -36.372368
v 45.038624 -11.345264 21.121410
v 14.237230 -1.818398 51.528515
v -14.992687 4.374039 13.893131
v -22.374374 3.277447 50.388218
v 35.553177 -9.909770 -41.034340
v -13.760651 -0.397491 35.339527
v -65.486519 15.154856 -5.724133
v 25.436947 -11.213142 14.084766
v 69.501877 -17.531416 24.556690
v 68.321602 -21.358086 -3.597424
v 65.917961 -21.345825 -14.667870
v 68.952538 -19.853746 20.001240
v 68.897537 -19.863642 -2.445557
v -69.270012 18.449875 25.885174
v -69.346558 13.481516 -14.089569
v -69.897514 15.736343 24.486744
v -69.403343 16.559496 -11.325794
v -69.945740 15.672741 27.110050
v -70.890839 13.850988 -0.201523
v -70.389259 15.943790 19.674168
v 34.174450 -15.187582 -38.916248
v 33.197041 -9.138041 -9.525150
v 32.024696 -12.170681 30.839771
v 33.516998 -14.927105 55.383976
v 31.575859 -12.522946 -5.293945
v -35.818161 1.985136 -33.133648
v -33.917366 5.360103 -49.522694
v -32.755299 9.748603 -42.792347
v -35.447403 3.501789 -41.050774
v -34.787838 5.460102 31.270573
v -33.464935 8.258884 32.418972
v -13.660324 0.672447 -16.069469
v 30.101507 -9.577801 3.901340
v -30.989559 6.089397 3.894863
v -25.441154 6.673773 -2.511318
v 10.457062 -8.299187 38.089787
v 2.822031 -3.298262 2.763332
v 18.412292 -7.198555 41.419735
v 29.935081 -11.654674 -29.936996
v 29.998350 -8.989677 -54.956104
v 9.890184 -5.500996 17.428310
v 11.773357 -2.373436 32.992939
v 20.750166 -8.480812 49.680347
v 55.668694 -13.929886 16.801136
v 15.479666 -4.285511 47.976246
v -14.773626 3.132861 -53.626137
v -38.550880 6.199036 11.970325
v 7.420703 -0.265562 11.432354
v -54.103886 16.135365 18.169720
v 22.308973 -7.119236 -60.094395
v 20.788240 -5.476400 -23.098225
v 21.503813 -8.917171 28.484882
v 19.788074 -6.822163 43.004307
v -23.306963 0.795185 49.123753
v -23.397404 0.074268 50.716145
v -23.684795 4.414669 59.231678
v -23.775333 2.109360 38.436779
v -23.532211 10.599435 -39.043430
v 44.374088 -8.085129 -9.664722
v 39.899048 -17.383095 6.018604
v -43.944691 6.736876 8.834629
v -43.611233 4.102068 5.961529
v 11.771967 -1.828370 -52.040592
v -54.620750 17.159843 -0.096897
v 27.516510 -8.634186 -43.681587
v -50.834419 11.805397 -45.840759
v -13.069757 -2.988415 36.574970
v -5.893255 4.807264 6.999928
v -66.080368 17.637516 17.698048
v -13.542456 1.516445 47.093342
v -3.865273 0.760061 -25.861404
v 26.965260 -10.706745 42.929012
v 71.900787 -21.466326 -3.112713
v 51.126396 -16.123886 17.907261
v 51.487030 -10.684723 -6.607204
v 51.920086 -13.302658 24.112659
v -53.837101 3.603069 -33.634182
v -52.475159 9.371045 -33.491119
v -52.370872 11.663806 -40.398285
v 13.425793 0.276190 -58.989849
v 8.770233 -3.597252 17.396000
v -28.301720 5.683435 -43.633610
v -12.210165 4.506474 57.327305
v -46.906830 14.816502 18.640980
v 28.850445 -4.854839 2.030483
v 12.784866 -1.503419 -48.633835
v -50.549488 10.789572 -1.144390
v 12.022636 -4.864296 49.064121
v 7.802905 0.446335 2.014542
v 4.363108 -8.440292 35.709141
v 5.496237 -9.358713 -7.667896
v 6.367573 -5.085999 16.770214
v 7.059622 3.636786 -20.507687
v 4.783364 -7.200294 24.789234
v 5.628339 -7.007122 3.093418
v 30.671736 -8.212209 -52.461578
v 28.800190 -11.379375 2.357216
v 29.991171 -10.485331 7.763340
v -9.824247 -1.987732 32.159397
v -8.063097 -4.825550 36.744663
v -7.767706 -1.427128 16.751591
v -8.302691 -1.657604 -20.314278
v -31.552120 6.380325 -47.865898
v -31.160532 7.432222 -52.315155
v -31.379974 4.340313 7.970791
v 3.099305 -3.219276 30.873623
v 15.624968 -8.275036 22.356846
v 14.184807 -5.096386 -46.497276
v 15.181463 -3.552074 -48.892239
v 15.374439 -0.465317 16.403042
v 14.399044 -7.594944 46.526775
v 12.879614 -5.532270 -48.183014
v 14.609005 -6.206157 -33.034142
v 17.442841 -1.725872 58.987545
v 17.486979 2.036894 -32.832985
v 15.797115 -1.772678 55.770542
v 13.238518 -6.806597 16.473888
v 14.460588 -3.382014 -46.866650
v -3.173186 2.963045 0.673580
v -14.700417 2.323868 -46.445744
v -15.704130 4.566258 -48.563408
v -16.088533 3.479458 47.335697
v -12.706762 8.342040 -28.498299
v -16.602856 2.811326 -49.849876
v -14.645082 6.815346 21.574924
v -14.573690 1.284231 -33.529381
v -15.149872 3.271584 46.055546
v -17.172689 1.169438 -35.492283
v -12.577444 7.085911 18.697605
v -14.194418 10.201260 -32.736336
v -61.316269 14.014256 19.018406
v -38.953140 7.845680 31.342228
v -11.925406 3.039383 54.428936
v -14.350290 -1.664207 27.774067
v -28.277969 3.460705 48.797153
v 45.194778 -13.486197 -4.796455
v -35.915939 8.419958 -40.550690
v -56.641117 5.483413 -37.363571
v 52.903702 -21.438503 -39.547142
v -56.515083 13.029911 13.379391
v 12.350798 -4.138978 -49.843506
v -36.955624 6.365002 -40.744328
v 44.865028 -18.700443 -31.010517
v 27.448042 -8.742510 -52.186935
v 14.967430 -5.018864 25.145184
v 37.307808 -12.801044 12.000355
v 38.735600 -8.062983 -3.993977
v 37.796417 -14.945086 -29.905224
v 36.615524 -13.732361 53.539173
v 38.982052 -7.279246 -9.315941
v 38.644905 -11.608038 -3.743465
v 37.025452 -13.295495 -8.696468
v -38.932613 6.450611 -25.564354
v -38.851929 6.802105 12.000378
v -37.990967 6.116741 53.124203
v -36.963722 12.982708 -7.659035
v 12.941120 -8.596657 31.710491
v 51.509895 -23.012972 -37.401154
v 28.129969 -7.411650 -26.155048
v -47.353832 8.169951 -40.823624
v -11.217651 9.558557 -31.919334
v 45.738564 -12.962429 -33.472786
v 45.086025 -15.297873 -31.012611
v 45.996078 -14.182356 -42.336109
v -46.347477 10.427732 -32.592659
v -46.243916 12.506779 -4.724781
v -47.431129 8.136120 22.759083
v 55.486568 -16.923626 10.558918
v 59.663391 -15.196608 16.424725
v -59.523777 14.925129 16.653828
v -28.239525 6.324223 -51.455963
v 28.387045 -10.119410 -57.066628
v 14.800814 -0.361137 56.700954
v 13.261442 0.517105 17.057316
v 13.462595 -3.313129 56.970440
v 55.270172 -15.282818 23.788151
v 54.431923 -16.070883 -10.802372
v 54.883167 -13.135140 -10.491993
v -13.161354 3.879172 -46.810711
v -54.235401 17.528700 11.908009
v -54.836990 15.399696 -4.460018
v 6.293354 -3.246019 12.260014
v -7.752396 -1.889099 7.047527
v -12.335623 1.907806 50.391285
v -16.094707 2.901296 -30.858948
v 45.158180 -14.668079 -38.716530
v -2.228714 0.416613 0.444145
v -43.429386 5.928951 37.809452
v -14.699661 -3.685230 32.166050
v -42.520344 7.981770 36.813175
v -43.178806 8.260399 41.819576
v 72.796722 -24.200224 -6.511421
v -12.541904 -3.239758 33.913624
v -12.030384 1.637917 31.890476
v 22.763695 -11.994175 40.937336
v 11.329926 -1.615416 -47.819237
v 12.717743 -2.167885 49.683590
v 11.353249 -6.906563 28.690220
v 9.838713 -9.081177 35.643986
v 14.273987 2.492972 -34.743698
v 15.223898 -4.344006 14.211834
v 49.157074 -21.047581 -46.920074
v -53.672321 4.622730 -45.080696
v 69.620628 -16.905733 20.592701
v -37.870579 5.069855 55.298389
v -59.133846 14.634201 14.682545
v 59.235897 -15.474380 13.976154
v -74.944313 14.924963 -3.683552
v 11.269505 -4.342716 31.594921
vn 0.2492 0.9176 0.3096
vn 0.3448 0.9089 -0.2348
vn 0.2608 0.9588 -0.1123
vn -0.1502 -0.6421 0.7517
vn -0.1969 -0.9801 0.0261
vn -0.4289 -0.7898 0.4386
vn 0.1078 -0.8852 0.4525
vn -0.0967 -0.3910 -0.9153
vn 0.0641 0.1869 -0.9803
vn -0.6101 0.3926 -0.6882
vn -0.5076 -0.2339 -0.8292
vn -0.2633 -0.5864 -0.7660
vn -0.1681 -0.8943 -0.4147
vn -0.0115 -0.8474 -0.5308
vn 0.3264 0.9444 0.0385
vn -0.1197 0.9556 -0.2693
vn -0.6222 0.7826 0.0217
vn -0.0076 -0.9946 0.1038
vn -0.2556 0.0366 -0.9661
vn -0.4014 -0.6314 -0.6635
vn -0.5577 -0.8291 -0.0397
vn -0.8586 -0.4898 0.1510
vn 0.2239 0.9070 0.3568
vn 0.1863 0.6874 0.7019
vn 0.4205 0.5870 0.6918
vn 0.2433 0.0821 0.9665
vn 0.1572 0.6602 -0.7345
vn 0.5401 0.8391 0.0646
vn 0.1385 0.9635 0.2293
vn 0.0885 0.2301 0.9691
vn -0.5201 0.1570 0.8395
vn 0.6949 -0.4619 0.5511
vn 0.3192 0.8791 0.3539
vn 0.1124 0.5501 -0.8275
vn -0.2521 0.7947 -0.5522
vn 0.6269 0.4313 -0.6489
vn -0.0321 -0.7614 -0.6474
vn 0.5612 -0.3058 -0.7692
vn 0.1554 0.8771 0.4545
vn -0.2532 -0.9544 0.1584
vn -0.4829 -0.8637 -0.1443
vn -0.0787 -0.9679 -0.2387
vn -0.6220 -0.7822 0.0355
vn 0.7485 -0.6601 -0.0633
vn 0.0821 0.8939 0.4407
vn 0.4736 0.5433 0.6932
vn 0.9705 0.2329 0.0632
vn -0.2944 -0.9557 -0.0039
vn 0.2803 0.2126 -0.9361
vn 0.1268 0.8129 -0.5684
vn 0.3372 0.8247 -0.4541
vn -0.0759 -0.9755 0.2065
vn -0.5963 -0.5880 0.5465
vn 0.2309 0.7298 0.6435
vn -0.0695 -0.9951 0.0702
vn -0.8318 -0.5313 -0.1605
vn -0.4121 0.5834 -0.6999
vn 0.0583 -0.5265 -0.8481
vn -0.1131 -0.9921 -0.0549
vn 0.1239 -0.9616 0.2450
vn -0.1732 0.5049 -0.8456
vn 0.3432 0.6646 -0.6637
vn 0.2827 0.9030 0.3235
vn -0.1476 -0.6502 -0.7453
vn -0.0586 -0.7892 -0.6114
vn -0.3225 -0.7515 0.5755
vn -0.5419 -0.7245 -0.4259
vn -0.7008 -0.6853 0.1982
vn -0.8177 0.5650 -0.1103
vn 0.6796 0.7096 -0.1860
vn 0.9707 -0.2391 0.0232
vn 0.3535 -0.8225 -0.4457
vn -0.2484 0.3058 0.9191
vn -0.1940 -0.5847 0.7877
vn 0.1180 -0.8062 -0.5797
vn -0.2899 0.3320 -0.8976
vn 0.3457 0.2450 -0.9058
vn -0.4003 -0.7528 -0.5226
vn -0.6600 0.1389 0.7383
vn 0.4729 0.8297 0.2966
vn 0.2974 0.9539 -0.0410
vn 0.7092 0.7017 0.0680
vn -0.4375 0.8404 0.3198
vn 0.1632 0.4088 0.8979
vn -0.4742 -0.8789 0.0512
vn -0.1656 -0.9844 0.0587
vn -0.2813 -0.3199 0.9047
vn 0.3138 0.9397 -0.1357
vn 0.7816 0.5592 0.2764
vn 0.4426 0.8931 -0.0807
vn -0.1302 0.9812 -0.1427
vn 0.2504 -0.4819 -0.8397
vn -0.5568 -0.7990 0.2270
vn 0.2449 0.7962 -0.5533
vn 0.3352 0.7505 0.5695
vn 0.4350 0.8805 -0.1883
vn -0.0723 0.1351 -0.9882
vn -0.5048 -0.8622 0.0430
vn -0.1162 0.7811 0.6135
vn 0.1261 -0.9382 0.3223
vn 0.5754 -0.7743 -0.2633
vn -0.4391 -0.8919 -0.1083
vn 0.3270 -0.2160 -0.9200
vn 0.0185 -0.9719 0.2347
vn 0.7768 -0.3158 0.5448
vn 0.1409 -0.9362 -0.3221
vn 0.9677 -0.2323 -0.0981
vn 0.1221 -0.5439 0.8302
vn -0.5269 -0.8191 0.2267
vn -0.2146 -0.9070 -0.3625
vn -0.0986 0.7173 -0.6898
vn 0.0549 -0.6746 -0.7361
vn 0.3421 0.6705 -0.6583
vn 0.0429 0.9439 0.3274
vn 0.6245 0.7389 0.2529
vn -0.0235 0.8941 -0.4472
vn -0.0347 0.7066 0.7067
vn -0.7068 -0.7057 -0.0492
vn -0.7146 -0.6574 -0.2391
vn -0.1890 -0.6285 0.7545
vn -0.8921 0.2525 -0.3746
vn -0.8392 0.5428 -0.0335
vn 0.3590 0.2132 0.9087
vn -0.0764 -0.9943 -0.0741
vn -0.0250 -0.2369 0.9712
vn -0.4457 0.0625 -0.8930
vn 0.3994 0.4581 -0.7942
vn 0.0450 -0.8330 -0.5515
vn 0.2573 0.9581 -0.1261
vn -0.1522 0.5697 0.8077
vn 0.7663 0.6248 0.1495
vn 0.7470 -0.2980 0.5943
vn 0.2703 -0.1148 0.9559
vn 0.4832 0.7474 -0.4560
vn 0.3348 0.9408 0.0522
vn 0.5980 0.7903 -0.1336
vn -0.2422 0.8728 -0.4238
vn -0.0110 0.9771 -0.2124
vn -0.0287 0.8307 0.5559
vn 0.2315 0.8678 -0.4396
vn -0.3093 -0.7115 -0.6310
vn -0.0714 0.0267 -0.9971
vn 0.3695 0.7902 -0.4889
vn -0.2207 0.4649 -0.8574
vn -0.3312 -0.8129 -0.4790
vn -0.0002 0.9090 -0.4168
vn -0.9524 -0.3005 -0.0504
vn -0.2967 -0.9046 -0.3060
vn -0.8436 0.1676 -0.5102
vn 0.0727 -0.9365 0.3430
vn -0.3306 -0.9422 0.0536
vn -0.1804 -0.9798 0.0860
vn -0.6243 -0.7791 0.0568
vn -0.7374 -0.1258 0.6636
vn 0.4607 0.8805 0.1116
vn 0.0548 0.9624 -0.2661
vn 0.3333 0.9428 0.0013
vn 0.2955 0.7764 0.5567
vn 0.3720 0.8921 0.2565
vn 0.6006 0.7775 -0.1864
vn -0.2375 -0.9645 -0.1154
vn -0.6674 -0.1617 -0.7270
vn -0.4332 -0.6458 -0.6288
vn -0.5140 -0.7782 -0.3609
vn 0.1457 -0.8776 -0.4567
vn 0.3606 -0.5092 0.7815
vn -0.3949 -0.8714 0.2911
vn 0.6532 -0.6998 -0.2893
vn 0.9345 0.2220 -0.2783
vn 0.6649 -0.1504 -0.7316
vn 0.8430 -0.3850 -0.3756
vn 0.1587 0.9408 -0.2996
vn 0.2934 0.9302 -0.2205
vn 0.1778 0.9791 0.0984
vn -0.3744 -0.8822 -0.2855
vn -0.4562 -0.7839 -0.4213
vn -0.8050 -0.4545 -0.3812
vn -0.2439 -0.9302 -0.2742
vn 0.1102 0.9914 -0.0711
vn -0.0809 0.7966 -0.5991
vn -0.4192 0.6637 -0.6195
vn 0.2928 0.7015 0.6498
vn 0.4568 0.4130 0.7879
vn 0.8336 0.5308 -0.1527
vn 0.3555 0.7569 -0.5483
vn -0.4576 -0.8289 0.3216
vn -0.7502 -0.3969 -0.5288
vn -0.1504 -0.9141 0.3767
vn 0.5077 0.0744 0.8583
vn 0.5168 -0.3161 0.7956
vn 0.6529 0.7351 -0.1827
vn -0.2944 0.2483 -0.9229
vn 0.0131 0.6715 -0.7409
vn -0.4505 0.1085 -0.8862
vn -0.0158 -0.9854 -0.1697
vn 0.5283 0.7497 0.3985
vn 0.1216 -0.6354 -0.7625
vn -0.1259 -0.1516 -0.9804
vn -0.1958 -0.8076 -0.5563
vn -0.8573 -0.4993 -0.1257
vn -0.6296 -0.5996 -0.4941
vn 0.5490 0.7318 0.4039
vn 0.3143 0.9133 0.2590
vn -0.0920 -0.9832 -0.1577
vn -0.2147 -0.9606 0.1767
vn -0.0579 -0.9245 -0.3767
vn -0.1632 -0.9821 0.0942
vn -0.8157 0.4717 0.3349
vn -0.2385 0.9703 -0.0413
vn -0.3384 0.6035 0.7220
vn 0.6092 0.5862 0.5342
vn 0.2524 0.9676 0.0012
vn 0.2059 0.4479 -0.8700
vn 0.2290 0.8302 -0.5083
vn 0.0625 0.8603 0.5060
vn 0.1703 0.5864 0.7919
vn -0.2596 0.5484 -0.7949
vn 0.7158 0.6925 -0.0896
vn -0.2642 -0.7567 0.5979
vn 0.1170 0.9442 -0.3079
vn 0.0913 -0.8030 -0.5890
vn 0.4017 0.2867 -0.8697
vn -0.2736 0.9175 -0.2886
vn -0.0871 0.9767 0.1963
vn -0.0060 0.9540 -0.2998
vn -0.6092 -0.6592 -0.4408
vn -0.0587 -0.9702 0.2351
vn -0.9414 -0.3134 -0.1244
vn 0.2610 -0.7346 -0.6263
vn -0.1079 -0.9861 -0.1263
vn -0.1257 -0.8894 -0.4394
vn 0.2123 -0.2938 0.9320
vn -0.5996 -0.2501 0.7602
vn 0.1632 0.9334 -0.3196
vn 0.3725 0.7629 -0.5284
vn 0.4221 0.8828 0.2060
vn 0.5580 0.7790 -0.2859
vn 0.3903 0.8841 -0.2571
vn 0.0031 0.9595 0.2818
vn -0.0124 -0.9625 -0.2709
vn -0.5127 -0.8558 -0.0690
vn 0.3921 -0.8611 -0.3236
vn 0.6115 0.3449 -0.7121
vn 0.2040 0.7426 0.6379
vn -0.3908 0.8981 -0.2018
vn -0.1108 0.5372 0.8361
vn 0.1231 0.1404 -0.9824
vn 0.2668 0.8102 -0.5220
vn 0.2938 0.9413 -0.1665
vn 0.0338 -0.6220 0.7823
vn 0.3042 0.0890 0.9484
vn 0.0108 -0.8308 0.5564
vn -0.2932 0.7923 0.5350
vn -0.4951 -0.3761 0.7832
vn -0.1624 -0.8122 0.5603
vn -0.2041 -0.0732 0.9762
vn 0.2680 0.6653 -0.6968
vn -0.2631 0.9329 -0.2457
vn -0.3413 -0.9377 0.0648
vn -0.7225 -0.6867 0.0802
vn -0.6232 -0.3597 0.6945
vn -0.6856 0.2043 -0.6988
vn -0.8545 -0.1600 -0.4941
vn 0.1035 -0.9801 -0.1696
vn -0.2427 -0.9635 0.1129
vn -0.4798 -0.8335 0.2742
vn 0.3698 0.3234 0.8710
vn 0.2675 0.8434 0.4659
vn 0.0407 -0.9761 0.2134
vn 0.5624 -0.8076 -0.1773
vn 0.2956 0.9402 0.1691
vn -0.2808 0.5422 0.7919
vn -0.6442 0.4930 0.5848
vn -0.5970 0.0449 0.8009
vn -0.0977 -0.9882 0.1184
vn 0.4079 -0.4376 -0.8013
vn -0.7422 0.6390 -0.2022
vn -0.0194 0.9921 0.1236
vn -0.1921 0.9135 0.3587
vn 0.2922 0.9488 0.1198
vn 0.4385 0.8712 -0.2209
vn -0.3046 0.7876 0.5357
vn -0.2224 0.9279 0.2992
vn -0.7339 0.1386 0.6650
vn -0.3777 -0.4605 -0.8033
vn -0.2039 -0.8347 -0.5116
vn 0.1219 0.9791 0.1626
vn 0.7867 0.5303 0.3159
vn 0.2954 0.5149 0.8048
vn 0.3795 0.0085 -0.9251
vn 0.4319 0.5922 -0.6803
vn 0.1216 -0.9721 -0.2005
vn 0.3789 -0.9205 -0.0952
vn 0.5018 -0.8546 0.1337
vn 0.9398 -0.1896 -0.2844
vn 0.0493 -0.9976 0.0483
vn -0.3000 -0.9428 -0.1457
vn 0.0870 -0.9701 0.2267
vn -0.1580 0.9577 0.2406
vn 0.1717 0.1713 0.9701
vn -0.6149 -0.5127 0.5992
vn 0.0164 -0.8931 -0.4495
vn 0.1123 -0.5127 -0.8512
vn 0.4606 -0.7909 -0.4029
vn 0.8137 0.4753 -0.3346
vn 0.9532 -0.2614 0.1522
vn 0.3970 -0.8958 -0.2000
vn 0.6431 -0.6229 -0.4454
vn 0.5423 -0.6769 0.4978
vn 0.3774 0.2785 0.8832
vn 0.6545 0.6584 0.3717
vn -0.6022 0.7065 0.3718
vn -0.2353 -0.9637 -0.1264
vn -0.6271 -0.6276 -0.4613
vn 0.6158 0.4849 0.6210
vn -0.1445 0.8941 -0.4238
vn 0.6309 0.6009 -0.4908
vn -0.3034 0.2258 0.9257
vn 0.0429 0.9967 0.0687
vn -0.6794 0.7022 0.2129
vn -0.6621 -0.4669 0.5862
vn 0.9401 -0.0440 -0.3381
vn 0.7783 0.5868 0.2233
vn 0.9381 -0.0342 0.3447
vn 0.8963 0.3703 0.2438
vn 0.9197 -0.1611 0.3579
vn 0.8201 -0.4806 0.3106
vn 0.5326 -0.8462 0.0163
vn 0.5137 -0.8279 -0.2250
vn 0.9148 -0.3528 -0.1964
vn 0.8245 0.5532 -0.1191
vn 0.9479 -0.1150 0.2971
vn 0.8707 -0.4090 -0.2733
vn -0.8443 0.1886 -0.5017
vn -0.4103 0.7878 -0.4594
vn -0.5291 0.4739 -0.7039
vn -0.8446 -0.2911 -0.4494
vn 0.9396 -0.3193 -0.1235
vn 0.8739 0.4296 -0.2275
vn 0.9049 -0.1803 -0.3856
vn -0.6906 0.4224 -0.5870
vn -0.9461 -0.2402 -0.2173
vn -0.7959 0.5111 -0.3244
vn -0.1586 -0.9382 0.3076
vn 0.2478 -0.9404 -0.2329
vn -0.6762 0.7245 -0.1337
vn -0.0912 0.9829 0.1600
vn -0.2319 0.9530 -0.1948
vn -0.9060 0.1682 -0.3884
vn -0.6045 0.3357 0.7225
vn -0.0896 0.8782 0.4699
vn -0.8276 -0.5482 0.1205
vn -0.3639 0.8682 0.3373
vn -0.8757 0.0424 0.4810
vn 0.7552 0.2007 0.6240
vn 0.6701 0.7360 0.0965
vn -0.0098 0.8430 -0.5378
vn 0.9413 -0.3367 -0.0225
vn 0.8715 0.4897 0.0274
vn 0.4455 0.0421 0.8943
vn 0.5350 -0.7091 0.4593
vn 0.5083 -0.8559 -0.0959
vn 0.9252 -0.2847 0.2509
vn -0.1652 -0.9851 -0.0476
vn -0.2084 -0.1728 -0.9627
vn -0.5557 -0.1257 -0.8218
vn -0.2046 0.7094 -0.6744
vn -0.2421 0.8603 0.4486
vn 0.0023 0.9949 -0.1009
vn 0.1238 -0.8973 -0.4238
vn 0.7595 -0.1532 -0.6322
vn 0.6518 -0.7062 0.2764
vn 0.7079 0.3018 -0.6386
vn 0.9279 0.2885 -0.2363
vn 0.9002 -0.1714 -0.4003
vn 0.8818 0.4266 -0.2011
vn -0.1699 0.2679 -0.9484
vn -0.9104 -0.0435 0.4115
vn -0.6097 -0.7301 0.3087
vn -0.8435 -0.0967 0.5284
vn 0.4742 -0.6995 0.5346
vn 0.6056 -0.0571 -0.7938
vn 0.7828 0.4719 0.4057
vn -0.5444 0.7899 -0.2823
vn -0.0576 0.9944 -0.0891
vn -0.6605 0.7219 -0.2063
vn -0.3575 0.6676 -0.6530
vn 0.5558 0.8155 -0.1617
vn 0.8257 0.4949 0.2707
vn 0.9110 0.0272 -0.4114
vn 0.7946 -0.4761 -0.3767
vn -0.8474 -0.3580 0.3922
vn -0.2392 0.5471 0.8022
vn -0.4085 0.8564 0.3158
vn -0.8408 -0.1436 0.5219
vn -0.9442 -0.1250 0.3048
vn -0.8314 0.4727 0.2920
vn -0.6006 0.7917 0.1120
vn -0.9725 0.1814 0.1459
vn -0.2448 0.9332 0.2630
vn -0.6814 0.6092 -0.4058
vn -0.6477 -0.7587 -0.0692
vn 0.3736 0.2097 -0.9036
vn 0.0970 -0.6370 -0.7647
vn 0.0612 -0.3169 -0.9465
vn 0.2205 0.2441 -0.9443
vn 0.9868 0.1534 0.0517
vn 0.4420 0.8687 0.2238
vn 0.7401 0.4952 -0.4549
vn 0.8636 0.5027 -0.0394
vn -0.9597 0.1214 -0.2534
vn -0.7850 0.6121 -0.0955
vn -0.5556 0.7627 -0.3311
vn -0.2916 -0.9500 0.1114
vn 0.0348 -0.4133 0.9100
vn -0.2919 0.0934 -0.9519
vn -0.6816 0.6429 0.3493
vn -0.9895 -0.1300 0.0628
vn -0.4723 0.7890 0.3930
vn 0.5079 -0.8582 -0.0747
vn 0.7649 -0.5264 -0.3712
vn 0.6908 -0.6955 0.1976
vn -0.4942 0.8378 -0.2323
vn 0.0872 0.8828 -0.4615
vn 0.3581 0.9305 -0.0765
vn -0.7500 0.3946 0.5309
vn 0.5319 -0.8197 -0.2126
vn -0.2280 -0.9728 0.0408
vn 0.2467 -0.9683 0.0405
vn 0.7102 -0.5554 -0.4326
vn 0.0136 -0.9807 -0.1952
vn 0.3441 -0.9136 -0.2165
vn 0.7593 -0.3543 -0.5459
vn 0.1012 -0.9605 0.2592
vn -0.2068 -0.9475 0.2441
vn 0.5445 -0.4379 -0.7154
vn 0.3734 0.7891 -0.4878
vn 0.2801 -0.9578 -0.0645
vn 0.8470 -0.4506 -0.2819
vn -0.5719 0.7312 0.3718
vn -0.4162 0.7763 -0.4735
vn -0.2601 -0.4862 -0.8342
vn -0.8167 -0.4865 -0.3103
vn 0.6001 -0.7903 0.1238
vn 0.4184 -0.8267 -0.3763
vn -0.2472 -0.9687 -0.0246
vn -0.0158 0.3605 0.9326
vn 0.9224 0.1452 -0.3578
vn 0.4057 -0.7470 0.5267
vn 0.8347 0.1927 0.5159
vn 0.7185 -0.1224 0.6846
vn 0.6998 -0.4806 0.5284
vn 0.3100 -0.9179 0.2477
vn -0.0630 -0.9968 0.0488
vn 0.9682 -0.0951 0.2314
vn -0.4914 -0.1577 -0.8565
vn -0.1838 -0.1292 -0.9744
vn 0.2814 0.9190 -0.2761
vn -0.4320 0.6258 -0.6494
vn -0.8734 -0.4688 -0.1318
vn 0.6130 0.7871 0.0689
vn 0.8859 0.2356 0.3996
vn 0.9796 -0.1685 0.1094
vn 0.4341 0.8939 -0.1123
vn 0.7303 -0.1404 0.6685
vn -0.2092 -0.9336 0.2908
vn -0.9962 0.0296 -0.0814
vn -0.9266 0.0685 -0.3698
vn 0.3501 0.5111 0.7850
vn 0.0505 0.4164 0.9078
vn -0.8900 0.2992 -0.3441
vn -0.9799 -0.1767 -0.0928
vn -0.2237 0.9596 0.1709
vn -0.9479 0.3175 -0.0268
vn -0.8464 -0.4073 0.3430
vn 0.5551 -0.5785 0.5977
vn -0.1692 -0.1808 0.9689
vn -0.2157 -0.9762 0.0224
vn 0.9737 0.1516 0.1700
vn -0.6127 0.7547 0.2346
vn -0.8888 0.2751 0.3665
vn -0.7144 -0.6450 -0.2713
vn -0.6963 0.4050 -0.5926
vn -0.2358 -0.9475 -0.2161
vn 0.6564 0.2201 0.7216
vn 0.6170 -0.6020 0.5069
vn 0.7484 0.6599 0.0664
vn -0.8035 -0.5460 0.2370
vn -0.0420 0.8988 0.4363
vn -0.7317 -0.1391 0.6672
vn -0.2704 -0.9587 0.0877
vn -0.8508 -0.4933 0.1809
vn -0.7618 -0.2911 0.5787
vn 0.1706 -0.9826 0.0729
vn 0.3157 -0.9457 -0.0776
vn 0.9914 -0.0265 -0.1278
vn 0.6896 -0.2693 0.6723
vn -0.7821 -0.5870 -0.2092
vn -0.9424 -0.3239 0.0835
vn -0.7379 -0.3496 -0.5773
vn -0.6271 0.5586 0.5428
vn -0.2337 -0.6803 -0.6947
vn -0.2454 0.7640 -0.5968
vn 0.0103 0.8767 -0.4810
vn 0.3832 0.8894 0.2492
vn 0.7133 0.3804 0.5886
vn 0.9818 -0.0120 -0.1895
vn 0.6256 0.5531 -0.5502
vn 0.4994 -0.8597 0.1075
vn 0.3803 -0.6201 -0.6862
vn 0.2843 0.8038 0.5226
vn -0.1220 0.9857 -0.1161
vn 0.5287 -0.6992 0.4812
vn 0.0690 0.8613 -0.5033
vn -0.3793 -0.4704 0.7968
vn -0.0383 0.9989 0.0288
vn 0.9873 0.0264 -0.1565
vn 0.8167 -0.4495 -0.3618
vn 0.8024 0.4416 -0.4014
vn 0.8964 -0.2839 0.3404
vn 0.8355 0.4833 0.2614
vn 0.9247 -0.3608 0.1211
vn 0.9508 -0.0682 0.3021
vn 0.7037 -0.0045 0.7104
vn 0.7273 0.5482 0.4129
vn -0.6058 0.3187 0.7290
vn -0.5958 -0.1663 0.7857
vn -0.8684 -0.2219 0.4434
vn 0.1520 0.9623 0.2254
vn 0.2169 0.8562 0.4689
vn -0.8340 0.4604 -0.3042
vn 0.3771 -0.8549 0.3563
vn 0.4679 0.8825 -0.0469
vn 0.7033 0.3649 -0.6101
vn 0.8358 -0.1574 -0.5259
vn 0.7553 0.6111 -0.2368
vn 0.8258 0.4474 0.3435
vn 0.7437 0.6638 -0.0798
vn 0.4675 0.7661 0.4411
vn 0.3429 -0.7367 0.5828
vn -0.8539 0.1348 -0.5026
vn -0.9544 -0.1904 -0.2299
vn 0.0476 0.9959 0.0766
vn 0.7882 0.6021 0.1273
vn 0.0420 0.9912 -0.1256
vn 0.3425 0.9394 0.0150
vn -0.9227 0.3184 -0.2176
vn -0.3299 -0.1774 -0.9272
vn -0.6365 -0.5531 -0.5375
vn 0.4320 0.8900 -0.1458
vn 0.0145 0.5140 -0.8577
vn -0.9364 -0.1972 -0.2901
vn -0.5407 -0.8410 -0.0198
vn 0.4579 -0.1492 -0.8764
vn 0.2604 -0.4819 -0.8366
vn -0.9288 -0.2345 0.2871
vn -0.7408 -0.6404 0.2026
vn 0.9879 0.0759 0.1350
vn 0.7540 0.0012 0.6569
vn 0.8558 -0.4594 0.2377
vn 0.6412 -0.6390 0.4249
vn 0.9157 0.1609 0.3682
vn 0.7108 0.6223 -0.3278
vn 0.7276 -0.4206 -0.5419
vn -0.5765 -0.6426 0.5047
vn -0.2468 -0.9353 -0.2536
vn -0.3129 0.3616 0.8782
vn -0.0747 -0.8705 -0.4864
vn 0.6843 0.7153 0.1416
vn 0.2863 -0.1474 -0.9467
vn -0.1033 0.9916 0.0773
vn 0.4357 0.8989 -0.0464
vn 0.1237 -0.8143 -0.5672
vn 0.2879 -0.7064 -0.6467
vn -0.7713 -0.6278 0.1043
vn -0.2040 -0.9700 0.1323
vn -0.7976 -0.5228 0.3008
vn 0.1509 0.7581 0.6344
vn -0.2743 0.7724 -0.5728
vn -0.3268 -0.3279 -0.8864
vn -0.6750 -0.7325 0.0878
vn 0.0661 -0.9840 -0.1654
vn -0.5015 0.8228 -0.2674
vn 0.0615 0.9959 -0.0666
vn 0.4986 0.5313 0.6849
vn -0.2345 0.9623 0.1376
vn 0.5074 0.8596 -0.0605
vn -0.0744 -0.9568 0.2810
vn -0.0895 -0.8881 0.4508
vn 0.0304 -0.8655 0.5000
vn -0.4021 -0.7948 -0.4546
vn -0.5980 -0.7216 -0.3488
vn 0.1136 0.9664 0.2305
vn 0.5124 0.8234 0.2440
vn 0.6657 0.6237 -0.4097
vn 0.3163 0.8639 -0.3920
vn 0.0821 -0.9765 0.1993
vn 0.9449 -0.1009 0.3115
vn 0.2742 -0.8295 -0.4866
vn 0.1031 -0.9943 0.0254
vn -0.4982 -0.8448 0.1952
vn -0.3472 -0.6169 -0.7063
vn -0.5290 -0.8264 -0.1930
vn -0.4247 -0.9019 0.0787
vn -0.5985 -0.7649 -0.2380
vn 0.1189 0.5662 -0.8157
vn 0.6455 0.7620 -0.0513
vn 0.2821 0.6168 -0.7349
vn 0.5039 -0.6835 -0.5282
vn 0.1681 0.3256 -0.9305
vn 0.1798 0.4280 0.8857
vn -0.1179 -0.4547 0.8828
vn -0.0435 0.3794 0.9242
vn -0.2245 0.2933 0.9293
vn 0.5303 0.7811 0.3297
vn 0.5691 0.7462 -0.3453
vn -0.0675 0.0915 0.9935
vn -0.7403 -0.3419 -0.5788
vn -0.4336 -0.9009 -0.0201
vn -0.3699 -0.8844 0.2846
vn 0.3467 0.9371 0.0401
vn -0.3421 0.6491 0.6794
vn 0.0450 0.8889 0.4559
vn 0.3797 -0.3436 0.8589
vn -0.2114 -0.2659 -0.9405
vn -0.3582 0.6856 -0.6337
vn 0.1810 0.7204 -0.6695
vn -0.4638 -0.3581 -0.8103
vn -0.1189 -0.3517 -0.9285
vn -0.4132 -0.8992 0.1437
vn 0.3200 0.6020 -0.7315
vn 0.1309 -0.4213 -0.8974
vn -0.3748 0.2512 0.8924
vn -0.6976 0.0167 0.7163
vn -0.4984 -0.5182 0.6950
vn 0.3082 0.9500 0.0512
vn 0.4656 0.5536 -0.6905
vn 0.6918 0.4442 -0.5693
vn 0.0095 -0.2228 0.9748
vn 0.5045 -0.2327 0.8315
vn 0.0177 -0.7936 0.6081
vn 0.3569 0.9258 -0.1247
vn 0.4634 0.8839 0.0629
vn 0.1114 0.7817 -0.6136
vn 0.6119 -0.1126 -0.7829
vn 0.1774 -0.7306 -0.6593
vn 0.2768 0.9409 0.1950
vn 0.1368 -0.9542 0.2662
vn 0.3527 -0.3433 0.8705
vn -0.1388 -0.9543 -0.2645
vn -0.3779 -0.9153 0.1395
vn -0.4138 -0.7866 -0.4582
vn -0.3545 -0.8957 0.2685
vn -0.7194 -0.4618 0.5189
vn -0.3530 -0.6883 -0.6338
vn -0.3539 -0.6631 0.6596
vn -0.5883 -0.7512 0.2993
vn -0.4696 -0.8588 -0.2046
vn 0.6484 0.5667 0.5084
vn -0.7799 -0.5407 0.3154
vn -0.8760 0.3021 -0.3759
vn -0.1904 -0.8063 -0.5601
vn 0.2318 -0.8410 0.4888
vn -0.0032 0.9773 0.2118
vn -0.4517 0.1735 -0.8752
vn 0.0424 0.9111 -0.4099
vn 0.1166 -0.9549 -0.2732
vn 0.6316 -0.7089 -0.3138
vn 0.0013 -0.9592 0.2828
vn 0.1177 -0.9102 0.3971
vn 0.6906 -0.4764 0.5442
vn 0.6054 0.7393 0.2950
vn 0.0640 -0.9943 -0.0850
vn -0.5244 -0.8505 -0.0412
vn -0.3096 -0.8201 0.4812
vn -0.1541 -0.9619 -0.2258
vn -0.4277 -0.7166 -0.5510
vn 0.8558 0.4584 0.2398
vn 0.1668 0.9050 0.3913
vn -0.3657 -0.6007 0.7109
vn -0.1635 -0.9815 -0.0994
vn -0.5844 -0.8110 0.0282
vn -0.5061 -0.6696 -0.5436
vn 0.0518 0.7291 0.6825
vn -0.5323 -0.7953 0.2902
vn -0.2565 -0.8579 0.4451
vn 0.3117 -0.6166 -0.7229
vn 0.1827 -0.9307 -0.3170
vn -0.0918 -0.9846 -0.1490
vn 0.0544 0.9707 -0.2339
vn -0.1005 0.9661 0.2376
vn 0.5646 0.5674 -0.5994
vn 0.1974 0.7372 -0.6461
vn -0.2002 0.3236 -0.9248
vn -0.2381 0.9373 -0.2546
vn -0.3636 0.7375 -0.5692
vn 0.3267 0.0160 -0.9450
vn -0.1000 0.6186 0.7793
vn 0.1500 -0.3621 0.9200
vn -0.1768 -0.5330 0.8274
vn 0.0142 -0.9941 0.1076
vn 0.0352 -0.8806 0.4726
vn -0.4822 -0.8359 -0.2623
vn -0.0465 0.9318 0.3599
vn -0.1425 -0.0255 0.9895
vn 0.3184 0.6653 0.6752
vn 0.1207 0.9167 -0.3809
vn -0.5889 -0.0852 -0.8037
vn -0.4310 -0.8008 -0.4159
vn 0.2085 0.0926 -0.9736
vn 0.3447 -0.8037 -0.4850
vn -0.2205 -0.9744 0.0449
vn -0.3229 -0.8165 0.4786
vn -0.3879 -0.0606 -0.9197
vn -0.0281 0.5254 -0.8504
vn 0.2382 0.9450 -0.2242
vn 0.0785 0.9957 0.0485
vn -0.1906 0.9368 0.2935
vn 0.5714 0.2253 0.7891
vn 0.2567 -0.3766 0.8901
vn 0.3852 -0.4896 0.7823
vn 0.3776 0.8151 0.4394
vn -0.2971 -0.8607 0.4134
vn 0.5975 0.7298 0.3322
vn 0.4103 0.7603 0.5035
vn -0.0718 0.9847 -0.1585
vn -0.1200 -0.6802 -0.7232
vn 0.3016 -0.1514 -0.9413
vn -0.0183 -0.9992 0.0353
vn -0.2804 -0.7966 -0.5355
vn 0.0276 -0.6570 -0.7534
vn 0.2254 -0.2566 -0.9399
vn 0.3139 -0.6926 0.6495
vn -0.1165 -0.9712 0.2078
vn -0.0969 -0.9245 -0.3685
vn -0.0475 -0.6096 -0.7913
vn -0.0341 -0.9806 -0.1932
vn 0.4921 0.8614 0.1260
vn 0.2337 -0.9409 -0.2452
vn 0.2836 0.7228 -0.6302
vn 0.0064 -0.9978 -0.0666
vn -0.2339 -0.2863 0.9292
vn -0.6488 -0.0732 0.7574
vn -0.4538 0.5045 0.7345
vn -0.7446 -0.1237 0.6560
vn 0.1870 0.9823 0.0093
vn 0.5800 0.7606 -0.2917
vn -0.5453 -0.6193 -0.5649
vn -0.0740 -0.9821 -0.1731
vn 0.6403 -0.2505 0.7262
vn -0.3097 -0.7729 0.5539
vn 0.5079 -0.8084 0.2977
vn -0.0782 -0.9951 -0.0607
vn -0.0348 -0.9966 0.0748
vn 0.0065 0.9227 -0.3855
vn -0.9729 -0.0098 -0.2311
vn 0.1940 -0.9646 0.1789
vn -0.5815 -0.7223 -0.3744
vn -0.7233 -0.0146 -0.6904
vn -0.7429 -0.3933 -0.5416
vn -0.2358 -0.9697 0.0647
vn -0.5714 -0.8098 0.1327
vn 0.6349 -0.6884 -0.3509
vn -0.3961 0.8377 0.3759
vn -0.8009 0.3647 0.4750
vn -0.5395 0.5467 0.6403
vn 0.7975 0.3436 0.4959
vn 0.8058 0.5016 -0.3148
vn 0.2587 0.9397 0.2239
vn -0.4072 0.7043 0.5815
vn 0.1295 -0.4925 0.8606
vn 0.9518 0.2730 0.1396
vn 0.4779 -0.8680 -0.1349
vn 0.8521 -0.4595 -0.2506
vn 0.7827 0.4902 0.3834
vn 0.4387 0.8729 0.2137
vn 0.1465 0.9663 -0.2118
vn 0.2235 0.8836 -0.4115
vn 0.1193 -0.7327 -0.6700
vn 0.9449 -0.3014 -0.1280
vn 0.4317 -0.6994 0.5696
vn 0.5054 -0.5451 0.6689
vn 0.5431 -0.6784 0.4947
vn 0.9304 0.0407 -0.3642
vn 0.0513 -0.7332 -0.6781
vn 0.1533 0.9799 0.1278
vn 0.5216 0.8080 0.2741
vn 0.0723 0.9974 -0.0068
vn 0.4750 -0.8042 0.3571
vn 0.3446 0.1538 -0.9260
vn -0.3725 0.3273 -0.8684
vn 0.1903 0.9491 -0.2512
vn 0.9071 0.2176 -0.3603
vn 0.6846 0.6150 0.3913
vn -0.2232 0.7160 0.6615
vn 0.1246 -0.8902 -0.4382
vn -0.5850 -0.7702 0.2540
vn -0.0834 0.0219 0.9963
vn -0.5618 0.7417 0.3666
vn 0.6967 0.6872 -0.2061
vn 0.3646 0.9293 0.0582
vn -0.2308 -0.9510 0.2057
vn -0.4276 -0.8960 -0.1200
vn 0.9268 0.2660 -0.2650
vn 0.3123 0.9233 0.2237
vn 0.3719 0.9162 0.1493
vn 0.1656 0.0957 0.9815
vn 0.5112 -0.4501 0.7322
vn -0.1880 -0.7954 0.5761
vn 0.1784 0.6135 -0.7693
vn 0.2184 0.8762 -0.4297
vn 0.4681 0.8405 -0.2730
vn 0.0098 0.9968 -0.0792
vn 0.8289 0.2965 -0.4743
vn -0.1358 0.6717 -0.7283
vn 0.2978 0.9461 0.1276
vn -0.8136 0.5433 -0.2071
vn -0.4375 0.8987 -0.0287
vn 0.4862 -0.7585 0.4340
vn 0.8391 0.3636 0.4045
vn 0.4047 0.7344 0.5449
vn 0.3283 0.0593 0.9427
vn 0.4639 0.6840 0.5630
vn 0.2818 -0.3493 -0.8937
vn -0.5875 -0.6530 -0.4780
vn 0.6179 0.7763 -0.1249
vn -0.9193 0.3583 0.1629
vn -0.4723 -0.8814 0.0054
vn -0.3854 -0.7796 -0.4937
vn -0.4398 -0.8978 0.0242
vn -0.3130 -0.9036 0.2924
vn -0.6483 -0.5620 0.5136
vn -0.2497 -0.9155 -0.3153
vn 0.0791 0.4181 -0.9050
vn -0.1497 0.3518 -0.9240
vn 0.0069 0.8767 -0.4810
vn 0.3111 0.9201 -0.2380
vn 0.2884 0.9561 0.0523
vn 0.1735 -0.2341 0.9566
vn 0.3923 0.7380 0.5490
vn 0.1315 -0.6538 0.7452
vn -0.4379 -0.8983 0.0360
vn 0.8772 0.3241 0.3542
vn -0.1239 0.7484 0.6516
vn 0.2720 -0.9513 0.1452
vn -0.8927 -0.4370 -0.1095
vn 0.4832 -0.8736 -0.0574
vn -0.1534 -0.2357 -0.9596
vn -0.2576 -0.8319 -0.4915
vn -0.3617 -0.2965 -0.8839
vn -0.5887 -0.6995 -0.4052
vn 0.5792 0.5954 0.5568
vn -0.5739 0.6834 0.4513
vn -0.2236 -0.9633 0.1483
vn 0.3538 0.6125 0.7068
vn 0.2941 0.4763 0.8286
vn 0.2444 -0.0170 0.9695
vn -0.2117 -0.9453 0.2481
vn -0.2106 -0.6697 0.7121
vn 0.2197 -0.3839 0.8969
vn -0.6254 0.2670 0.7332
vn 0.2875 0.9484 0.1338
vn 0.2319 0.9474 0.2204
vn -0.0431 -0.9871 0.1542
vn 0.2972 -0.8770 0.3776
vn -0.3013 0.9323 0.1999
vn 0.6588 0.6326 0.4071
vn 0.1437 0.9849 0.0962
vn -0.9463 0.2845 -0.1535
vn -0.8413 -0.3858 -0.3785
vn -0.4986 -0.8498 0.1713
vn -0.7285 -0.6848 0.0173
vn -0.8313 -0.3618 0.4219
vn 0.1221 -0.8241 -0.5531
vn -0.7881 -0.6128 0.0575
vn 0.8189 -0.0912 -0.5666
vn -0.5919 0.7042 0.3921
vn 0.1147 0.9679 0.2238
vn -0.3453 0.7586 0.5526
vn 0.2594 0.9654 0.0274
vn 0.7038 0.5601 -0.4369
vn 0.2359 0.9716 -0.0156
vn -0.4999 -0.3807 0.7779
vn -0.3699 -0.8886 -0.2714
vn 0.4422 -0.8854 -0.1430
vn 0.2622 0.5883 -0.7649
vn -0.5378 -0.7828 0.3131
vn -0.3412 0.9148 -0.2161
vn -0.5048 0.8223 -0.2626
vn 0.0350 0.9781 -0.2051
vn 0.5068 0.5557 0.6590
vn 0.3973 0.9115 0.1065
vn -0.2290 0.2939 -0.9280
vn -0.6732 -0.5660 -0.4759
vn -0.9662 0.1483 0.2110
vn 0.2900 0.8642 -0.4112
vn -0.3456 0.8194 0.4574
vn -0.2794 -0.3029 0.9111
vn 0.6949 0.0236 -0.7187
vn 0.5641 0.6260 -0.5385
vn 0.1215 -0.9697 0.2121
vn -0.5872 -0.8077 -0.0536
vn -0.4432 -0.8860 -0.1365
vn -0.5807 0.7392 0.3412
vn -0.3405 0.5662 0.7507
vn 0.6608 0.5474 -0.5135
vn -0.7485 -0.5055 0.4291
vn -0.3589 -0.5111 -0.7810
vn -0.8545 -0.3139 0.4138
vn -0.5309 0.6441 0.5508
vn -0.7110 0.2205 0.6677
vn -0.9011 -0.1774 -0.3957
vn -0.0952 -0.0333 -0.9949
vn -0.8202 0.1577 -0.5500
vn -0.8226 -0.2104 0.5282
vn -0.6734 -0.5991 0.4331
vn 0.3272 0.8877 -0.3240
vn 0.3848 0.9126 0.1386
vn 0.5116 0.4572 0.7275
vn -0.4978 -0.8330 -0.2416
vn 0.6031 0.7769 0.1808
vn -0.9294 -0.0084 -0.3689
vn 0.5864 -0.3594 -0.7260
vn 0.3439 -0.7951 -0.4996
vn 0.4546 -0.7409 -0.4944
vn -0.1993 0.9026 -0.3815
vn -0.1727 -0.2393 0.9555
vn 0.2903 0.4983 0.8170
vn 0.3489 -0.1889 0.9179
vn -0.9204 -0.2901 0.2621
vn -0.1289 -0.9398 -0.3164
vn -0.7565 -0.3914 0.5239
vn 0.1493 0.8383 0.5244
vn -0.3542 0.4767 0.8045
vn -0.3067 0.1771 0.9352
vn -0.1445 -0.9644 -0.2214
vn -0.8799 -0.4496 -0.1534
vn -0.8052 0.1992 -0.5585
vn -0.2130 -0.9268 0.3093
vn 0.4847 0.8726 0.0593
vn -0.6920 0.7206 -0.0439
vn 0.4154 0.9064 0.0765
vn -0.5527 0.8074 -0.2062
vn 0.1106 -0.9852 -0.1310
vn 0.9861 -0.0778 -0.1470
vn -0.9370 -0.2343 0.2590
vn -0.2329 -0.9724 -0.0120
vn 0.1888 -0.7252 -0.6622
vn -0.4852 0.7223 0.4929
vn 0.0482 0.9302 0.3639
vn 0.3093 0.9460 -0.0968
vn 0.1497 0.8036 -0.5760
vn 0.6897 0.0683 0.7208
vn -0.2332 -0.1746 0.9566
vn 0.5385 0.8413 -0.0463
vn -0.3922 0.6236 0.6762
vn 0.4291 0.2046 -0.8798
vn 0.3877 -0.1883 -0.9024
vn 0.6872 0.1453 -0.7118
vn 0.4483 0.8626 -0.2342
vn 0.2337 0.9496 -0.2087
vn -0.2059 -0.3344 0.9196
vn -0.0755 -0.8873 0.4549
vn -0.3424 -0.9314 0.1233
vn -0.7198 0.6031 0.3438
vn 0.4404 0.8944 0.0783
vn -0.2305 0.8011 -0.5524
vn 0.1086 0.7429 0.6605
vn 0.1177 0.9015 0.4166
vn -0.1476 0.3630 0.9200
vn -0.6323 -0.5475 -0.5481
vn -0.0702 0.4718 0.8789
vn -0.1792 -0.8245 0.5367
vn -0.0767 -0.9625 -0.2604
vn 0.0032 -0.9934 -0.1148
vn 0.0955 0.8901 0.4457
vn 0.9367 -0.3187 0.1451
vn 0.3843 0.7712 -0.5075
vn 0.0578 0.7400 -0.6701
vn 0.1673 0.9634 0.2096
vn -0.6328 -0.1581 -0.7580
vn -0.5893 -0.5581 0.5842
vn -0.1090 -0.7461 0.6568
vn -0.1813 0.0861 0.9796
vn -0.2246 -0.9104 0.3476
vn -0.6804 -0.6900 -0.2467
vn 0.9096 -0.3883 0.1479
vn 0.9974 0.0641 0.0342
vn -0.3030 -0.9530 -0.0021
vn 0.8630 -0.3867 -0.3252
vn -0.9132 0.3646 0.1819
vn -0.8828 0.4324 -0.1834
vn -0.9802 -0.1971 0.0213
vn 0.7694 0.2509 0.5874
vn 0.6769 0.0235 0.7357
vn 0.5291 -0.4357 0.7282
vn -0.9369 0.3456 -0.0521
vn -0.2424 0.9112 -0.3332
vn -0.6939 0.2974 -0.6558
vn -0.6958 0.6274 0.3496
vn -0.6986 0.6864 0.2021
vn -0.4470 0.6864 0.5736
vn -0.3791 0.9036 -0.1995
vn -0.9380 0.2473 0.2428
vn -0.4803 0.6262 0.6141
vn -0.9109 0.2819 0.3012
vn -0.4580 -0.8046 0.3781
vn -0.0271 0.9968 0.0746
vn -0.1060 0.8795 -0.4639
vn -0.9689 0.0797 -0.2344
vn -0.6301 0.6752 -0.3836
vn -0.7137 0.6711 -0.2005
vn 0.4260 0.9046 0.0110
vn 0.2776 -0.8080 0.5197
vn 0.9785 -0.1499 0.1415
vn 0.5504 0.8328 0.0601
vn 0.8544 0.4844 -0.1881
vn 0.6689 0.7416 0.0508
vn -0.9501 -0.0951 -0.2970
vn -0.9568 -0.2262 0.1827
vn -0.5848 -0.7530 -0.3017
vn -0.8357 -0.3108 -0.4528
vn 0.9538 -0.1541 -0.2580
vn 0.8923 -0.1222 0.4345
vn 0.3770 0.9108 0.1682
vn 0.4700 0.8611 0.1941
vn -0.4945 -0.1483 0.8564
vn 0.1014 0.7551 0.6477
vn -0.5567 0.6292 0.5425
vn -0.4667 -0.8498 0.2449
vn 0.7671 0.4925 0.4112
vn 0.8177 0.5440 -0.1882
vn 0.4667 -0.7967 -0.3840
vn -0.5078 -0.4878 -0.7101
vn -0.7801 -0.0918 0.6188
vn -0.5333 0.7054 -0.4669
vn -0.6292 -0.7449 -0.2219
vn 0.3716 -0.4116 0.8322
vn 0.7894 0.4489 0.4186
vn 0.3655 0.8040 0.4691
vn 0.5563 -0.5789 0.5962
vn 0.7722 0.6145 -0.1617
vn 0.5256 -0.2183 -0.8223
vn 0.8228 0.0434 -0.5666
vn 0.7474 -0.4724 -0.4671
vn 0.5858 0.7850 -0.2015
vn -0.9886 0.1494 -0.0205
vn -0.2200 0.8672 0.4467
vn -0.6577 -0.7531 0.0182
vn 0.9676 -0.2475 0.0505
vn 0.4930 0.4993 -0.7125
vn 0.5638 0.8142 -0.1387
vn -0.1585 0.9804 -0.1167
vn 0.1695 0.8971 0.4080
vn -0.8984 0.4331 0.0725
vn 0.7291 -0.5804 -0.3627
vn 0.6857 -0.6973 0.2086
vn 0.9571 0.1098 -0.2683
vn -0.8690 -0.4926 -0.0466
vn -0.9709 -0.0021 -0.2393
vn -0.6675 -0.6434 -0.3748
vn -0.9482 -0.2854 0.1396
vn -0.8697 -0.3921 0.2998
vn 0.8832 -0.3222 -0.3408
vn 0.9014 -0.2764 -0.3332
vn -0.0000 -0.0000 -0.0000
vn 0.3548 -0.7749 -0.5232
vn 0.5734 0.6468 -0.5028
vn -0.3395 0.7047 0.6230
vn 0.5150 0.8224 -0.2417
vn -0.7378 -0.5259 -0.4233
vn -0.9729 0.0994 0.2089
vn 0.0048 0.9686 0.2485
vn -0.2593 0.9600 -0.1058
vn 0.2077 0.2770 0.9381
vn -0.3273 -0.9292 -0.1714
vn 0.6547 0.1694 -0.7367
vn 0.0711 0.9532 0.2940
vn -0.5163 -0.4313 -0.7398
vn -0.5433 -0.7110 -0.4465
vn -0.3299 0.3305 -0.8843
vn 0.1021 -0.7943 0.5989
vn -0.4680 0.8160 -0.3391
vn 0.4335 0.6722 0.6002
vn 0.4605 0.5174 0.7213
vn -0.8148 0.1615 0.5568
vn -0.7398 0.0671 -0.6694
vn 0.9012 0.4107 -0.1384
vn 0.2750 0.9614 0.0089
vn -0.5064 0.8505 -0.1420
vn -0.5056 0.6166 0.6035
vn 0.1284 -0.8318 -0.5400
vn -0.4043 0.7252 -0.5573
vn 0.0573 0.4650 -0.8835
vn 0.8931 0.0360 0.4484
vn 0.0952 -0.9690 -0.2279
vn 0.3714 -0.8958 0.2442
vn 0.0413 -0.7827 0.6210
vn -0.2967 -0.4438 0.8456
vn -0.0607 0.7872 -0.6136
vn 0.4701 0.3825 0.7954
vn 0.4535 0.8886 0.0694
vn 0.7492 0.3718 0.5481
vn -0.0506 -0.7671 -0.6395
vn 0.0930 -0.3851 -0.9182
vn 0.3820 -0.7248 -0.5734
vn 0.1693 -0.9649 0.2006
vn -0.3905 -0.8834 -0.2589
vn -0.0112 -0.9999 -0.0053
vn -0.2358 -0.9516 -0.1972
vn -0.7320 -0.6813 0.0060
vn -0.2391 0.9321 0.2721
vn 0.2451 0.8386 -0.4864
vn 0.2814 0.9430 0.1777
vn 0.1944 0.9802 0.0369
vn -0.4518 0.8446 -0.2872
vn 0.0771 0.9961 0.0439
vn 0.5756 -0.3250 0.7503
vn -0.1627 -0.1746 0.9711
vn -0.2257 -0.6576 0.7187
vn -0.2805 -0.9571 0.0724
vn -0.1519 -0.8015 -0.5784
vn 0.2495 -0.8776 -0.4093
vn 0.1749 -0.9585 0.2250
vn 0.1192 -0.8263 0.5504
vn -0.0407 0.9876 -0.1518
vn 0.7034 0.6334 -0.3224
vn 0.6122 0.6928 0.3812
vn 0.4720 0.7510 0.4617
vn 0.1428 -0.3810 -0.9135
vn 0.0016 -0.6821 -0.7312
vn 0.0188 -0.9444 0.3283
vn -0.6513 -0.7527 0.0966
vn -0.6841 0.3892 0.6169
vn -0.3032 0.9510 0.0608
vn -0.2742 -0.9089 -0.3143
vn 0.6040 0.1830 0.7757
vn -0.7651 -0.3324 0.5514
vn -0.4679 -0.8106 0.3521
vn -0.8068 -0.5395 0.2409
vn 0.4363 0.8893 0.1369
vn 0.4803 -0.3267 0.8140
vn -0.7180 -0.6529 -0.2412
vn -0.6473 0.6342 -0.4230
vn -0.2629 -0.8249 -0.5004
vn -0.6581 0.3224 -0.6804
vn 0.5200 -0.7329 0.4387
vn -0.6128 -0.7453 0.2628
vn -0.1509 -0.9732 -0.1735
vn -0.1804 -0.9490 -0.2586
vn 0.0577 -0.9901 -0.1276
vn -0.2357 -0.9718 -0.0005
vn -0.6374 -0.6350 -0.4364
vn -0.2149 0.9562 0.1988
vn -0.4792 0.6613 0.5771
vn -0.1519 0.8066 0.5712
vn 0.2280 0.9366 -0.2661
vn -0.3616 0.4648 0.8082
vn -0.1250 0.4068 0.9050
vn -0.5505 -0.5063 0.6637
vn 0.5222 0.8446 -0.1183
vn 0.0963 0.9594 0.2652
vn 0.7999 0.5601 -0.2157
vn -0.0760 0.8449 -0.5295
vn -0.1632 0.4010 -0.9014
vn 0.1253 0.1833 -0.9750
vn 0.2387 0.9092 0.3411
vn 0.4616 0.8751 -0.1456
vn -0.1947 -0.9808 -0.0148
vn -0.6627 -0.7224 -0.1975
vn -0.3383 -0.7177 -0.6086
vn -0.6938 -0.6935 -0.1941
vn 0.1073 0.9453 0.3081
vn -0.6318 -0.7721 0.0684
vn 0.2264 0.9719 0.0637
vn -0.0540 0.9593 -0.2772
vn 0.0011 -0.9288 0.3707
vn -0.3451 -0.1826 -0.9207
vn -0.6832 -0.6020 -0.4134
vn 0.5350 -0.6748 -0.5083
vn 0.8387 0.5333 0.1100
vn 0.2697 -0.9241 -0.2708
vn 0.3533 0.9331 -0.0673
vn -0.6956 0.1627 0.6998
vn -0.2185 0.8960 0.3866
vn -0.8306 0.5508 -0.0816
vn -0.5589 0.4256 0.7117
vn 0.6639 -0.4505 -0.5969
vn -0.9118 0.3506 -0.2139
vn -0.8873 0.0710 0.4556
vn -0.3819 0.2877 0.8783
vn -0.6754 -0.5776 0.4585
vn -0.7915 0.1109 -0.6010
vn -0.6157 0.7020 -0.3580
vn -0.8112 0.5839 0.0318
vn 0.2711 0.9491 -0.1606
vn -0.2258 -0.2322 0.9461
vn -0.7112 0.3777 0.5929
vn -0.9366 -0.3445 -0.0640
vn -0.3780 0.8149 -0.4394
vn 0.8587 0.4764 0.1889
vn -0.9412 -0.0278 -0.3368
vn 0.1692 0.9557 0.2409
vn 0.8124 -0.0542 -0.5806
vn -0.1352 -0.9005 -0.4134
vn 0.8266 -0.2497 -0.5043
vn 0.0383 -0.9938 -0.1042
vn -0.8566 0.5122 -0.0617
vn 0.4064 -0.8317 -0.3783
vn 0.5695 0.2659 -0.7778
vn 0.2398 -0.8156 -0.5267
vn 0.6484 0.5692 0.5055
vn 0.5538 -0.4279 -0.7143
vn 0.6589 0.7520 0.0198
vn 0.7402 -0.5684 -0.3592
vn 0.2654 -0.8346 -0.4826
vn 0.6754 -0.7375 -0.0033
vn 0.6606 0.7487 -0.0545
vn 0.8888 0.4438 0.1146
vn 0.6192 -0.3981 -0.6768
vn 0.0593 -0.9218 -0.3832
vn -0.7508 -0.0487 -0.6588
vn -0.8324 -0.5270 -0.1716
vn -0.7387 0.6739 0.0131
vn -0.5650 -0.7315 -0.3816
vn 0.0417 -0.9599 -0.2772
vn 0.7687 0.1243 -0.6274
vn 0.8414 -0.4406 -0.3129
vn 0.2816 -0.8816 -0.3788
vn 0.3505 -0.8647 -0.3598
vn 0.9717 -0.2128 -0.1022
vn 0.1104 -0.9629 0.2463
vn 0.7239 -0.3724 0.5807
vn 0.6986 0.6736 -0.2415
vn 0.5618 -0.5795 -0.5904
vn -0.7496 -0.3711 -0.5480
vn -0.9783 0.1845 -0.0940
vn -0.1862 0.6120 -0.7686
vn -0.4125 0.8749 -0.2538
vn -0.7706 0.5733 0.2784
vn 0.8653 0.2987 0.4026
vn 0.9888 -0.1002 -0.1109
vn 0.1182 0.9890 -0.0886
vn -0.5365 -0.7491 0.3885
vn -0.6648 -0.4312 -0.6099
vn -0.1527 -0.2831 0.9469
vn 0.5342 -0.1317 0.8350
vn 0.1001 0.4531 0.8858
vn -0.1173 0.6617 -0.7406
vn -0.5975 -0.6254 -0.5019
vn -0.2994 -0.0790 0.9509
vn 0.0861 0.9855 -0.1459
vn 0.9513 0.3011 -0.0655
vn 0.8418 0.4770 0.2527
vn 0.2846 0.9553 -0.0802
vn -0.2491 -0.4316 -0.8670
vn -0.2935 -0.7830 0.5484
vn 0.3803 -0.6160 0.6899
vn -0.1401 -0.1710 0.9753
vn -0.4166 -0.1306 0.8996
vn -0.4386 -0.8986 -0.0121
vn 0.3921 -0.8216 -0.4137
vn 0.9030 -0.3168 -0.2902
vn -0.9918 0.0133 0.1269
vn 0.5908 -0.7806 -0.2042
vn -0.4650 -0.7682 0.4401
vn 0.1776 0.9566 0.2311
vn -0.1982 0.9789 -0.0492
vn 0.2659 0.5009 0.8237
vn 0.6128 -0.7902 0.0047
vn 0.6449 -0.7579 -0.0988
vn -0.1960 -0.9790 -0.0569
vn 0.3866 0.9220 -0.0234
vn 0.7185 0.5872 -0.3728
vn -0.3956 0.4903 0.7766
vn -0.4706 -0.8305 0.2980
vn -0.2283 0.5704 0.7890
vn 0.2144 -0.9716 0.1001
vn 0.4438 -0.8824 -0.1564
vn 0.1710 -0.0693 0.9828
vn 0.2802 0.5112 0.8125
vn 0.6410 0.1139 0.7590
vn 0.1502 0.0604 0.9868
vn -0.2855 -0.4992 0.8181
vn 0.3544 0.5661 -0.7443
vn -0.4637 0.8513 0.2454
vn 0.2814 0.9466 0.1573
vn 0.8756 0.0111 -0.4829
vn -0.2678 0.1925 -0.9440
vn -0.0280 0.8315 -0.5548
vn 0.2376 -0.9709 0.0312
vn -0.0301 -0.8789 0.4761
vn -0.0506 -0.8280 -0.5584
vn -0.4619 -0.8763 -0.1368
vn 0.6181 -0.4506 -0.6442
vn 0.0562 0.8620 -0.5037
vn 0.2470 0.6600 0.7094
vn -0.0001 -0.3492 -0.9371
vn -0.2347 -0.8992 -0.3693
vn 0.6588 0.7408 -0.1307
vn -0.5185 -0.7000 -0.4912
vn 0.2150 0.7675 0.6039
vn -0.1135 -0.9828 -0.1454
vn 0.2560 -0.9433 -0.2114
vn -0.2821 -0.9282 -0.2428
vn 0.5463 0.7989 -0.2518
vn 0.3837 -0.5894 -0.7109
vn 0.0166 0.7753 0.6314
vn -0.7065 0.0048 0.7077
vn -0.4448 -0.8884 0.1135
vn -0.4898 0.2299 -0.8410
vn 0.2938 0.9515 -0.0911
vn 0.5167 -0.0003 0.8562
vn 0.0770 0.9642 -0.2536
vn 0.5834 -0.3344 0.7401
vn 0.0492 -0.9988 0.0073
vn 0.1350 -0.7659 -0.6286
vn 0.3927 0.4674 -0.7921
vn -0.6523 -0.2232 -0.7243
vn -0.0496 -0.9979 0.0412
vn 0.4344 0.7826 0.4460
vn -0.1897 0.8613 0.4713
vn 0.3582 0.9304 -0.0782
vn -0.3120 -0.1537 0.9376
vn 0.4483 -0.8546 0.2620
vn -0.0131 0.7530 0.6579
vn 0.9237 0.3831 -0.0001
vn -0.5159 -0.8383 0.1763
vn -0.6044 -0.7953 0.0467
vn -0.5403 -0.8345 0.1076
vn 0.6213 0.6404 -0.4515
vn 0.6789 -0.7187 0.1504
vn 0.9426 -0.3053 0.1354
vn 0.7386 -0.4168 0.5299
vn 0.9876 -0.0347 -0.1534
vn -0.2029 0.8181 -0.5381
vn 0.8261 0.2258 0.5163
vn 0.3291 -0.9399 -0.0912
vn -0.3272 0.9399 -0.0976
vn -0.7342 -0.2524 -0.6303
vn -0.4232 -0.5443 -0.7244
vn 0.7391 0.3778 0.5577
vn 0.7561 -0.6095 0.2382
vn 0.8883 0.2360 -0.3941
vn 0.8097 -0.5713 -0.1342
vn 0.4852 -0.2896 -0.8250
vn 0.9661 -0.0285 0.2567
vn 0.6118 -0.7498 0.2521
vn -0.8398 -0.1184 -0.5298
vn -0.4345 -0.9004 -0.0240
vn -0.9315 0.2983 0.2083
vn 0.7341 -0.4769 0.4835
vn -0.6268 0.0572 -0.7770
vn -0.9891 -0.1447 -0.0291
vn 0.8425 0.4223 0.3344
vn 0.4981 0.8671 -0.0048
vn -0.9562 -0.1837 -0.2281
vn 0.0316 -0.9994 0.0135
vn -0.9955 0.0887 -0.0323
vn -0.4118 -0.9096 0.0557
vn -0.8435 0.0906 0.5294
vn 0.0469 -0.9683 -0.2453
vn -0.6448 0.2936 -0.7057
vn -0.7994 -0.1381 -0.5847
vn 0.2961 -0.8303 -0.4721
vn 0.0509 -0.9906 -0.1272
vn 0.4809 0.8676 0.1265
vn 0.6158 0.7769 -0.1309
vn 0.9167 -0.1952 0.3487
vn -0.8365 -0.0098 0.5479
vn 0.5452 -0.5766 -0.6085
vn 0.3495 0.4936 0.7964
vn -0.0274 -0.3862 0.9220
vn -0.2072 -0.3736 0.9042
vn 0.2645 0.6927 0.6709
vn 0.3808 0.8395 -0.3877
vn -0.9490 0.2988 -0.1008
vn 0.2171 -0.5515 0.8055
vn -0.8356 -0.1611 -0.5252
vn -0.7286 -0.4238 0.5380
vn 0.8112 0.3275 -0.4845
vn -0.3367 0.5749 -0.7458
vn -0.1387 0.2894 -0.9471
vn 0.2799 -0.7071 0.6494
vn -0.0274 -0.9059 -0.4226
vn -0.3907 -0.1473 -0.9086
vn -0.2198 0.9353 0.2773
vn -0.4187 0.3248 -0.8480
vn -0.1557 -0.9543 0.2552
vn 0.2146 -0.9501 0.2263
vn 0.1074 0.9903 -0.0885
vn 0.9087 -0.3378 -0.2451
vn -0.5390 0.5750 0.6155
vn 0.0024 0.9896 0.1435
vn -0.0489 0.9701 -0.2377
vn -0.5831 -0.2554 0.7712
vn 0.5308 0.0639 -0.8451
vn 0.4235 0.7191 -0.5509
vn 0.3253 0.1074 -0.9395
vn -0.5783 -0.5969 0.5561
vn -0.0985 0.9444 0.3135
vn 0.9459 -0.2880 -0.1494
vn 0.6927 -0.5828 0.4249
vn -0.0677 -0.9638 0.2578
vn -0.6611 0.2834 -0.6947
vn -0.4654 0.6620 -0.5875
vn -0.3709 0.8105 -0.4533
vn 0.5894 -0.5151 -0.6223
vn 0.3399 -0.4312 -0.8358
vn -0.7164 -0.5473 -0.4327
vn 0.4143 0.8683 0.2729
vn -0.4777 -0.8555 -0.1999
vn 0.1947 0.9347 0.2973
vn 0.7527 -0.5695 -0.3302
vn 0.4363 0.6185 -0.6535
vn 0.3424 -0.4887 -0.8024
vn 0.5688 0.8206 0.0548
vn -0.3086 -0.4265 -0.8502
vn -0.3831 -0.8419 -0.3801
vn 0.7757 -0.1403 0.6154
vn 0.4953 -0.7399 0.4552
vn 0.4356 0.1294 0.8908
vn -0.0584 -0.9905 0.1244
vn 0.2554 -0.7336 0.6297
vn 0.5254 -0.5588 0.6417
vn 0.7140 0.3268 0.6191
vn -0.3773 -0.8345 -0.4016
vn -0.0063 0.0329 -0.9994
vn -0.0667 0.9611 -0.2682
vn 0.4386 0.8727 0.2145
vn -0.6148 0.6582 -0.4346
vn -0.8409 -0.2365 -0.4867
vn -0.2580 -0.9641 -0.0622
vn 0.4753 -0.4984 0.7251
vn -0.0557 -0.9722 -0.2273
vn -0.4627 -0.6565 0.5957
vn -0.9386 -0.0841 0.3347
vn -0.4162 -0.8810 0.2252
vn -0.5967 0.7763 0.2035
vn -0.3734 0.5497 0.7473
vn -0.3049 -0.8858 -0.3499
vn -0.5180 -0.8500 0.0959
vn -0.8342 -0.4060 -0.3732
vn 0.2223 0.9746 0.0280
vn -0.4097 0.9083 0.0845
vn -0.1112 0.9687 0.2220
vn -0.2375 0.9661 -0.1010
vn 0.3984 -0.1955 -0.8961
vn -0.5297 -0.4165 0.7389
vn 0.2333 0.9619 -0.1425
vn -0.2853 -0.8552 0.4327
vn -0.1360 -0.9214 -0.3641
vn -0.2064 -0.6480 -0.7331
vn 0.7666 0.0302 -0.6414
vn -0.2986 0.6723 -0.6774
vn -0.7796 -0.6260 0.0155
vn -0.6837 -0.0114 0.7296
vn -0.8875 0.3565 0.2920
vn 0.6847 -0.2085 0.6983
vn 0.4032 0.3240 -0.8559
vn -0.6605 -0.4485 -0.6021
vn 0.1668 0.5406 -0.8245
vn -0.9737 -0.2032 0.1033
vn 0.8742 -0.4720 0.1143
vn 0.6912 0.4951 0.5264
vn 0.8344 -0.5446 -0.0845
vn -0.7532 -0.2291 0.6167
vn -0.9967 -0.0804 0.0145
vn -0.3319 -0.1063 0.9373
vn -0.2810 -0.9275 -0.2467
vn -0.5632 -0.3916 -0.7277
vn -0.2739 -0.4485 -0.8508
vn 0.9243 0.3012 0.2345
vn -0.0122 0.9199 0.3919
vn -0.1253 0.3404 0.9319
vn -0.5318 -0.6294 0.5666
vn 0.1826 0.6978 0.6926
vn -0.1171 -0.8441 -0.5232
vn 0.3559 -0.9336 -0.0415
vn 0.4699 0.4209 0.7759
vn 0.1486 -0.4757 0.8670
vn -0.8670 -0.2725 0.4173
vn -0.3175 0.9475 -0.0367
vn 0.4740 0.7002 0.5339
vn -0.4816 -0.5035 0.7174
vn 0.0111 0.9169 0.3989
vn -0.2900 -0.9451 0.1507
vn 0.0696 0.1909 -0.9791
vn 0.1798 -0.8018 0.5699
vn 0.0542 0.9949 -0.0855
vn -0.9254 0.2707 -0.2652
vn 0.3994 -0.3643 0.8413
vn 0.9131 -0.1757 -0.3679
vn -0.5878 -0.8067 0.0620
vn -0.6275 -0.7786 -0.0024
vn -0.9120 0.1374 0.3865
vn -0.3118 0.9425 -0.1204
vn 0.0402 -0.9972 0.0635
vn 0.4696 -0.5985 0.6491
vn 0.7044 -0.5905 -0.3938
vn 0.5821 -0.0684 -0.8102
vn -0.5166 0.7526 -0.4084
vn 0.5453 -0.5002 0.6727
vn -0.8876 -0.3794 0.2611
vn 0.5755 -0.8041 0.1490
vn 0.3983 -0.9029 0.1615
vn -0.2421 -0.8898 -0.3868
vn 0.2356 0.8487 -0.4736
vn -0.4059 -0.6082 0.6821
vn 0.1274 0.1348 -0.9826
vn 0.0198 -0.7331 0.6798
vn -0.5112 -0.7995 -0.3154
vn -0.4487 0.8850 -0.1244
vn -0.6673 -0.7230 0.1791
vn -0.8314 0.3295 0.4475
vn 0.0406 -0.9224 0.3841
vn 0.0539 -0.8227 -0.5659
vn 0.2212 0.8825 -0.4151
vn 0.0302 0.7093 0.7042
vn 0.1757 -0.7131 0.6787
vn 0.1479 0.4575 -0.8768
vn -0.1800 -0.2944 -0.9386
vn 0.1577 0.5104 -0.8454
vn -0.0404 -0.3689 0.9286
vn 0.3283 0.7324 0.5965
vn 0.0205 0.5419 0.8402
vn 0.0901 -0.8251 -0.5577
vn 0.1042 -0.9469 0.3043
vn -0.1667 -0.9337 -0.3168
vn 0.7615 0.6410 -0.0961
vn -0.1127 -0.4752 0.8726
vn 0.2018 0.3235 0.9244
vn -0.3378 0.8449 0.4148
vn 0.0607 0.9973 -0.0401
vn 0.5314 0.8069 -0.2578
vn 0.2441 0.9655 -0.0904
vn -0.1628 -0.9859 0.0387
vn -0.3345 -0.9342 -0.1239
vn 0.4774 0.8726 0.1030
vn 0.2349 -0.9554 -0.1790
vn 0.0421 -0.9990 0.0135
vn -0.3050 0.9301 -0.2048
vn 0.2886 0.9575 -0.0031
vn -0.1769 -0.9754 0.1315
vn -0.0750 0.9821 0.1730
vn -0.3338 0.9392 0.0804
vn -0.6136 0.7654 0.1940
vn -0.2834 0.8871 -0.3644
vn -0.9296 0.3506 -0.1139
vn -0.8376 0.5111 -0.1929
vn 0.7450 0.6209 0.2437
vn 0.7503 -0.3132 0.5822
vn 0.4343 -0.8489 0.3012
vn 0.9924 -0.0302 -0.1197
vn -0.9655 0.2272 0.1269
vn -0.8263 0.4560 -0.3307
vn -0.7832 -0.0765 0.6171
vn -0.0708 -0.9460 0.3164
vn 0.0310 0.2948 0.9551
vn -0.6479 -0.7392 0.1839
vn -0.9033 -0.4066 0.1370
vn 0.6035 -0.0973 0.7914
vn 0.3351 -0.5218 -0.7845
vn 0.1257 -0.9840 0.1259
vn 0.5328 -0.8054 -0.2597
vn -0.3883 -0.8754 0.2880
vn -0.4715 0.8806 0.0471
vn -0.0647 -0.5225 -0.8502
vn 0.0028 0.9613 0.2756
vn -0.9460 0.3241 0.0038
vn -0.5029 -0.8625 -0.0569
vn 0.3046 0.9444 0.1235
vn -0.7499 0.3987 -0.5278
vn 0.9369 -0.1771 -0.3013
vn -0.2160 0.9705 -0.1067
vn 0.6980 0.4285 0.5737
vn 0.7005 0.7042 -0.1157
vn 0.4589 0.3960 -0.7953
vn -0.2742 0.9617 0.0065
vn 0.6291 0.4550 0.6302
vn 0.0388 -0.8759 -0.4809
vn 0.0884 0.9936 0.0708
vn -0.1396 -0.9899 0.0261
vn 0.1612 -0.7717 0.6153
vn 0.0524 -0.9949 0.0865
vn -0.1139 0.9563 -0.2694
s 1
f 3//1 220//2 287//3
f 4//4 13//5 233//6
f 4//4 288//7 13//5
f 12//8 11//9 216//10
f 12//8 216//10 228//11
f 12//8 217//12 5//13
f 12//8 5//13 286//14
f 6//15 10//16 284//17
f 7//18 15//19 332//20
f 7//18 278//21 15//19
f 7//18 280//22 278//21
f 3//1 287//3 409//23
f 2//24 413//25 8//26
f 287//3 220//2 9//27
f 221//28 279//29 222//30
f 4//4 229//31 8//26
f 4//4 8//26 283//32
f 3//1 2//24 244//33
f 5//13 13//5 286//14
f 10//16 232//34 15//19
f 10//16 6//15 232//34
f 11//9 9//27 225//35
f 11//9 670//36 9//27
f 11//9 225//35 216//10
f 12//8 407//37 411//38
f 8//26 229//31 239//39
f 12//8 228//11 217//12
f 14//40 285//41 1//42
f 14//40 1//42 230//43
f 12//8 411//38 11//9
f 1//42 280//22 7//18
f 1//42 7//18 219//44
f 222//30 218//45 221//28
f 222//30 279//29 1007//46
f 1//42 285//41 280//22
f 3//1 409//23 2//24
f 8//26 239//39 2//24
f 6//15 221//28 231//47
f 6//15 284//17 221//28
f 14//40 230//43 222//30
f 13//5 227//48 233//6
f 15//19 232//34 332//20
f 15//19 209//49 10//16
f 13//5 5//13 227//48
f 9//27 220//2 223//50
f 9//27 282//51 287//3
f 12//8 286//14 407//37
f 9//27 223//50 225//35
f 16//52 1280//53 31//54
f 16//52 542//55 1280//53
f 18//56 21//57 170//58
f 18//56 1277//59 154//60
f 18//56 170//58 1277//59
f 554//61 759//62 35//63
f 554//61 29//64 759//62
f 1388//65 33//66 1351//67
f 20//68 18//56 154//60
f 20//68 1073//69 18//56
f 24//70 191//71 17//72
f 551//73 754//74 33//66
f 21//57 18//56 1073//69
f 26//75 1204//76 1275//77
f 26//75 16//52 1207//78
f 26//75 1207//78 1204//76
f 27//79 552//80 22//81
f 28//82 24//70 626//83
f 28//82 626//83 1206//84
f 30//85 553//86 19//87
f 31//54 24//70 16//52
f 32//88 1275//77 1204//76
f 22//81 1073//69 27//79
f 21//57 1279//89 547//90
f 32//88 1205//91 31//54
f 20//68 548//92 1278//93
f 20//68 154//60 548//92
f 31//54 1205//91 24//70
f 25//94 37//95 544//96
f 34//97 1388//65 1351//67
f 22//81 21//57 1073//69
f 22//81 1279//89 21//57
f 551//73 37//95 754//74
f 30//85 29//64 553//86
f 20//68 1278//93 27//79
f 24//70 28//82 191//71
f 16//52 26//75 542//55
f 38//98 55//99 559//100
f 40//101 1283//102 54//103
f 40//101 42//104 1283//102
f 42//104 51//105 1287//106
f 42//104 1074//107 51//105
f 43//108 570//109 53//110
f 44//111 53//110 1285//112
f 44//111 1284//113 57//114
f 44//111 1285//112 1284//113
f 45//115 52//116 560//117
f 42//104 40//101 1074//107
f 46//118 39//119 47//120
f 48//121 39//119 193//122
f 568//123 41//124 1210//125
f 1281//126 1208//127 1213//128
f 1281//126 1213//128 38//98
f 50//129 1209//130 526//131
f 1209//130 47//120 523//132
f 51//105 45//115 560//117
f 51//105 560//117 1256//133
f 54//103 58//134 40//101
f 56//135 1212//136 1281//126
f 56//135 1281//126 561//137
f 1281//126 1212//136 1208//127
f 52//116 1074//107 58//134
f 52//116 45//115 1074//107
f 49//138 60//139 1211//140
f 56//135 55//99 1212//136
f 568//123 1210//125 60//139
f 59//141 1286//142 41//124
f 48//121 193//122 50//129
f 60//139 49//138 568//123
f 62//143 909//144 80//145
f 62//143 936//146 909//144
f 63//147 693//148 1416//149
f 64//150 712//151 922//152
f 65//153 63//147 715//154
f 811//155 79//156 708//157
f 706//158 82//159 67//160
f 1402//161 182//162 935//163
f 1402//161 718//164 182//162
f 71//165 792//166 694//167
f 71//165 524//168 792//166
f 645//169 173//170 1475//171
f 714//172 81//173 655//174
f 714//172 655//174 936//146
f 61//175 206//176 77//177
f 61//175 77//177 908//178
f 69//179 932//180 695//181
f 686//182 78//183 85//184
f 67//160 81//173 697//185
f 705//186 76//187 1401//188
f 74//189 705//186 192//190
f 83//191 699//192 1093//193
f 1399//194 695//181 932//180
f 1399//194 182//162 695//181
f 71//165 702//195 173//170
f 714//172 936//146 62//143
f 922//152 712//151 693//148
f 83//191 704//196 74//189
f 83//191 1093//193 704//196
f 509//197 913//198 916//199
f 77//177 73//200 908//178
f 73//200 80//145 912//201
f 69//179 709//202 921//203
f 931//204 691//205 1089//206
f 931//204 1089//206 916//199
f 1402//161 698//207 718//164
f 816//208 68//209 87//210
f 811//155 708//157 75//211
f 918//212 72//213 703//214
f 918//212 717//215 84//216
f 63//147 922//152 693//148
f 913//198 509//197 72//213
f 82//159 706//158 87//210
f 83//191 89//217 699//192
f 87//210 68//209 82//159
f 85//184 506//218 686//182
f 509//197 916//199 1089//206
f 931//204 1400//219 691//205
f 173//170 702//195 1475//171
f 89//217 76//187 699//192
f 91//220 1480//221 958//222
f 966//223 93//224 735//225
f 102//226 732//227 494//228
f 96//229 748//230 1004//231
f 743//232 156//233 732//227
f 97//234 980//235 1405//236
f 186//237 965//238 107//239
f 90//240 1406//241 106//242
f 186//237 119//243 965//238
f 720//244 111//245 110//246
f 103//247 975//248 1114//249
f 500//250 108//251 1407//252
f 822//253 117//254 741//255
f 822//253 741//255 751//256
f 822//253 1123//257 153//258
f 734//259 742//260 1255//261
f 97//234 91//220 980//235
f 102//226 651//262 1482//263
f 102//226 494//228 651//262
f 104//264 746//265 967//266
f 752//267 1114//249 963//268
f 752//267 963//268 108//251
f 106//242 973//269 1214//270
f 106//242 1406//241 973//269
f 107//239 738//271 186//237
f 109//272 974//273 94//274
f 1407//252 753//275 500//250
f 1214//270 1404//276 1480//221
f 651//262 1341//277 1482//263
f 95//278 115//279 1132//280
f 95//278 1132//280 112//281
f 107//239 113//282 738//271
f 822//253 744//283 1123//257
f 822//253 751//256 744//283
f 100//284 1255//261 742//260
f 103//247 1218//285 968//286
f 116//287 114//288 740//289
f 153//258 737//290 972//291
f 153//258 1123//257 737//290
f 117//254 101//292 741//255
f 1114//249 975//248 963//268
f 92//293 118//294 132//295
f 118//294 1403//296 969//297
f 91//220 958//222 980//235
f 110//246 156//233 743//232
f 90//240 1127//298 118//294
f 90//240 118//294 969//297
f 1341//277 111//245 723//299
f 116//287 740//289 93//224
f 108//251 1408//300 1407//252
f 746//265 99//301 967//266
f 111//245 720//244 723//299
f 108//251 963//268 1408//300
f 90//240 106//242 673//302
f 968//286 1248//303 103//247
f 972//291 737//290 656//304
f 120//305 795//306 849//307
f 120//305 849//307 140//308
f 1193//309 783//310 1252//311
f 1006//312 292//313 1178//314
f 952//315 821//316 956//317
f 444//318 447//319 1383//320
f 444//318 1383//320 945//321
f 126//322 637//323 162//324
f 121//325 215//326 660//327
f 16//52 24//70 17//72
f 993//328 991//329 1000//330
f 127//331 1056//332 531//333
f 1083//334 893//335 346//336
f 1083//334 346//336 145//337
f 1177//338 168//339 601//340
f 129//341 417//342 779//343
f 130//344 1191//345 1480//221
f 666//346 1456//347 1443//348
f 313//349 867//350 325//351
f 313//349 323//352 867//350
f 974//273 970//353 1530//354
f 204//355 1430//356 648//357
f 133//358 677//359 1051//360
f 134//361 675//362 1077//363
f 134//361 739//364 675//362
f 1031//365 602//366 1029//367
f 432//368 409//23 296//369
f 483//370 654//371 464//372
f 677//359 133//358 1040//373
f 138//374 1173//375 348//376
f 72//213 1244//377 913//198
f 1559//378 1418//379 1458//380
f 549//381 555//382 1065//383
f 228//11 216//10 1083//334
f 585//384 124//385 178//386
f 684//387 1379//388 1422//389
f 141//390 1000//330 991//329
f 141//390 991//329 535//391
f 142//392 1573//393 167//394
f 224//395 1414//396 331//397
f 224//395 331//397 1340//398
f 143//399 724//400 144//401
f 143//399 144//401 731//402
f 798//403 978//404 1047//405
f 798//403 1047//405 471//406
f 88//407 709//202 1462//408
f 147//409 1359//410 126//322
f 149//411 994//412 1377//413
f 854//414 546//415 1278//93
f 854//414 1278//93 1387//416
f 1426//417 662//418 613//419
f 150//420 1243//421 1525//422
f 947//423 304//424 309//425
f 153//258 972//291 1582//426
f 154//60 1279//89 548//92
f 683//427 1171//428 1159//429
f 521//430 1494//431 778//432
f 1447//433 627//434 671//435
f 1447//433 1375//436 1504//437
f 1447//433 671//435 1375//436
f 371//438 522//439 521//430
f 1425//440 1559//378 1458//380
f 1120//441 817//442 749//443
f 388//444 380//445 934//446
f 388//444 664//447 189//448
f 157//449 425//450 1003//451
f 157//449 177//452 425//450
f 283//32 302//453 303//454
f 283//32 1564//455 302//453
f 80//145 915//456 912//201
f 161//457 248//458 237//459
f 161//457 237//459 1071//460
f 1445//461 992//462 121//325
f 166//463 690//464 687//465
f 166//463 687//465 719//466
f 999//467 576//468 178//386
f 43//108 764//469 1282//470
f 167//394 514//471 900//472
f 883//473 796//474 882//475
f 1413//476 360//477 341//478
f 170//58 555//382 1277//59
f 173//170 85//184 815//479
f 235//480 1414//396 236//481
f 176//482 796//474 1263//483
f 176//482 1263//483 1397//484
f 850//485 1005//486 1450//487
f 1195//488 1245//489 790//490
f 1195//488 790//490 1060//491
f 1302//492 694//167 1385//493
f 420//494 949//495 1201//496
f 420//494 1201//496 415//497
f 441//498 1188//499 128//500
f 289//501 408//502 278//21
f 1013//503 1244//377 398//504
f 187//505 268//506 211//507
f 188//508 1057//509 1367//510
f 190//511 1236//512 171//513
f 190//511 452//514 1236//512
f 190//511 171//513 948//515
f 1263//483 796//474 888//516
f 194//517 937//518 923//519
f 194//517 1243//421 937//518
f 1421//520 1147//521 661//522
f 198//523 1265//524 604//525
f 200//526 311//527 671//435
f 201//528 1449//529 1307//530
f 201//528 995//531 1449//529
f 202//532 1338//533 1512//534
f 165//535 298//536 670//36
f 203//537 903//538 904//539
f 204//355 199//540 1430//356
f 1374//541 488//542 727//543
f 1496//544 807//545 301//546
f 208//547 776//548 537//549
f 208//547 466//550 478//551
f 208//547 478//551 776//548
f 210//552 417//342 448//553
f 210//552 779//343 417//342
f 1108//554 509//197 1199//555
f 1517//556 662//418 1426//417
f 1517//556 1169//557 662//418
f 213//558 354//559 207//560
f 215//326 992//462 294//561
f 7//18 1360//562 219//44
f 224//395 229//31 4//4
f 221//28 218//45 1483//563
f 1//42 333//564 230//43
f 221//28 333//564 231//47
f 221//28 1483//563 333//564
f 232//34 6//15 231//47
f 226//565 4//4 233//6
f 3//1 244//33 220//2
f 230//43 333//564 250//566
f 222//30 245//567 218//45
f 224//395 4//4 226//565
f 232//34 231//47 1360//562
f 219//44 1360//562 231//47
f 5//13 217//12 532//568
f 234//569 332//20 1469//570
f 232//34 234//569 1469//570
f 235//480 889//571 1466//572
f 217//12 898//573 347//574
f 241//575 1472//576 246//577
f 240//578 248//458 1483//563
f 240//578 907//579 248//458
f 1471//580 1071//460 237//459
f 241//575 242//581 1217//582
f 241//575 1217//582 1472//576
f 517//583 225//35 363//584
f 349//585 2//24 239//39
f 243//586 235//480 1466//572
f 243//586 1466//572 1067//587
f 1071//460 680//588 250//566
f 233//6 249//589 226//565
f 233//6 1468//590 249//589
f 1067//587 239//39 1340//398
f 1067//587 1340//398 243//586
f 235//480 236//481 1425//440
f 235//480 1425//440 889//571
f 238//591 145//337 901//592
f 989//593 247//594 245//567
f 238//591 898//573 217//12
f 238//591 217//12 228//11
f 233//6 227//48 1468//590
f 246//577 236//481 241//575
f 240//578 1483//563 247//594
f 904//539 244//33 2//24
f 220//2 634//595 1470//596
f 248//458 161//457 1483//563
f 250//566 1084//597 681//598
f 250//566 681//598 503//599
f 227//48 532//568 361//600
f 1467//601 250//566 503//599
f 249//589 242//581 226//565
f 247//594 218//45 245//567
f 1469//570 332//20 232//34
f 238//591 228//11 1083//334
f 349//585 904//539 2//24
f 250//566 680//588 1084//597
f 241//575 1414//396 242//581
f 225//35 1470//596 363//584
f 252//602 1298//603 261//604
f 252//602 261//604 1264//605
f 253//606 1301//607 275//608
f 254//609 830//610 211//507
f 255//611 831//612 1308//613
f 641//614 1075//615 259//616
f 641//614 260//617 1075//615
f 199//540 256//618 271//619
f 199//540 840//620 256//618
f 251//621 835//622 273//623
f 271//619 647//624 199//540
f 256//618 1309//625 271//619
f 256//618 1415//626 276//627
f 256//618 276//627 1309//625
f 1181//628 1305//629 1427//630
f 259//616 1110//631 277//632
f 262//633 1522//634 1429//635
f 828//636 1094//637 844//638
f 264//639 265//640 836//641
f 833//642 257//643 263//644
f 266//645 1199//555 274//646
f 266//645 844//638 1199//555
f 259//616 1491//647 641//614
f 211//507 830//610 187//505
f 267//648 268//506 847//649
f 1430//356 276//627 1415//626
f 1181//628 253//606 275//608
f 1181//628 275//608 1305//629
f 269//650 1484//651 274//646
f 254//609 832//652 830//610
f 828//636 251//621 1094//637
f 269//650 1293//653 1061//654
f 272//655 270//656 843//657
f 272//655 277//632 1110//631
f 272//655 843//657 277//632
f 1427//630 831//612 1273//658
f 1427//630 1273//658 1181//628
f 269//650 1061//654 1484//651
f 274//646 1199//555 269//650
f 262//633 273//623 835//622
f 257//643 833//642 258//659
f 267//648 832//652 254//609
f 267//648 837//660 832//652
f 284//17 410//661 279//29
f 284//17 279//29 221//28
f 278//21 408//502 15//19
f 285//41 14//40 412//662
f 285//41 412//662 410//661
f 630//663 288//7 4//4
f 15//19 408//502 209//49
f 283//32 630//663 4//4
f 209//49 289//501 10//16
f 280//22 284//17 289//501
f 280//22 289//501 278//21
f 11//9 411//38 670//36
f 289//501 290//664 1478//665
f 290//664 408//502 1478//665
f 300//666 188//508 821//316
f 295//667 1448//668 407//37
f 302//453 294//561 1560//669
f 300//666 821//316 952//315
f 1477//670 281//671 306//672
f 1477//670 307//673 281//671
f 301//546 121//325 1496//544
f 302//453 942//674 303//454
f 303//454 308//675 630//663
f 1367//510 1057//509 953//676
f 1271//677 407//37 286//14
f 807//545 406//678 297//679
f 807//545 1496//544 406//678
f 951//680 630//663 308//675
f 305//681 1271//677 286//14
f 305//681 443//682 1271//677
f 121//325 992//462 215//326
f 407//37 1479//683 295//667
f 297//679 413//25 299//684
f 299//684 2//24 409//23
f 1057//509 810//685 953//676
f 296//369 282//51 304//424
f 300//666 952//315 1006//312
f 300//666 1006//312 306//672
f 292//313 1057//509 412//662
f 292//313 810//685 1057//509
f 292//313 412//662 307//673
f 307//673 1477//670 1178//314
f 304//424 9//27 670//36
f 304//424 670//36 309//425
f 297//679 406//678 413//25
f 951//680 288//7 630//663
f 307//673 1178//314 292//313
f 305//681 291//686 443//682
f 951//680 291//686 288//7
f 1478//665 408//502 289//501
f 306//672 281//671 1007//46
f 407//37 1271//677 1479//683
f 298//536 309//425 670//36
f 121//325 301//546 1445//461
f 878//687 1179//688 1318//689
f 310//690 200//526 818//691
f 310//690 818//691 860//692
f 312//693 329//694 326//695
f 313//349 322//696 861//697
f 314//698 1326//699 862//700
f 315//701 321//702 772//703
f 1314//704 317//705 871//706
f 1314//704 871//706 318//707
f 146//708 676//709 1218//285
f 1434//710 310//690 860//692
f 1434//710 860//692 185//711
f 1505//712 155//713 1179//688
f 318//707 196//714 1323//715
f 864//716 1435//717 327//718
f 876//719 1315//720 1358//721
f 876//719 752//267 1315//720
f 876//719 324//722 752//267
f 323//352 877//723 867//350
f 867//350 857//724 325//351
f 324//722 873//725 214//726
f 319//727 329//694 1339//728
f 1321//729 319//727 1339//728
f 313//349 861//697 330//730
f 1138//731 870//732 878//687
f 866//733 317//705 1129//734
f 1315//720 321//702 1358//721
f 874//735 866//733 1129//734
f 874//735 1433//736 196//714
f 874//735 1129//734 1433//736
f 676//709 315//701 772//703
f 1321//729 862//700 1326//699
f 1321//729 1339//728 685//737
f 1321//729 685//737 862//700
f 322//696 325//351 858//738
f 323//352 868//739 877//723
f 864//716 1316//740 1435//717
f 311//527 316//741 671//435
f 323//352 330//730 868//739
f 320//742 865//743 1270//744
f 330//730 323//352 313//349
f 196//714 1433//736 1323//715
f 7//18 234//569 1360//562
f 7//18 332//20 234//569
f 1360//562 234//569 232//34
f 1272//745 245//567 222//30
f 1272//745 222//30 230//43
f 224//395 226//565 242//581
f 220//2 1470//596 223//50
f 229//31 1340//398 239//39
f 250//566 333//564 161//457
f 5//13 532//568 227//48
f 225//35 223//50 1470//596
f 334//746 344//747 889//571
f 336//748 340//749 900//472
f 336//748 800//750 340//749
f 336//748 900//472 514//471
f 336//748 801//751 800//750
f 337//752 895//753 358//754
f 363//584 1577//755 893//335
f 341//478 350//756 1576//757
f 183//758 367//759 1200//760
f 342//761 1418//379 897//762
f 362//763 895//753 337//752
f 362//763 898//573 895//753
f 343//764 1373//765 786//766
f 354//559 349//585 892//767
f 344//747 334//746 1202//768
f 345//769 905//770 364//771
f 345//769 364//771 1419//772
f 347//574 355//773 532//568
f 371//438 1368//774 522//439
f 348//376 353//775 890//776
f 350//756 365//777 1187//778
f 351//779 1586//780 364//771
f 351//779 364//771 891//781
f 341//478 1576//757 1413//476
f 352//782 354//559 490//783
f 340//749 1440//784 1518//785
f 343//764 1551//786 334//746
f 1373//765 1458//380 1061//654
f 1373//765 1061//654 786//766
f 335//787 366//788 167//394
f 335//787 800//750 366//788
f 352//782 1468//590 338//789
f 335//787 167//394 1573//393
f 335//787 1573//393 1440//784
f 345//769 339//790 907//579
f 358//754 901//592 183//758
f 359//791 366//788 1457//792
f 1577//755 346//336 893//335
f 344//747 1202//768 639//793
f 345//769 1586//780 339//790
f 345//769 907//579 905//770
f 345//769 1419//772 1586//780
f 360//477 1413//476 374//794
f 365//777 902//795 374//794
f 366//788 514//471 167//394
f 366//788 359//791 514//471
f 342//761 897//762 371//438
f 342//761 371//438 778//432
f 203//537 904//539 349//585
f 369//796 357//797 370//798
f 365//777 374//794 1187//778
f 370//798 372//799 1575//800
f 370//798 1575//800 906//801
f 340//749 142//392 900//472
f 340//749 1518//785 142//392
f 371//438 897//762 894//802
f 371//438 521//430 778//432
f 183//758 163//803 358//754
f 338//789 1468//590 361//600
f 639//793 1368//774 679//804
f 364//771 1586//780 1419//772
f 1573//393 1463//805 1440//784
f 373//806 363//584 890//776
f 374//794 902//795 360//477
f 390//807 1240//808 378//809
f 375//810 397//811 1016//812
f 376//813 1012//814 385//815
f 383//816 791//817 1242//818
f 380//445 189//448 531//333
f 380//445 1195//488 1060//491
f 377//819 1056//332 403//820
f 381//821 379//822 628//823
f 649//824 179//825 385//815
f 382//826 1175//827 383//816
f 382//826 383//816 127//331
f 914//828 400//829 1025//830
f 1437//831 1228//832 405//833
f 1017//834 402//835 1527//836
f 1017//834 1527//836 1436//837
f 381//821 628//823 396//838
f 386//839 1228//832 1437//831
f 1016//812 655//174 389//840
f 1016//812 397//811 655//174
f 388//444 1014//841 379//822
f 380//445 531//333 395//842
f 380//445 395//842 1195//488
f 405//833 1228//832 179//825
f 390//807 389//840 1382//843
f 390//807 1541//844 389//840
f 392//845 1063//846 395//842
f 392//845 395//842 785//847
f 1026//848 159//849 928//850
f 392//845 377//819 1053//851
f 387//852 376//813 1219//853
f 1219//853 386//839 387//852
f 395//842 1063//846 791//817
f 1020//854 1014//841 388//444
f 383//816 1056//332 127//331
f 395//842 531//333 785//847
f 382//826 189//448 1245//489
f 399//855 1524//856 404//857
f 392//845 1053//851 1063//846
f 401//858 1018//859 1528//860
f 402//835 1026//848 928//850
f 1025//830 378//809 914//828
f 649//824 405//833 179//825
f 378//809 158//861 390//807
f 386//839 1219//853 1228//832
f 395//842 1175//827 1195//488
f 382//826 1245//489 1175//827
f 383//816 1242//818 403//820
f 383//816 403//820 1056//332
f 1527//836 394//862 1436//837
f 399//855 394//862 1241//863
f 399//855 1241//863 1524//856
f 289//501 209//49 290//664
f 406//678 8//26 413//25
f 287//3 282//51 296//369
f 9//27 304//424 282//51
f 279//29 306//672 1007//46
f 13//5 305//681 286//14
f 413//25 2//24 299//684
f 288//7 291//686 305//681
f 288//7 305//681 13//5
f 307//673 14//40 281//671
f 14//40 307//673 412//662
f 209//49 408//502 290//664
f 287//3 296//369 409//23
f 279//29 410//661 300//666
f 177//452 135//864 436//865
f 416//866 941//867 437//868
f 416//866 437//868 1198//869
f 417//342 826//870 942//674
f 438//871 946//872 122//873
f 419//874 949//495 431//875
f 419//874 950//876 949//495
f 420//494 431//875 949//495
f 421//877 944//878 1500//879
f 442//880 205//881 1538//882
f 419//874 431//875 1262//883
f 419//874 1339//728 950//876
f 426//884 1570//885 955//886
f 426//884 1444//887 1570//885
f 428//888 797//889 129//341
f 428//888 633//890 797//889
f 416//866 423//891 941//867
f 428//888 414//892 633//890
f 944//878 442//880 1500//879
f 943//893 435//894 1571//895
f 429//896 430//897 952//315
f 430//897 446//898 952//315
f 430//897 1571//895 446//898
f 148//899 1059//900 205//881
f 427//901 180//902 445//903
f 432//368 1058//904 424//905
f 421//877 947//423 944//878
f 955//886 1570//885 1222//906
f 955//886 1222//906 447//319
f 435//894 446//898 1571//895
f 435//894 1476//907 446//898
f 420//494 1364//908 1198//869
f 429//896 956//317 943//893
f 429//896 943//893 1571//895
f 433//909 954//910 984//911
f 128//500 440//912 1479//683
f 1444//887 426//884 945//321
f 128//500 1271//677 441//498
f 452//514 449//913 1511//914
f 423//891 415//497 941//867
f 439//915 422//916 951//680
f 950//876 1238//917 437//868
f 950//876 1339//728 1238//917
f 443//682 422//916 1188//499
f 429//896 1571//895 430//897
f 447//319 1190//918 955//886
f 447//319 444//318 536//919
f 447//319 536//919 1190//918
f 437//868 941//867 1201//496
f 424//905 984//911 954//910
f 437//868 1201//496 950//876
f 449//913 953//676 450//920
f 414//892 428//888 453//921
f 450//920 953//676 948//515
f 450//920 948//515 171//513
f 177//452 157//449 135//864
f 440//912 128//500 1409//922
f 445//903 210//552 448//553
f 171//513 1236//512 1222//906
f 432//368 424//905 299//684
f 453//921 425//450 414//892
f 454//923 418//924 1230//925
f 423//891 416//866 1346//926
f 439//915 951//680 433//909
f 455//927 1033//928 175//929
f 474//930 1250//931 1239//932
f 459//933 1068//934 461//935
f 460//936 1565//937 160//938
f 464//372 1439//939 483//370
f 465//940 1568//941 462//942
f 465//940 1567//943 1568//941
f 473//944 1565//937 460//936
f 473//944 460//936 775//945
f 473//944 682//946 1565//937
f 776//548 478//551 654//371
f 1039//947 1030//948 1248//303
f 474//930 1239//932 482//949
f 1048//950 1251//951 456//952
f 464//372 476//953 1438//954
f 464//372 1438//954 1439//939
f 467//955 1044//956 476//953
f 1249//957 463//958 636//959
f 1249//957 636//959 997//960
f 1249//957 997//960 477//961
f 1032//962 1049//963 470//964
f 462//942 1568//941 805//965
f 462//942 1246//966 775//945
f 1030//948 463//958 1248//303
f 1247//967 465//940 1252//311
f 1247//967 1567//943 465//940
f 480//968 475//969 1253//970
f 474//930 682//946 473//944
f 474//930 473//944 1250//931
f 160//938 1247//967 823//971
f 472//972 1033//928 455//927
f 776//548 654//371 483//370
f 458//973 1046//974 960//975
f 1048//950 1254//976 1251//951
f 476//953 1044//956 1438//954
f 462//942 482//949 1246//966
f 462//942 805//965 482//949
f 460//936 1193//309 1080//977
f 477//961 975//248 1249//957
f 465//940 1080//977 1252//311
f 482//949 805//965 474//930
f 479//978 471//406 1037//979
f 479//978 1037//979 1042//980
f 1032//962 1255//261 1253//970
f 160//938 823//971 460//936
f 1192//981 1200//760 346//336
f 1454//982 619//983 1335//984
f 371//438 894//802 1472//576
f 484//985 80//145 1052//986
f 486//987 1147//521 1421//520
f 486//987 1226//988 1147//521
f 974//273 95//278 970//353
f 974//273 115//279 95//278
f 488//542 1374//541 726//989
f 490//783 892//767 896//990
f 538//991 1353//992 1172//993
f 842//994 1227//995 834//996
f 211//507 267//648 254//609
f 211//507 268//506 267//648
f 511//997 1019//998 1021//999
f 511//997 1015//1000 1019//998
f 494//228 156//233 771//1001
f 1565//937 1567//943 160//938
f 495//1002 1299//1003 806//1004
f 879//1005 1585//1006 884//1007
f 879//1005 886//1008 1585//1006
f 402//835 1017//834 1026//848
f 497//1009 1072//1010 1558//1011
f 1481//1012 721//1013 727//543
f 1481//1012 727//543 488//542
f 498//1014 1548//1015 726//989
f 501//1016 1226//988 1267//1017
f 501//1016 1348//1018 1226//988
f 502//1019 1337//1020 581//1021
f 502//1019 581//1021 1008//1022
f 339//790 1586//780 351//779
f 990//1023 658//1024 348//376
f 587//1025 637//323 1359//410
f 587//1025 642//1026 637//323
f 508//1027 573//1028 1079//1029
f 508//1027 1079//1029 882//475
f 508//1027 882//475 1395//1030
f 325//351 322//696 313//349
f 513//1031 1077//363 1319//1032
f 293//1033 165//535 1448//668
f 517//583 216//10 225//35
f 517//583 1083//334 216//10
f 224//395 1340//398 229//31
f 519//1034 1237//1035 1420//1036
f 519//1034 1290//1037 1237//1035
f 520//1038 1076//1039 557//1040
f 520//1038 853//1041 1076//1039
f 531//333 189//448 382//826
f 1301//607 689//1042 1087//1043
f 207//560 1173//375 213//558
f 1202//768 1268//1044 1578//1045
f 1202//768 1487//1046 1268//1044
f 848//1047 852//1048 773//1049
f 523//132 1547//1050 526//131
f 276//627 1307//530 491//1051
f 1319//1032 1141//1052 729//1053
f 1319//1032 729//1053 1112//1054
f 531//333 1056//332 785//847
f 1568//941 1565//937 682//946
f 124//385 1224//1055 178//386
f 370//798 357//797 372//799
f 1027//1056 1261//1057 668//1058
f 812//1059 1295//1060 489//1061
f 533//1062 1207//78 624//1063
f 1467//601 1272//745 230//43
f 1467//601 230//43 250//566
f 219//44 333//564 1//42
f 540//1064 1531//1065 1424//1066
f 541//1067 1275//77 545//1068
f 542//55 541//1067 1280//53
f 545//1068 31//54 550//1069
f 1277//59 555//382 549//381
f 547//90 549//381 1065//383
f 547//90 1279//89 549//381
f 548//92 1390//1070 1387//416
f 547//90 1065//383 555//382
f 553//86 554//61 1221//1071
f 550//1069 1280//53 770//1072
f 550//1069 770//1072 1581//1073
f 548//92 1387//416 1278//93
f 33//66 1388//65 773//1049
f 554//61 557//1040 1386//1074
f 543//1075 1278//93 546//415
f 552//80 1390//1070 548//92
f 552//80 548//92 22//81
f 553//86 853//1041 520//1038
f 549//381 1279//89 154//60
f 549//381 154//60 1277//59
f 1280//53 1389//1076 770//1072
f 34//97 544//96 556//1077
f 33//66 773//1049 551//73
f 541//1067 542//55 26//75
f 541//1067 26//75 1275//77
f 1280//53 541//1067 1389//1076
f 544//96 37//95 551//73
f 551//73 1078//1078 544//96
f 556//1077 1388//65 34//97
f 550//1069 1581//1073 545//1068
f 558//1079 1263//483 561//137
f 558//1079 561//137 1281//126
f 1285//112 570//109 1395//1030
f 1392//1080 572//1081 59//141
f 1392//1080 59//141 566//1082
f 49//138 567//1083 1394//1084
f 49//138 1394//1084 568//123
f 561//137 1446//1085 56//135
f 1283//102 565//1086 137//1087
f 508//1027 570//109 43//108
f 1284//113 1215//1088 1391//1089
f 563//1090 565//1086 1384//1091
f 562//1092 574//1093 1287//106
f 563//1090 571//1094 137//1087
f 563//1090 58//134 571//1094
f 561//137 782//1095 1446//1085
f 1446//1085 782//1095 559//100
f 1284//113 1391//1089 573//1028
f 1285//112 1395//1030 1393//1096
f 1285//112 1393//1096 1215//1088
f 567//1083 49//138 572//1081
f 568//123 789//1097 566//1082
f 1287//106 564//1098 562//1092
f 563//1090 1384//1091 58//134
f 560//117 564//1098 1256//133
f 560//117 1396//1099 564//1098
f 569//1100 560//117 574//1093
f 570//109 508//1027 1395//1030
f 1215//1088 1284//113 1285//112
f 559//100 558//1079 1281//126
f 565//1086 42//104 1384//1091
f 565//1086 1283//102 42//104
f 559//100 782//1095 1397//484
f 566//1082 789//1097 1392//1080
f 559//100 1397//484 558//1079
f 508//1027 43//108 1282//470
f 508//1027 1282//470 57//114
f 508//1027 57//114 573//1028
f 574//1093 562//1092 569//1100
f 137//1087 54//103 1283//102
f 137//1087 571//1094 54//103
f 573//1028 57//114 1284//113
f 1328//1101 642//1026 539//1102
f 1328//1101 638//1103 642//1026
f 577//1104 596//1105 1579//1106
f 586//1107 575//1108 1451//1109
f 578//1110 581//1021 1333//1111
f 152//1112 1452//1113 599//1114
f 527//1115 787//1116 1329//1117
f 585//384 787//1116 527//1115
f 827//1118 1520//1119 505//1120
f 588//1121 594//1122 1146//1123
f 586//1107 1155//1124 650//1125
f 587//1025 591//1126 642//1026
f 587//1025 1541//844 591//1126
f 1452//1113 1156//1127 599//1114
f 589//1128 1329//1117 598//1129
f 1328//1101 827//1118 638//1103
f 642//1026 591//1126 539//1102
f 593//1130 653//1131 594//1122
f 594//1122 653//1131 1146//1123
f 582//1132 1332//1133 578//1110
f 169//1134 659//1135 152//1112
f 578//1110 1333//1111 597//1136
f 578//1110 597//1136 1579//1106
f 597//1136 577//1104 1579//1106
f 598//1129 580//1137 589//1128
f 1330//1138 592//1139 987//1140
f 587//1025 1331//1141 1541//844
f 1329//1117 589//1128 527//1115
f 1155//1124 590//1142 650//1125
f 827//1118 1328//1101 1520//1119
f 575//1108 595//1143 1451//1109
f 1443//348 1029//367 629//1144
f 602//366 1031//365 620//1145
f 602//366 1069//1146 1029//367
f 198//523 1464//1147 1265//524
f 529//1148 600//1149 1544//1150
f 603//1151 607//1152 1580//1153
f 777//1154 1455//1155 610//1156
f 777//1154 610//1156 1336//1157
f 487//1158 1168//1159 615//1160
f 605//1161 606//1162 1461//1163
f 487//1158 613//419 1168//1159
f 607//1152 619//983 1454//982
f 609//1164 608//1165 644//1166
f 611//1167 1443//348 1456//347
f 611//1167 1456//347 614//1168
f 612//1169 530//1170 617//1171
f 1461//1163 601//340 168//339
f 607//1152 1454//982 1161//1172
f 613//419 487//1158 621//1173
f 529//1148 615//1160 1167//1174
f 1334//1175 609//1164 1158//1176
f 612//1169 616//1177 530//1170
f 1335//984 610//1156 1455//1155
f 777//1154 1336//1157 614//1168
f 618//1178 617//1171 1163//1179
f 608//1165 618//1178 644//1166
f 600//1149 683//427 652//1180
f 603//1151 1580//1153 620//1145
f 198//523 604//525 507//1181
f 607//1152 603//1151 674//1182
f 683//427 601//340 652//1180
f 604//525 1164//1183 507//1181
f 1335//984 1455//1155 996//1184
f 1164//1183 604//525 1334//1175
f 614//1168 1456//347 777//1154
f 621//1173 606//1162 613//419
f 620//1145 1580//1153 602//366
f 804//1185 1428//1186 1291//1187
f 314//698 862//700 1262//883
f 622//1188 1084//597 680//588
f 622//1188 680//588 248//458
f 1342//1189 421//877 212//1190
f 143//399 1131//1191 724//400
f 143//399 725//1192 1131//1191
f 1002//1193 1295//1060 1104//1194
f 624//1063 626//83 1546//1195
f 625//1196 714//172 62//143
f 626//83 624//1063 36//1197
f 990//1023 362//763 337//752
f 990//1023 337//752 658//1024
f 843//657 641//614 1343//1198
f 161//457 1071//460 250//566
f 236//481 1559//378 1425//440
f 236//481 246//577 1559//378
f 630//663 283//32 303//454
f 372//799 350//756 1187//778
f 1465//1199 1574//1200 684//387
f 374//794 1413//476 788//1201
f 1430//356 1415//626 648//357
f 635//1202 629//1144 1069//1146
f 1086//1203 686//182 506//218
f 636//959 1030//948 768//1204
f 809//1205 1309//625 716//1206
f 809//1205 716//1206 988//1207
f 637//323 126//322 1359//410
f 638//1103 162//324 637//323
f 1341//277 723//299 729//1053
f 1104//1194 1295//1060 528//1208
f 739//364 134//361 732//227
f 431//875 420//494 1198//869
f 145//337 238//591 1083//334
f 812//1059 1302//492 806//1004
f 812//1059 806//1004 528//1208
f 649//824 1012//814 799//1209
f 1130//1210 1459//1211 1548//1015
f 294//561 177//452 436//865
f 1362//1212 890//776 353//775
f 1230//925 1179//688 643//1213
f 654//371 466//550 481//1214
f 654//371 478//551 466//550
f 347//574 631//1215 355//773
f 1268//1044 274//646 845//1216
f 1268//1044 266//645 274//646
f 1569//1217 855//1218 1182//1219
f 1569//1217 851//1220 855//1218
f 1569//1217 678//1221 851//1220
f 885//1222 1176//1223 1194//1224
f 885//1222 1066//1225 1176//1223
f 885//1222 1194//1224 567//1083
f 326//695 329//694 1374//541
f 992//462 425//450 177//452
f 656//304 981//1226 982//1227
f 656//304 982//1227 972//291
f 657//1228 675//362 1117//1229
f 371//438 899//1230 1368//774
f 1583//1231 1508//1232 1213//128
f 1583//1231 1547//1050 1508//1232
f 88//407 70//1233 709//202
f 1564//455 1496//544 121//325
f 659//1135 169//1134 1224//1055
f 660//327 215//326 302//453
f 661//522 1070//1234 1553//1235
f 662//418 131//1236 613//419
f 665//1237 1098//1238 1258//1239
f 666//346 1160//1240 1456//347
f 1342//1189 947//423 421//877
f 1177//338 601//340 683//427
f 668//1058 1261//1057 1537//1241
f 440//912 946//872 1479//683
f 1461//1163 768//1204 601//340
f 240//578 905//770 907//579
f 675//362 1312//1242 1077//363
f 662//418 1169//557 529//1148
f 662//418 529//1148 1167//1174
f 679//804 1368//774 896//990
f 1200//760 1192//981 1264//605
f 680//588 370//798 248//458
f 595//1143 576//468 999//467
f 625//1196 665//1237 1258//1239
f 1090//1243 717//215 918//212
f 206//176 61//175 1096//1244
f 1097//1245 699//192 76//187
f 1097//1245 76//187 705//186
f 1105//1246 66//1247 1101//1248
f 79//156 1536//1249 708//157
f 484//985 1052//986 1442//1250
f 1052//986 206//176 252//602
f 1052//986 252//602 1442//1250
f 504//1251 694//167 792//166
f 504//1251 1385//493 694//167
f 692//1252 625//1196 1473//1253
f 692//1252 665//1237 625//1196
f 1462//408 1344//1254 88//407
f 506//218 1102//1255 1086//1203
f 625//1196 62//143 1473//1253
f 1536//1249 79//156 68//209
f 1536//1249 68//209 711//1256
f 1091//1257 64//150 86//1258
f 506//218 1344//1254 1102//1255
f 694//167 702//195 71//165
f 182//162 1002//1193 695//181
f 1344//1254 1462//408 1102//1255
f 696//1259 1294//1260 1400//219
f 1094//637 703//214 72//213
f 697//185 81//173 714//172
f 714//172 625//1196 1098//1238
f 688//1261 1549//1262 1417//1263
f 688//1261 1521//1264 1549//1262
f 688//1261 1417//1263 1231//1265
f 484//985 688//1261 80//145
f 484//985 1442//1250 688//1261
f 700//1266 705//186 74//189
f 75//211 1100//1267 1101//1248
f 75//211 708//157 1100//1267
f 69//179 1107//1268 709//202
f 1096//1244 65//153 715//154
f 1109//1269 87//210 706//158
f 1474//1270 701//1271 1095//1272
f 705//186 700//1266 1097//1245
f 1297//1273 706//158 67//160
f 1105//1246 1091//1257 66//1247
f 1091//1257 712//151 64//150
f 709//202 1107//1268 1462//408
f 87//210 264//639 715//154
f 72//213 1108//554 1094//637
f 1090//1243 918//212 703//214
f 707//1274 995//531 690//464
f 707//1274 1449//529 995//531
f 711//1256 1416//149 693//148
f 504//1251 78//183 686//182
f 504//1251 686//182 1103//1275
f 1400//219 1294//1260 1429//635
f 1400//219 1429//635 691//205
f 714//172 1098//1238 697//185
f 1549//1262 689//1042 1417//1263
f 692//1252 1417//1263 689//1042
f 692//1252 1473//1253 1417//1263
f 701//1271 702//195 1095//1272
f 688//1261 1442//1250 665//1237
f 504//1251 792//166 78//183
f 1549//1262 1521//1264 1106//1276
f 710//1277 84//216 717//215
f 710//1277 696//1259 84//216
f 688//1261 1231//1265 80//145
f 1091//1257 86//1258 66//1247
f 686//182 1086//1203 1103//1275
f 1474//1270 1095//1272 713//1278
f 69//179 695//181 1107//1268
f 485//1279 719//466 988//1207
f 1297//1273 67//160 697//185
f 74//189 1111//1280 700//1266
f 1108//554 72//213 509//197
f 1096//1244 61//175 65//153
f 687//465 690//464 1099//1281
f 1101//1248 66//1247 75//211
f 723//299 720//244 151//1282
f 673//302 1127//298 90//240
f 130//344 1459//1211 1191//345
f 101//292 656//304 737//290
f 1115//1283 94//274 1134//1284
f 112//281 1132//280 750//1285
f 113//282 728//1286 1119//1287
f 186//237 1412//1288 119//243
f 1191//345 673//302 106//242
f 1191//345 1459//1211 673//302
f 721//1013 1481//1012 91//220
f 181//1289 103//247 1124//1290
f 743//232 732//227 134//361
f 729//1053 1141//1052 728//1286
f 729//1053 728//1286 1341//277
f 729//1053 723//299 1112//1054
f 730//1291 488//542 726//989
f 730//1291 1480//221 488//542
f 144//401 1120//441 749//443
f 144//401 1338//533 1120//441
f 1121//1292 1134//1284 99//301
f 732//227 102//226 739//364
f 733//1293 746//265 104//264
f 1126//1294 739//364 1482//263
f 734//259 1117//1229 742//260
f 734//259 748//230 1117//1229
f 96//229 172//1295 748//230
f 1124//1290 103//247 1114//249
f 735//225 747//1296 966//223
f 115//279 109//272 1133//1297
f 115//279 1133//1297 1132//280
f 733//1293 104//264 745//1298
f 740//289 1435//717 93//224
f 1121//1292 99//301 746//265
f 742//260 1136//1299 1126//1294
f 144//401 724//400 1338//533
f 1134//1284 94//274 99//301
f 738//271 113//282 669//1300
f 724//400 1512//534 1338//533
f 113//282 1119//1287 669//1300
f 739//364 102//226 1482//263
f 731//402 749//443 202//532
f 742//260 1117//1229 1136//1299
f 1126//1294 1482//263 742//260
f 745//1298 104//264 92//293
f 726//989 1374//541 1113//1301
f 726//989 1113//1301 498//1014
f 181//1289 1218//285 103//247
f 747//1296 97//234 966//223
f 93//224 1435//717 735//225
f 743//232 720//244 110//246
f 743//232 151//1282 720//244
f 1313//1302 1114//249 752//267
f 747//1296 1130//1210 721//1013
f 747//1296 721//1013 91//220
f 746//265 1139//1303 1121//1292
f 130//344 1480//221 730//1291
f 731//402 725//1192 143//399
f 731//402 1223//1304 725//1192
f 723//299 151//1282 1112//1054
f 1115//1283 109//272 94//274
f 749//443 731//402 144//401
f 968//286 1218//285 1317//1305
f 748//230 172//1295 1117//1229
f 119//243 1412//1288 172//1295
f 130//344 730//1291 1459//1211
f 968//286 1317//1305 753//275
f 731//402 202//532 1223//1304
f 109//272 1115//1283 1133//1297
f 721//1013 1130//1210 1548//1015
f 1274//1306 759//62 757//1307
f 1274//1306 758//1308 759//62
f 19//87 1149//1309 756//1310
f 19//87 756//1310 30//85
f 19//87 758//1308 1149//1309
f 755//1311 34//97 1351//67
f 755//1311 760//1312 25//94
f 755//1311 25//94 34//97
f 760//1312 123//1313 37//95
f 123//1313 754//74 37//95
f 760//1312 755//1311 1352//1314
f 43//108 53//110 1165//1315
f 43//108 1165//1315 764//469
f 761//1316 41//124 1355//1317
f 762//1318 1355//1317 1286//142
f 762//1318 1286//142 1211//140
f 53//110 763//1319 1356//1320
f 1355//1317 41//124 1286//142
f 53//110 1356//1320 1165//1315
f 764//469 1165//1315 765//1321
f 764//469 765//1321 44//111
f 766//1322 762//1318 1211//140
f 766//1322 1347//1323 762//1318
f 1357//1324 766//1322 60//139
f 661//522 1155//1124 184//1325
f 770//1072 1389//1076 1221//1071
f 476//953 654//371 481//1214
f 476//953 464//372 654//371
f 775//945 465//940 462//942
f 777//1154 1160//1240 1455//1155
f 1296//1326 1420//1036 1237//1035
f 1412//1288 512//1327 657//1228
f 781//1328 1363//1329 1523//1330
f 782//1095 1215//1088 1393//1096
f 782//1095 1393//1096 1397//484
f 783//310 1193//309 1407//252
f 265//640 264//639 1109//1269
f 422//916 439//915 1188//499
f 1447//433 784//1331 1561//1332
f 241//575 236//481 1414//396
f 63//147 65//153 922//152
f 645//169 1410//1333 1344//1254
f 645//169 1344//1254 506//218
f 788//1201 1062//1334 1534//1335
f 1563//1336 1021//999 1019//998
f 789//1097 525//1337 880//1338
f 791//817 383//816 1175//827
f 34//97 25//94 544//96
f 524//168 173//170 815//479
f 779//343 428//888 129//341
f 1058//904 432//368 434//1339
f 794//1340 810//685 1476//907
f 794//1340 821//316 810//685
f 198//523 1177//338 1464//1147
f 690//464 995//531 1289//1341
f 795//306 120//305 1076//1039
f 796//474 883//473 888//516
f 797//889 826//870 129//341
f 403//820 1242//818 1526//1342
f 699//192 1097//1245 1093//193
f 826//870 954//910 433//909
f 826//870 797//889 954//910
f 340//749 800//750 1440//784
f 799//1209 1012//814 1011//1343
f 903//538 138//374 634//595
f 136//1344 985//1345 1229//1346
f 136//1344 1220//1347 1216//1348
f 136//1344 1216//1348 985//1345
f 344//747 1466//572 889//571
f 803//1349 684//387 648//357
f 803//1349 1488//1350 1465//1199
f 492//1351 439//915 984//911
f 489//1061 182//162 718//164
f 489//1061 1002//1193 182//162
f 377//819 392//845 1056//332
f 807//545 954//910 797//889
f 808//1352 498//1014 1113//1301
f 1428//1186 1292//1353 516//1354
f 111//245 651//262 771//1001
f 1202//768 1578//1045 639//793
f 811//155 927//1355 920//1356
f 502//1019 158//861 1337//1020
f 502//1019 1563//1336 158//861
f 565//1086 563//1090 137//1087
f 73//200 1052//986 80//145
f 518//1357 1558//1011 1072//1010
f 814//1358 1146//1123 535//391
f 814//1358 535//391 991//329
f 1001//1359 1383//320 1236//512
f 1001//1359 1444//887 1383//320
f 1001//1359 1566//1360 1444//887
f 815//479 792//166 524//168
f 816//208 87//210 715//154
f 1163//1179 1072//1010 1257//1361
f 1163//1179 1257//1361 1170//1362
f 585//384 1378//1363 787//1116
f 585//384 780//1364 1378//1363
f 585//384 576//468 780//1364
f 1398//1365 1243//421 911//1366
f 118//294 92//293 1403//296
f 258//659 1492//1367 842//994
f 490//783 896//990 1217//582
f 821//316 190//511 948//515
f 821//316 948//515 810//685
f 194//517 938//1368 927//1355
f 194//517 927//1355 1189//1369
f 822//253 153//258 1582//426
f 823//971 1247//967 1509//1370
f 806//1004 1385//493 1103//1275
f 824//1371 1575//800 1534//1335
f 243//586 331//397 235//480
f 1556//1372 1497//1373 415//497
f 1556//1372 415//497 423//891
f 1006//312 952//315 1476//907
f 293//1033 1448//668 295//667
f 1485//1374 847//649 1495//1375
f 1486//1376 268//506 838//1377
f 204//355 1266//1378 840//620
f 648//357 1415//626 646//1379
f 832//652 837//660 838//1377
f 832//652 838//1377 1259//1380
f 268//506 1486//1376 1495//1375
f 259//616 277//632 1493//1381
f 259//616 1493//1381 1491//647
f 835//622 1522//634 262//633
f 1366//1382 263//644 510//1383
f 836//641 265//640 841//1384
f 1495//1375 847//649 268//506
f 828//636 844//638 1487//1046
f 204//355 648//357 1422//389
f 277//632 846//1385 1493//1381
f 646//1379 256//618 840//620
f 839//1386 252//602 1192//981
f 187//505 838//1377 268//506
f 187//505 829//1387 838//1377
f 840//620 199//540 204//355
f 835//622 251//621 828//636
f 840//620 1488//1350 646//1379
f 1484//651 845//1216 274//646
f 843//657 270//656 641//614
f 510//1383 839//1386 1192//981
f 510//1383 1192//981 1366//1382
f 255//611 1301//607 1457//792
f 830//610 1064//1388 829//1387
f 846//1385 277//632 843//657
f 830//610 832//652 1064//1388
f 838//1377 829//1387 1259//1380
f 829//1387 187//505 830//610
f 1490//1389 261//604 836//641
f 252//602 1264//605 1192//981
f 646//1379 1415//626 256//618
f 258//659 833//642 1492//1367
f 267//648 838//1377 837//660
f 1522//634 1061//654 1429//635
f 261//604 1490//1389 1264//605
f 1457//792 1301//607 253//606
f 848//1047 773//1049 854//414
f 848//1047 854//414 1387//416
f 1076//1039 853//1041 795//306
f 546//415 854//414 850//485
f 1390//1070 1450//487 848//1047
f 1390//1070 848//1047 1387//416
f 556//1077 1078//1078 855//1218
f 556//1077 855//1218 851//1220
f 773//1049 851//1220 678//1221
f 853//1041 856//1390 795//306
f 1076//1039 120//305 1581//1073
f 1076//1039 1581//1073 1386//1074
f 854//414 1005//486 850//485
f 849//307 1389//1076 140//308
f 849//307 1221//1071 1389//1076
f 773//1049 678//1221 854//414
f 855//1218 1078//1078 852//1048
f 1390//1070 850//485 1450//487
f 849//307 795//306 856//1390
f 849//307 856//1390 1221//1071
f 1497//1373 867//350 877//723
f 857//724 1498//1391 863//1392
f 312//693 1339//728 329//694
f 312//693 326//695 1238//917
f 863//1392 868//739 330//730
f 857//724 867//350 1498//1391
f 327//718 1270//744 872//1393
f 327//718 872//1393 1507//1394
f 318//707 1365//1395 196//714
f 859//1396 818//691 200//526
f 1369//1397 1316//740 813//1398
f 1369//1397 328//1399 1316//740
f 155//713 865//743 320//742
f 155//713 1505//712 1562//1400
f 818//691 1499//1401 1504//437
f 863//1392 330//730 1423//1402
f 863//1392 1423//1402 1186//1403
f 139//1404 1358//721 315//701
f 875//1405 174//1406 663//1407
f 315//701 676//709 139//1404
f 869//1408 185//711 860//692
f 869//1408 316//741 185//711
f 330//730 861//697 1423//1402
f 868//739 863//1392 1501//1409
f 877//723 868//739 1501//1409
f 325//351 863//1392 1186//1403
f 325//351 1186//1403 858//738
f 316//741 869//1408 1375//436
f 316//741 1375//436 671//435
f 865//743 155//713 1562//1400
f 327//718 1507//1394 864//716
f 1225//1410 676//709 146//708
f 1225//1410 146//708 875//1405
f 328//1399 1369//1397 870//732
f 873//725 1502//1411 214//726
f 322//696 858//738 861//697
f 671//435 859//1396 200//526
f 876//719 873//725 324//722
f 818//691 1504//437 860//692
f 818//691 859//1396 1499//1401
f 863//1392 1498//1391 1501//1409
f 318//707 871//706 1365//1395
f 874//735 195//1412 866//733
f 174//1406 214//726 663//1407
f 1238//917 326//695 314//698
f 525//1337 1394//1084 887//1413
f 881//1414 1066//1225 880//1338
f 881//1414 562//1092 884//1007
f 176//482 1397//484 1393//1096
f 1396//1099 884//1007 562//1092
f 1396//1099 879//1005 884//1007
f 569//1100 881//1414 886//1008
f 1079//1029 883//473 882//475
f 1079//1029 1391//1089 883//473
f 880//1338 1066//1225 885//1222
f 880//1338 885//1222 789//1097
f 525//1337 887//1413 881//1414
f 883//473 1215//1088 888//516
f 882//475 176//482 1393//1096
f 882//475 1393//1096 1395//1030
f 567//1083 887//1413 1394//1084
f 176//482 882//475 796//474
f 883//473 1391//1089 1215//1088
f 892//767 349//585 239//39
f 897//762 1418//379 1559//378
f 892//767 490//783 354//559
f 371//438 1472//576 899//1230
f 1466//572 639//793 679//804
f 341//478 360//477 1467//601
f 891//781 364//771 240//578
f 891//781 240//578 681//598
f 348//376 890//776 1470//596
f 370//798 680//588 369//796
f 356//1415 368//1416 1471//580
f 183//758 901//592 367//759
f 351//779 891//781 1084//597
f 351//779 1084//597 622//1188
f 514//471 359//791 336//748
f 899//1230 1472//576 1217//582
f 344//747 639//793 1466//572
f 343//764 334//746 1425//440
f 343//764 1425//440 1373//765
f 902//795 365//777 989//593
f 364//771 905//770 240//578
f 334//746 889//571 1425//440
f 341//478 1467//601 503//599
f 368//1416 369//796 680//588
f 368//1416 680//588 1471//580
f 351//779 907//579 339//790
f 351//779 622//1188 907//579
f 348//376 1470//596 634//595
f 362//763 347//574 898//573
f 365//777 341//478 681//598
f 899//1230 1217//582 896//990
f 358//754 895//753 901//592
f 355//773 361//600 532//568
f 365//777 681//598 989//593
f 896//990 1368//774 899//1230
f 903//538 244//33 904//539
f 908//178 1240//808 937//518
f 908//178 378//809 1240//808
f 909//144 936//146 397//811
f 910//1417 655//174 81//173
f 912//201 400//829 914//828
f 912//201 915//456 400//829
f 913//198 393//1418 916//199
f 916//199 393//1418 384//1419
f 916//199 384//1419 931//204
f 84//216 381//821 918//212
f 655//174 397//811 936//146
f 919//1420 86//1258 930//1421
f 920//1356 68//209 79//156
f 493//1422 1524//856 921//203
f 398//504 72//213 918//212
f 398//504 918//212 396//838
f 1244//377 72//213 398//504
f 911//1366 917//1423 65//153
f 402//835 928//850 1399//194
f 924//1424 1402//161 401//858
f 926//1425 929//1426 1401//188
f 401//858 1402//161 935//163
f 401//858 935//163 1529//1427
f 915//456 909//144 1010//1428
f 920//1356 938//1368 68//209
f 928//850 935//163 1399//194
f 938//1368 82//159 68//209
f 923//519 82//159 938//1368
f 932//180 1241//863 1527//836
f 493//1422 924//1424 1528//860
f 921//203 709//202 493//1422
f 925//1429 933//1430 1526//1342
f 913//198 1244//377 393//1418
f 493//1422 1528//860 1524//856
f 927//1355 811//155 75//211
f 927//1355 75//211 919//1420
f 937//518 1398//1365 908//178
f 935//163 928//850 1529//1427
f 939//1431 496//1432 925//1429
f 1401//188 496//1432 940//1433
f 1401//188 940//1433 926//1425
f 664//447 1400//219 790//490
f 921//203 1241//863 932//180
f 84//216 696//1259 664//447
f 910//1417 923//519 1382//843
f 929//1426 192//190 1401//188
f 452//514 190//511 188//508
f 448//553 1560//669 445//903
f 448//553 417//342 942//674
f 445//903 1560//669 427//901
f 442//880 298//536 205//881
f 422//916 443//682 291//686
f 426//884 955//886 1178//314
f 426//884 1477//670 945//321
f 1476//907 952//315 446//898
f 945//321 1477//670 1361//1434
f 946//872 451//1435 1479//683
f 435//894 794//1340 1476//907
f 947//423 309//425 944//878
f 944//878 298//536 442//880
f 944//878 309//425 298//536
f 946//872 438//871 451//1435
f 414//892 425//450 992//462
f 633//890 414//892 1445//461
f 414//892 992//462 1445//461
f 444//318 945//321 1361//1434
f 426//884 1178//314 1477//670
f 435//894 943//893 794//1340
f 429//896 952//315 956//317
f 128//500 1479//683 1271//677
f 441//498 1271//677 443//682
f 955//886 1006//312 1178//314
f 432//368 296//369 434//1339
f 954//910 297//679 424//905
f 957//1436 1406//241 1519//1437
f 957//1436 973//269 1406//241
f 1249//957 103//247 1248//303
f 962//1438 1004//231 748//230
f 1514//1439 1405//236 1254//976
f 1514//1439 966//223 1405//236
f 963//268 783//310 1408//300
f 963//268 459//933 783//310
f 963//268 975//248 459//933
f 1530//354 99//301 974//273
f 965//238 480//968 672//1440
f 1407//252 1193//309 977//1441
f 103//247 1249//957 975//248
f 969//297 961//1442 667//1443
f 798//403 479//978 119//243
f 1032//962 962//1438 1255//261
f 961//1442 969//297 1403//296
f 964//1444 1376//1445 970//353
f 969//297 667//1443 1406//241
f 972//291 982//1227 1532//1446
f 964//1444 116//287 979//1447
f 964//1444 979//1447 1376//1445
f 1254//976 1405//236 1251//951
f 1406//241 667//1443 1519//1437
f 966//223 979//1447 116//287
f 966//223 1377//413 979//1447
f 972//291 1532//1446 1582//426
f 978//404 798//403 105//1448
f 1582//426 117//254 822//253
f 1530//354 976//1449 967//266
f 1530//354 967//266 99//301
f 672//1440 107//239 965//238
f 965//238 479//978 1533//1450
f 672//1440 1255//261 100//284
f 966//223 1514//1439 1377//413
f 967//266 976//1449 961//1442
f 672//1440 480//968 1255//261
f 980//235 958//222 1251//951
f 981//1226 656//304 971//1451
f 971//1451 1582//426 1239//932
f 971//1451 1239//932 981//1226
f 967//266 961//1442 1403//296
f 1248//303 968//286 1039//947
f 771//1001 651//262 494//228
f 534//1452 1407//252 977//1441
f 534//1452 968//286 1407//252
f 783//310 1407//252 1408//300
f 479//978 965//238 119//243
f 965//238 1533//1450 480//968
f 1582//426 971//1451 117//254
f 283//32 8//26 406//678
f 934//446 790//490 1400//219
f 983//1453 711//1256 693//148
f 1404//276 958//222 1480//221
f 984//911 1058//904 492//1351
f 45//115 51//105 1074//107
f 986//1454 1170//1362 761//1316
f 1141//1052 1319//1032 1312//1242
f 614//1168 1537//1241 611//1167
f 1300//1455 1292//1353 1428//1186
f 987//1140 1145//1456 999//467
f 1159//429 1464//1147 1177//338
f 125//1457 122//873 212//1190
f 990//1023 348//376 1173//375
f 865//743 872//1393 1270//744
f 28//82 1206//84 191//71
f 915//456 80//145 909//144
f 994//412 1376//1445 979//1447
f 994//412 1203//1458 1376//1445
f 736//1459 114//288 132//295
f 995//531 988//1207 719//466
f 1353//992 518//1357 1172//993
f 583//1460 653//1131 593//1130
f 406//678 1564//455 283//32
f 411//38 407//37 1448//668
f 939//1431 925//1429 1242//818
f 1165//1315 1168//1159 765//1321
f 998//1461 1151//1462 755//1311
f 635//1202 1515//1463 1160//1240
f 255//611 1457//792 366//788
f 535//391 1146//1123 1153//1464
f 535//391 1153//1464 1156//1127
f 535//391 1156//1127 141//390
f 122//873 946//872 212//1190
f 1087//1043 689//1042 1549//1262
f 869//1408 860//692 1375//436
f 350//756 341//478 365//777
f 1003//451 1350//1465 876//719
f 1003//451 876//719 1358//721
f 490//783 1468//590 352//782
f 140//308 541//1067 545//1068
f 140//308 545//1068 120//305
f 1516//1466 126//322 162//324
f 688//1261 665//1237 1521//1264
f 338//789 361//600 355//773
f 1021//999 502//1019 1008//1022
f 1022//1467 825//1468 1332//1133
f 158//861 1541//844 390//807
f 1513//1469 404//857 1018//859
f 1009//1470 594//1122 588//1121
f 384//1419 499//1471 575//1108
f 384//1419 575//1108 1020//854
f 1378//1363 780//1364 499//1471
f 391//1472 1010//1428 596//1105
f 1011//1343 640//1473 386//839
f 1011//1343 386//839 1437//831
f 1015//1000 1539//1474 1019//998
f 1014//841 590//1142 379//822
f 1014//841 650//1125 590//1142
f 1016//812 389//840 1331//1141
f 628//823 379//822 580//1137
f 1329//1117 396//838 628//823
f 1329//1117 398//504 396//838
f 1017//834 1436//837 583//1460
f 1022//1467 1540//1475 1015//1000
f 640//1473 1012//814 387//852
f 1015//1000 1540//1475 1539//1474
f 1024//1476 1337//1020 158//861
f 1024//1476 1333//1111 1337//1020
f 1026//848 593//1130 1009//1470
f 1023//1477 404//857 1513//1469
f 1331//1141 389//840 1541//844
f 1014//841 1020//854 650//1125
f 825//1468 1008//1022 1332//1133
f 1018//859 592//1139 1513//1469
f 1011//1343 1437//831 799//1209
f 1021//999 1563//1336 502//1019
f 1020//854 575//1108 650//1125
f 1018//859 1009//1470 588//1121
f 1018//859 588//1121 592//1139
f 799//1209 405//833 649//824
f 1009//1470 593//1130 594//1122
f 1025//830 577//1104 597//1136
f 640//1473 387//852 386//839
f 1329//1117 1013//503 398//504
f 379//822 590//1142 580//1137
f 799//1209 1437//831 405//833
f 1022//1467 1520//1119 1540//1475
f 1026//848 1017//834 583//1460
f 1026//848 583//1460 593//1130
f 1049//963 612//1169 1036//1478
f 1028//1479 1027//1056 133//358
f 1030//948 1039//947 1544//1150
f 471//406 1047//405 608//1165
f 1032//962 1543//1480 1038//1481
f 1034//1482 1438//954 1044//956
f 1043//1483 466//550 208//547
f 1051//360 677//359 1542//1484
f 469//1485 461//935 1068//934
f 1036//1478 612//1169 617//1171
f 997//960 632//1486 477//961
f 997//960 621//1173 632//1486
f 1037//979 471//406 608//1165
f 615//1160 1039//947 468//1487
f 1040//373 1027//1056 668//1058
f 1042//980 1543//1480 1253//970
f 1043//1483 208//547 1044//956
f 457//1488 1031//365 1029//367
f 1045//1489 175//929 1261//1057
f 1045//1489 1261//1057 603//1151
f 1034//1482 1439//939 1438//954
f 1253//970 1543//1480 1032//962
f 1047//405 1036//1478 617//1171
f 1047//405 617//1171 618//1178
f 1048//950 611//1167 1033//928
f 1034//1482 537//549 1439//939
f 1048//950 1035//1490 611//1167
f 537//549 1034//1482 208//547
f 1033//928 472//972 1048//950
f 1047//405 618//1178 608//1165
f 1055//1491 1219//853 376//813
f 1175//827 1245//489 1195//488
f 1216//1348 1311//1492 1121//1292
f 1053//851 791//817 1063//846
f 1053//851 1242//818 791//817
f 1054//1493 473//944 775//945
f 1054//1493 1250//931 473//944
f 707//1274 690//464 166//463
f 707//1274 166//463 716//1206
f 362//763 631//1215 347//574
f 1055//1491 385//815 179//825
f 1057//509 188//508 300//666
f 372//799 357//797 350//756
f 1024//1476 1025//830 1333//1111
f 683//427 1159//429 1177//338
f 169//1134 987//1140 1224//1055
f 1210//125 41//124 761//1316
f 1210//125 761//1316 1357//1324
f 1059//900 1369//1397 813//1398
f 1059//900 148//899 1369//1397
f 1025//830 597//1136 1333//1111
f 713//1278 924//1424 70//1233
f 146//708 174//1406 875//1405
f 878//687 643//1213 1179//688
f 1061//654 1522//634 786//766
f 1185//1494 1172//993 802//1495
f 1504//437 1499//1401 1082//1496
f 1504//437 1082//1496 1372//1497
f 1062//1334 1576//757 1371//1498
f 1203//1458 994//412 149//411
f 165//535 293//1033 418//924
f 840//620 1266//1378 1488//1350
f 1525//422 194//517 1189//1369
f 1067//587 1466//572 679//804
f 1214//270 1480//221 1191//345
f 999//467 1145//1456 595//1143
f 1480//221 1481//1012 488//542
f 1480//221 91//220 1481//1012
f 753//275 1407//252 968//286
f 924//1424 698//207 1402//161
f 924//1424 713//1278 698//207
f 133//358 1041//1499 1028//1479
f 515//1500 126//322 1516//1466
f 1072//1010 1163//1179 530//1170
f 1072//1010 530//1170 518//1357
f 949//495 950//876 1201//496
f 443//682 1188//499 441//498
f 1564//455 406//678 1496//544
f 813//1398 1316//740 864//716
f 1055//1491 376//813 385//815
f 1240//808 1382//843 937//518
f 682//946 805//965 1568//941
f 1078//1078 551//73 852//1048
f 1022//1467 505//1120 1520//1119
f 596//1105 579//1501 1579//1106
f 1052//986 73//200 77//177
f 71//165 173//170 524//168
f 726//989 1548//1015 730//1291
f 1080//977 465//940 775//945
f 1080//977 775//945 460//936
f 820//1502 947//423 1342//1189
f 722//1503 118//294 1127//298
f 1082//1496 627//434 1184//1504
f 1535//1505 827//1118 582//1132
f 1568//941 1567//943 1565//937
f 1475//171 1410//1333 645//169
f 1475//171 701//1271 1410//1333
f 1545//1506 993//328 486//987
f 1515//1463 1161//1172 1454//982
f 926//1425 933//1430 929//1426
f 1086//1203 1102//1255 1299//1003
f 1087//1043 1549//1262 1303//1507
f 769//1508 708//157 1536//1249
f 201//528 1307//530 1572//1509
f 1307//530 707//1274 491//1051
f 1086//1203 495//1002 1103//1275
f 695//181 1002//1193 1104//1194
f 695//181 1104//1194 1107//1268
f 694//167 1302//492 702//195
f 1092//1510 711//1256 983//1453
f 1075//615 704//196 1110//631
f 1075//615 1111//1280 704//196
f 1093//193 1110//631 704//196
f 264//639 87//210 1109//1269
f 1095//1272 489//1061 713//1278
f 1095//1272 812//1059 489//1061
f 252//602 206//176 1298//603
f 1289//1341 1088//1511 1290//1037
f 1289//1341 719//466 1088//1511
f 1289//1341 995//531 719//466
f 1096//1244 261//604 206//176
f 1302//492 812//1059 1095//1272
f 1302//492 1095//1272 702//195
f 689//1042 1301//607 1308//613
f 983//1453 693//148 1288//1512
f 1107//1268 1102//1255 1462//408
f 1099//1281 1237//1035 1088//1511
f 1099//1281 1088//1511 687//465
f 1099//1281 1296//1326 1237//1035
f 1102//1255 1196//1513 1299//1003
f 1307//530 1449//529 707//1274
f 769//1508 1536//1249 1092//1510
f 491//1051 716//1206 1309//625
f 491//1051 707//1274 716//1206
f 201//528 1572//1509 988//1207
f 712//151 1091//1257 1304//1514
f 1303//1507 1549//1262 1106//1276
f 1297//1273 1109//1269 706//158
f 489//1061 698//207 713//1278
f 489//1061 718//164 698//207
f 264//639 1096//1244 715//154
f 1089//206 691//205 1293//653
f 206//176 261//604 1298//603
f 693//148 712//151 1304//1514
f 693//148 1304//1514 1288//1512
f 690//464 1296//1326 1099//1281
f 690//464 1289//1341 1420//1036
f 690//464 1420//1036 1296//1326
f 1088//1511 1237//1035 1290//1037
f 689//1042 1308//613 767//1515
f 767//1515 1308//613 1106//1276
f 1294//1260 696//1259 710//1277
f 1102//1255 1107//1268 1196//1513
f 1385//493 504//1251 1103//1275
f 1113//1301 1374//541 329//694
f 1118//1516 753//275 1317//1305
f 1512//534 1310//1517 1223//1304
f 1116//1518 750//1285 1132//280
f 134//361 151//1282 743//232
f 202//532 164//1519 1338//533
f 202//532 1322//1520 164//1519
f 1122//1521 1128//1522 750//1285
f 1112//1054 151//1282 513//1031
f 1412//1288 186//237 669//1300
f 744//283 751//256 1314//704
f 744//283 1314//704 1323//715
f 500//250 1118//1516 1315//720
f 500//250 1315//720 108//251
f 735//225 1320//1523 747//1296
f 735//225 1316//740 1320//1523
f 1125//1524 740//289 736//1459
f 1126//1294 1136//1299 675//362
f 1127//298 673//302 1318//689
f 1223//1304 1310//1517 725//1192
f 1433//736 737//290 1123//257
f 1129//734 741//255 1433//736
f 1433//736 101//292 737//290
f 1433//736 741//255 101//292
f 326//695 727//543 1327//1525
f 1130//1210 1138//731 1459//1211
f 1130//1210 747//1296 1320//1523
f 1125//1524 1137//1526 740//289
f 733//1293 819//1527 1139//1303
f 733//1293 1128//1522 819//1527
f 1338//533 164//1519 1120//441
f 1134//1284 1311//1492 1115//1283
f 1116//1518 1122//1521 750//1285
f 1135//1528 808//1352 1113//1301
f 1120//441 164//1519 310//690
f 202//532 1324//1529 1322//1520
f 1113//1301 1321//729 1135//1528
f 1128//1522 733//1293 745//1298
f 744//283 1323//715 1123//257
f 1136//1299 1117//1229 675//362
f 1435//717 740//289 1137//1526
f 1118//1516 500//250 753//275
f 1125//1524 736//1459 722//1503
f 1138//731 673//302 1459//1211
f 1139//1303 746//265 733//1293
f 724//400 1381//1530 1512//534
f 1140//1531 1131//1191 725//1192
f 1327//1525 727//543 1326//699
f 727//543 808//1352 1326//699
f 1119//1287 1141//1052 512//1327
f 108//251 1315//720 752//267
f 751//256 741//255 1129//734
f 1131//1191 1381//1530 724//400
f 673//302 1138//731 1318//689
f 1125//1524 722//1503 1127//298
f 1134//1284 1121//1292 1311//1492
f 669//1300 1119//1287 512//1327
f 1070//1234 1453//1532 1150//1533
f 1070//1234 589//1128 1453//1532
f 1142//1534 501//1016 1143//1535
f 1148//1536 527//1115 1147//521
f 162//324 638//1103 827//1118
f 1148//1536 1147//521 1348//1018
f 1154//1537 595//1143 1145//1456
f 814//1358 987//1140 592//1139
f 1145//1456 814//1358 1154//1537
f 1152//1538 1155//1124 1553//1235
f 1151//1462 1156//1127 1555//1539
f 1150//1533 1453//1532 1149//1309
f 1142//1534 124//385 1348//1018
f 1142//1534 1348//1018 501//1016
f 1535//1505 582//1132 1144//1540
f 1147//521 527//1115 589//1128
f 1153//1464 653//1131 1554//1541
f 1153//1464 1146//1123 653//1131
f 1554//1541 653//1131 998//1461
f 1143//1535 1156//1127 1452//1113
f 1070//1234 661//522 589//1128
f 1155//1124 661//522 1553//1235
f 1145//1456 987//1140 814//1358
f 1154//1537 184//1325 1451//1109
f 1154//1537 1451//1109 595//1143
f 124//385 1148//1536 1348//1018
f 1143//1535 659//1135 1142//1534
f 1156//1127 1153//1464 1555//1539
f 1152//1538 1149//1309 1155//1124
f 1142//1534 659//1135 124//385
f 515//1500 1144//1540 1579//1106
f 629//1144 666//346 1443//348
f 1515//1463 1454//982 996//1184
f 1158//1176 1441//1542 1164//1183
f 1159//429 1185//1494 802//1495
f 1157//1543 507//1181 1164//1183
f 1157//1543 1164//1183 1441//1542
f 1160//1240 996//1184 1455//1155
f 1171//428 1185//1494 1159//429
f 1162//1544 1159//429 802//1495
f 1158//1176 497//1009 1558//1011
f 1165//1315 1356//1320 1167//1174
f 1166//1545 1557//1546 197//1547
f 613//419 1269//1548 1168//1159
f 1167//1174 1356//1320 131//1236
f 1157//1543 168//339 507//1181
f 1426//417 606//1162 1166//1545
f 1170//1362 644//1166 1163//1179
f 1161//1172 635//1202 1580//1153
f 1162//1544 802//1495 530//1170
f 1160//1240 777//1154 1456//347
f 1166//1545 197//1547 1426//417
f 1167//1174 131//1236 662//418
f 1157//1543 1166//1545 605//1161
f 1157//1543 1557//1546 1166//1545
f 1157//1543 605//1161 168//339
f 1171//428 1169//557 1185//1494
f 1158//1176 1558//1011 1441//1542
f 497//1009 609//1164 644//1166
f 497//1009 1158//1176 609//1164
f 284//17 280//22 410//661
f 448//553 942//674 1560//669
f 1373//765 1425//440 1458//380
f 77//177 206//176 1052//986
f 1173//375 138//374 213//558
f 1175//827 395//842 791//817
f 900//472 142//392 167//394
f 294//561 427//901 1560//669
f 1111//1280 74//189 704//196
f 716//1206 485//1279 988//1207
f 353//775 658//1024 1227//995
f 353//775 1227//995 1362//1212
f 260//617 641//614 270//656
f 881//1414 884//1007 1066//1225
f 1149//1309 1152//1538 756//1310
f 701//1271 1475//171 702//195
f 1500//879 125//1457 212//1190
f 728//1286 1141//1052 1119//1287
f 1182//1219 1450//487 1005//486
f 1182//1219 1005//486 1569//1217
f 1183//1549 1064//1388 832//652
f 1183//1549 832//652 1259//1380
f 1073//69 20//68 27//79
f 845//1216 1578//1045 1268//1044
f 669//1300 512//1327 1412//1288
f 1190//918 536//919 306//672
f 820//1502 1174//1550 434//1339
f 1117//1229 172//1295 1412//1288
f 284//17 10//16 289//501
f 58//134 1074//107 40//101
f 118//294 722//1503 736//1459
f 806//1004 1196//1513 528//1208
f 658//1024 353//775 348//376
f 1197//1551 1460//1552 1510//1553
f 1197//1551 1510//1553 1180//1554
f 1374//541 727//543 326//695
f 1377//413 1514//1439 149//411
f 1411//1555 1482//263 1341//277
f 1201//496 941//867 415//497
f 533//1062 1584//1556 1207//78
f 770//1072 1221//1071 1386//1074
f 770//1072 1386//1074 1581//1073
f 1534//1335 1062//1334 1371//1498
f 1243//421 1398//1365 937//518
f 1514//1439 1519//1437 149//411
f 1428//1186 1233//1557 1291//1187
f 121//325 660//327 1564//455
f 16//52 624//1063 1207//78
f 17//72 23//1558 624//1063
f 1206//84 626//83 36//1197
f 32//88 1204//76 1205//91
f 17//72 624//1063 16//52
f 1276//1559 35//63 758//1308
f 24//70 1205//91 626//83
f 1213//128 1508//1232 38//98
f 57//114 1282//470 764//469
f 57//114 764//469 44//111
f 39//119 1508//1232 47//120
f 44//111 763//1319 53//110
f 1209//130 523//132 526//131
f 49//138 1211//140 1286//142
f 55//99 50//129 526//131
f 55//99 526//131 1212//136
f 39//119 38//98 1508//1232
f 47//120 1508//1232 523//132
f 207//560 354//559 352//782
f 109//272 115//279 974//273
f 970//353 95//278 964//1444
f 1214//270 1191//345 106//242
f 518//1357 530//1170 802//1495
f 258//659 842//994 265//640
f 1184//1504 1372//1497 1082//1496
f 1394//1084 789//1097 568//123
f 531//333 382//826 127//331
f 1343//1198 1552//1560 843//657
f 834//996 841//1384 265//640
f 834//996 265//640 842//994
f 168//339 1177//338 507//1181
f 138//374 903//538 213//558
f 1212//136 1547//1050 1583//1231
f 1212//136 1583//1231 1208//127
f 1223//1304 202//532 1512//534
f 646//1379 1488//1350 803//1349
f 747//1296 91//220 97//234
f 70//1233 88//407 1410//1333
f 1022//1467 1015//1000 825//1468
f 1247//967 160//938 1567//943
f 749//443 817//442 1324//1529
f 1304//1514 1233//1557 516//1354
f 355//773 207//560 338//789
f 285//41 410//661 280//22
f 1228//832 1055//1491 179//825
f 467//955 476//953 481//1214
f 982//1227 1054//1493 1246//966
f 1027//1056 1040//373 133//358
f 676//709 772//703 1218//285
f 1230//925 643//1213 148//899
f 100//284 1411//1555 113//282
f 1000//330 486//987 993//328
f 1000//330 1226//988 486//987
f 667//1443 149//411 1519//1437
f 919//1420 930//1421 1189//1369
f 194//517 1525//422 1243//421
f 1349//1561 149//411 667//1443
f 356//1415 369//796 368//1416
f 356//1415 906//801 1575//800
f 1234//1562 1431//1563 1381//1530
f 1234//1562 1432//1564 1431//1563
f 1235//1565 1422//389 1379//388
f 1235//1565 623//1566 1422//389
f 1353//992 538//991 1354//1567
f 1235//1565 1379//388 1493//1381
f 1184//1504 195//1412 1365//1395
f 1184//1504 1365//1395 1372//1497
f 1487//1046 844//638 1268//1044
f 1428//1186 516//1354 1233//1557
f 613//419 131//1236 1269//1548
f 978//404 105//1448 96//229
f 1239//932 1532//1446 482//949
f 436//865 427//901 294//561
f 38//98 39//119 55//99
f 377//819 403//820 926//1425
f 377//819 940//1433 1053//851
f 388//444 379//822 664//447
f 388//444 189//448 380//445
f 159//849 1529//1427 928//850
f 403//820 1526//1342 926//1425
f 380//445 1060//491 934//446
f 1242//818 925//1429 1526//1342
f 404//857 1524//856 1528//860
f 388//444 931//204 1020//854
f 189//448 664//447 1245//489
f 159//849 401//858 1529//1427
f 1020//854 931//204 384//1419
f 457//1488 1404//276 1050//1568
f 460//936 823//971 1193//309
f 1247//967 1252//311 1509//1370
f 459//933 975//248 477//961
f 480//968 1533//1450 475//969
f 469//1485 1509//1370 461//935
f 472//972 455//927 1519//1437
f 1246//966 1054//1493 775//945
f 458//973 957//1436 455//927
f 1036//1478 1047//405 978//404
f 482//949 1532//1446 1246//966
f 463//958 1249//957 1248//303
f 1036//1478 978//404 470//964
f 1253//970 1255//261 480//968
f 475//969 1533//1450 479//978
f 1103//1275 495//1002 806//1004
f 522//439 639//793 521//430
f 835//622 1260//1569 786//766
f 194//517 923//519 938//1368
f 1257//1361 1072//1010 497//1009
f 995//531 201//528 988//1207
f 68//209 816//208 1416//149
f 927//1355 919//1420 1189//1369
f 1085//1570 623//1566 1552//1560
f 601//340 768//1204 652//1180
f 1001//1359 1236//512 1511//914
f 1264//605 163//803 1200//760
f 1177//338 198//523 507//1181
f 1021//999 1008//1022 511//997
f 1193//309 1252//311 1080//977
f 142//392 1489//1571 1485//1374
f 142//392 1485//1374 1573//393
f 516//1354 1288//1512 1304//1514
f 1267//1017 1000//330 141//390
f 70//1233 1474//1270 713//1278
f 341//478 503//599 681//598
f 788//1201 1187//778 374//794
f 808//1352 727//543 721//1013
f 1051//360 1041//1499 133//358
f 512//1327 1312//1242 657//1228
f 169//1134 1330//1138 987//1140
f 453//921 1506//1572 1350//1465
f 1269//1548 763//1319 44//111
f 1269//1548 44//111 765//1321
f 1162//1544 616//1177 1464//1147
f 1162//1544 1464//1147 1159//429
f 1272//745 902//795 989//593
f 1272//745 989//593 245//567
f 552//80 543//1075 1390//1070
f 1380//1573 875//1405 663//1407
f 1380//1573 1225//1410 875//1405
f 750//1285 132//295 98//1574
f 1220//1347 1311//1492 1216//1348
f 767//1515 692//1252 689//1042
f 242//581 1414//396 224//395
f 658//1024 337//752 1227//995
f 1555//1539 1153//1464 123//1313
f 985//1345 1216//1348 819//1527
f 970//353 1203//1458 1530//354
f 321//702 315//701 1358//721
f 306//672 1361//1434 1477//670
f 306//672 536//919 1361//1434
f 1275//77 32//88 545//1068
f 1276//1559 19//87 520//1038
f 1276//1559 557//1040 35//63
f 1276//1559 520//1038 557//1040
f 27//79 543//1075 552//80
f 19//87 553//86 520//1038
f 23//1558 17//72 191//71
f 23//1558 191//71 36//1197
f 1206//84 36//1197 191//71
f 27//79 1278//93 543//1075
f 29//64 554//61 553//86
f 21//57 547//90 555//382
f 21//57 555//382 170//58
f 32//88 31//54 545//1068
f 1280//53 550//1069 31//54
f 53//110 570//109 1285//112
f 52//116 574//1093 560//117
f 1209//130 193//122 47//120
f 46//118 193//122 39//119
f 46//118 47//120 193//122
f 42//104 574//1093 1384//1091
f 42//104 1287//106 574//1093
f 193//122 1209//130 50//129
f 58//134 54//103 571//1094
f 49//138 1286//142 572//1081
f 568//123 566//1082 41//124
f 59//141 572//1081 1286//142
f 38//98 559//100 1281//126
f 1256//133 564//1098 51//105
f 52//116 58//134 1384//1091
f 41//124 566//1082 59//141
f 51//105 564//1098 1287//106
f 56//135 1446//1085 55//99
f 1289//1341 519//1034 1420//1036
f 1233//1557 1101//1248 1291//1187
f 1233//1557 1105//1246 1101//1248
f 260//617 270//656 1111//1280
f 260//617 1111//1280 1075//615
f 1196//1513 806//1004 1299//1003
f 804//1185 1291//1187 1101//1248
f 710//1277 1090//1243 273//623
f 710//1277 717//215 1090//1243
f 491//1051 1309//625 276//627
f 647//624 1572//1509 1307//530
f 1092//1510 1292//1353 1300//1455
f 1091//1257 1233//1557 1304//1514
f 528//1208 1196//1513 1107//1268
f 703//214 1094//637 251//621
f 1292//1353 1092//1510 983//1453
f 263//644 697//185 510//1383
f 263//644 1297//1273 697//185
f 269//650 1089//206 1293//653
f 269//650 509//197 1089//206
f 272//655 1093//193 1097//1245
f 272//655 1097//1245 700//1266
f 257//643 258//659 1297//1273
f 1098//1238 1442//1250 839//1386
f 1098//1238 839//1386 510//1383
f 1233//1557 1091//1257 1105//1246
f 1087//1043 275//608 1301//607
f 1087//1043 1305//629 275//608
f 258//659 1109//1269 1297//1273
f 1199//555 509//197 269//650
f 1303//1507 1305//629 1087//1043
f 1303//1507 1427//630 1305//629
f 1572//1509 809//1205 988//1207
f 710//1277 262//633 1294//1260
f 1110//631 1093//193 272//655
f 270//656 700//1266 1111//1280
f 510//1383 697//185 1098//1238
f 264//639 836//641 1096//1244
f 1306//1575 708//157 769//1508
f 1442//1250 252//602 839//1386
f 1300//1455 769//1508 1092//1510
f 804//1185 1100//1267 1306//1575
f 1429//635 1293//653 691//205
f 703//214 251//621 273//623
f 1297//1273 263//644 257//643
f 273//623 1090//1243 703//214
f 1306//1575 1100//1267 708//157
f 1289//1341 1290//1037 519//1034
f 1310//1517 1512//534 1381//1530
f 1310//1517 1381//1530 1431//1563
f 1310//1517 1140//1531 725//1192
f 1310//1517 1432//1564 1140//1531
f 1116//1518 136//1344 1122//1521
f 1312//1242 1319//1032 1077//363
f 317//705 1314//704 751//256
f 1081//1576 1133//1297 1115//1283
f 311//527 164//1519 1322//1520
f 1122//1521 1229//1346 1128//1522
f 1122//1521 136//1344 1229//1346
f 1121//1292 1139//1303 1216//1348
f 1314//704 318//707 1323//715
f 1229//1346 819//1527 1128//1522
f 1316//740 328//1399 1320//1523
f 320//742 1270//744 1125//1524
f 1317//1305 772//703 321//702
f 1131//1191 1234//1562 1381//1530
f 1435//717 1316//740 735//225
f 327//718 1435//717 1137//1526
f 1317//1305 321//702 1118//1516
f 1130//1210 870//732 1138//731
f 1130//1210 1320//1523 328//1399
f 1130//1210 328//1399 870//732
f 1114//249 1313//1302 324//722
f 1234//1562 1131//1191 1140//1531
f 513//1031 151//1282 1077//363
f 1310//1517 1431//1563 1432//1564
f 1135//1528 1321//729 1326//699
f 327//718 1137//1526 1270//744
f 1321//729 1113//1301 319//727
f 319//727 1113//1301 329//694
f 317//705 751//256 1129//734
f 1124//1290 1114//249 324//722
f 1315//720 1118//1516 321//702
f 181//1289 1124//1290 174//1406
f 1139//1303 819//1527 1216//1348
f 1115//1283 1311//1492 1081//1576
f 1270//744 1137//1526 1125//1524
f 772//703 1317//1305 1218//285
f 1081//1576 1325//1577 1132//280
f 1127//298 155//713 1125//1524
f 1325//1577 1116//1518 1132//280
f 1123//257 1323//715 1433//736
f 1125//1524 155//713 320//742
f 512//1327 1141//1052 1312//1242
f 147//409 584//1578 1016//812
f 576//468 595//1143 780//1364
f 586//1107 650//1125 575//1108
f 169//1134 1513//1469 1330//1138
f 1328//1101 539//1102 1539//1474
f 1328//1101 1539//1474 1540//1475
f 1330//1138 1513//1469 592//1139
f 575//1108 780//1364 595//1143
f 575//1108 499//1471 780//1364
f 1331//1141 147//409 1016//812
f 578//1110 1332//1133 581//1021
f 1328//1101 1540//1475 1520//1119
f 539//1102 591//1126 1019//998
f 582//1132 505//1120 1332//1133
f 152//1112 599//1114 169//1134
f 1156//1127 583//1460 1436//837
f 600//1149 652//1180 1544//1150
f 610//1156 1542//1484 1336//1157
f 610//1156 1335//984 1051//360
f 610//1156 1051//360 1542//1484
f 606//1162 621//1173 1461//1163
f 1464//1147 616//1177 1038//1481
f 1464//1147 1038//1481 1265//524
f 608//1165 609//1164 1037//979
f 611//1167 1035//1490 1443//348
f 1335//984 619//983 1051//360
f 674//1182 1027//1056 1028//1479
f 1265//524 1543//1480 604//525
f 615//1160 469//1485 487//1158
f 611//1167 1537//1241 1033//928
f 607//1152 1028//1479 619//983
f 607//1152 674//1182 1028//1479
f 603//1151 620//1145 1046//974
f 1443//348 1035//1490 1029//367
f 604//525 1543//1480 1334//1175
f 1045//1489 603//1151 1046//974
f 247//594 989//593 681//598
f 247//594 681//598 240//578
f 449//913 450//920 1511//914
f 793//1579 1085//1570 1343//1198
f 910//1417 81//173 67//160
f 994//412 979//1447 1377//413
f 126//322 515//1500 579//1501
f 878//687 1318//689 1138//731
f 768//1204 1461//1163 636//959
f 887//1413 886//1008 881//1414
f 354//559 213//558 203//537
f 1155//1124 1149//1309 1453//1532
f 530//1170 1163//1179 617//1171
f 1160//1240 1515//1463 996//1184
f 589//1128 580//1137 1453//1532
f 304//424 947//423 820//1502
f 624//1063 23//1558 36//1197
f 418//924 454//923 165//535
f 35//63 557//1040 554//61
f 63//147 816//208 715//154
f 63//147 1416//149 816//208
f 1220//1347 1081//1576 1311//1492
f 118//294 736//1459 132//295
f 1345//1580 1460//1552 1365//1395
f 1219//853 1055//1491 1228//832
f 333//564 219//44 231//47
f 1347//1323 986//1454 762//1318
f 1153//1464 1554//1541 123//1313
f 497//1009 644//1166 986//1454
f 1000//330 1267//1017 1226//988
f 754//74 998//1461 1351//67
f 1274//1306 757//1307 1553//1235
f 754//74 123//1313 998//1461
f 1351//67 998//1461 755//1311
f 757//1307 756//1310 1152//1538
f 757//1307 1152//1538 1553//1235
f 486//987 1421//520 1545//1506
f 760//1312 1352//1314 123//1313
f 123//1313 1554//1541 998//1461
f 763//1319 131//1236 1356//1320
f 763//1319 1269//1548 131//1236
f 538//991 1557//1546 1354//1567
f 538//991 197//1547 1557//1546
f 1172//993 1185//1494 1517//556
f 1172//993 1517//556 538//991
f 1468//590 227//48 361//600
f 939//1431 1242//818 496//1432
f 635//1202 666//346 629//1144
f 1144//1540 1516//1466 1535//1505
f 679//804 892//767 1067//587
f 1545//1506 184//1325 1154//1537
f 1363//1329 781//1328 1523//1330
f 1156//1127 1143//1535 141//390
f 1364//908 416//866 1198//869
f 643//1213 878//687 1369//1397
f 766//1322 1357//1324 1257//1361
f 1205//91 1584//1556 1546//1195
f 804//1185 1101//1248 1100//1267
f 124//385 659//1135 1224//1055
f 1161//1172 1515//1463 635//1202
f 1409//922 492//1351 1174//1550
f 497//1009 1347//1323 1257//1361
f 742//260 1411//1555 100//284
f 1092//1510 1536//1249 711//1256
f 518//1357 802//1495 1172//993
f 974//273 99//301 94//274
f 1426//417 197//1547 538//991
f 294//561 302//453 215//326
f 657//1228 1117//1229 1412//1288
f 881//1414 880//1338 525//1337
f 1126//1294 675//362 739//364
f 523//132 1508//1232 1547//1050
f 123//1313 1352//1314 1555//1539
f 732//227 156//233 494//228
f 1441//1542 1353//992 1354//1567
f 1044//956 208//547 1034//1482
f 982//1227 1250//931 1054//1493
f 982//1227 981//1226 1250//931
f 394//862 1527//836 1241//863
f 1174//1550 820//1502 1342//1189
f 114//288 736//1459 740//289
f 1382//843 923//519 937//518
f 1386//1074 557//1040 1076//1039
f 545//1068 1581//1073 120//305
f 553//86 1221//1071 856//1390
f 553//86 856//1390 853//1041
f 544//96 1078//1078 556//1077
f 1221//1071 554//61 1386//1074
f 546//415 850//485 543//1075
f 1389//1076 541//1067 140//308
f 543//1075 850//485 1390//1070
f 561//137 888//516 782//1095
f 561//137 1263//483 888//516
f 1391//1089 1079//1029 573//1028
f 562//1092 881//1414 569//1100
f 562//1092 564//1098 1396//1099
f 567//1083 572//1081 885//1222
f 558//1079 1397//484 1263//483
f 560//117 569//1100 879//1005
f 560//117 879//1005 1396//1099
f 572//1081 1392//1080 885//1222
f 569//1100 886//1008 879//1005
f 82//159 923//519 67//160
f 920//1356 79//156 811//155
f 86//1258 64//150 930//1421
f 1398//1365 911//1366 61//175
f 815//479 78//183 792//166
f 921//203 932//180 69//179
f 923//519 910//1417 67//160
f 919//1420 75//211 66//1247
f 493//1422 709//202 70//1233
f 402//835 1399//194 932//180
f 933//1430 89//217 929//1426
f 925//1429 89//217 933//1430
f 925//1429 496//1432 89//217
f 908//178 73//200 914//828
f 911//1366 65//153 61//175
f 908//178 1398//1365 61//175
f 917//1423 922//152 65//153
f 493//1422 70//1233 924//1424
f 815//479 85//184 78//183
f 929//1426 83//191 192//190
f 929//1426 89//217 83//191
f 931//204 934//446 1400//219
f 914//828 73//200 912//201
f 919//1420 66//1247 86//1258
f 922//152 930//1421 64//150
f 664//447 696//1259 1400//219
f 1401//188 76//187 496//1432
f 192//190 705//186 1401//188
f 496//1432 76//187 89//217
f 116//287 93//224 966//223
f 960//975 1214//270 973//269
f 116//287 964//1444 114//288
f 1406//241 90//240 969//297
f 771//1001 156//233 110//246
f 672//1440 100//284 113//282
f 672//1440 113//282 107//239
f 798//403 119//243 105//1448
f 1255//261 962//1438 748//230
f 978//404 96//229 1004//231
f 971//1451 656//304 117//254
f 959//1581 1404//276 1214//270
f 95//278 112//281 964//1444
f 1251//951 1405//236 980//235
f 771//1001 110//246 111//245
f 964//1444 112//281 114//288
f 959//1581 1214//270 960//975
f 967//266 92//293 104//264
f 117//254 656//304 101//292
f 1403//296 92//293 967//266
f 579//1501 584//1578 147//409
f 806//1004 1302//492 1385//493
f 1343//1198 1085//1570 1552//1560
f 348//376 634//595 138//374
f 1561//1332 1180//1554 1510//1553
f 631//1215 1173//375 207//560
f 171//513 1222//906 1570//885
f 428//888 779//343 1380//1573
f 993//328 814//1358 991//329
f 1410//1333 701//1271 1474//1270
f 1411//1555 742//260 1482//263
f 986//1454 1347//1323 497//1009
f 294//561 992//462 177//452
f 1413//476 1576//757 788//1201
f 851//1220 773//1049 1388//65
f 851//1220 1388//65 556//1077
f 945//321 1383//320 1444//887
f 1379//388 1550//1582 1493//1381
f 162//324 827//1118 1535//1505
f 162//324 1535//1505 1516//1466
f 885//1222 1392//1080 789//1097
f 1417//1263 1473//1253 1231//1265
f 1041//1499 619//983 1028//1479
f 1544//1150 652//1180 1030//948
f 1077//363 151//1282 134//361
f 199//540 647//624 1430//356
f 990//1023 1173//375 362//763
f 346//336 367//759 145//337
f 511//997 1008//1022 825//1468
f 55//99 39//119 48//121
f 538//991 1517//556 1426//417
f 1548//1015 1459//1211 730//1291
f 670//36 411//38 165//535
f 1424//1066 1531//1065 540//1064
f 1220//1347 136//1344 1325//1577
f 1220//1347 1325//1577 1081//1576
f 1098//1238 665//1237 1442//1250
f 999//467 1224//1055 987//1140
f 1167//1174 1168//1159 1165//1315
f 668//1058 1537//1241 614//1168
f 668//1058 614//1168 1040//373
f 1301//607 255//611 1308//613
f 258//659 265//640 1109//1269
f 272//655 700//1266 270//656
f 259//616 1075//615 1110//631
f 262//633 1429//635 1294//1260
f 1199//555 844//638 1108//554
f 647//624 1307//530 1430//356
f 262//633 710//1277 273//623
f 1428//1186 1306//1575 1300//1455
f 1427//630 1308//613 831//612
f 271//619 1572//1509 647//624
f 271//619 809//1205 1572//1509
f 271//619 1309//625 809//1205
f 276//627 1430//356 1307//530
f 844//638 1094//637 1108//554
f 261//604 1096//1244 836//641
f 324//722 214//726 1124//1290
f 314//698 1327//1525 1326//699
f 314//698 326//695 1327//1525
f 214//726 174//1406 1124//1290
f 146//708 181//1289 174//1406
f 1179//688 155//713 1127//298
f 1179//688 1127//298 1318//689
f 324//722 1313//1302 752//267
f 316//741 311//527 185//711
f 311//527 200//526 310//690
f 311//527 310//690 164//1519
f 185//711 311//527 1322//1520
f 185//711 1322//1520 1324//1529
f 185//711 1324//1529 1434//710
f 1234//1562 1140//1531 1432//1564
f 1016//812 584//1578 375//810
f 1023//1477 1436//837 394//862
f 1023//1477 394//862 399//855
f 1024//1476 378//809 1025//830
f 1018//859 404//857 1528//860
f 1012//814 376//813 387//852
f 499//1471 393//1418 1244//377
f 825//1468 1015//1000 511//997
f 1024//1476 158//861 378//809
f 499//1471 384//1419 393//1418
f 1009//1470 159//849 1026//848
f 596//1105 577//1104 400//829
f 499//1471 1244//377 1378//1363
f 385//815 1012//814 649//824
f 1023//1477 399//855 404//857
f 1013//503 1378//1363 1244//377
f 584//1578 1010//1428 375//810
f 577//1104 1025//830 400//829
f 596//1105 400//829 391//1472
f 1009//1470 401//858 159//849
f 1009//1470 1018//859 401//858
f 1029//367 1035//1490 456//952
f 1042//980 475//969 479//978
f 1253//970 475//969 1042//980
f 537//549 776//548 483//370
f 457//1488 1050//1568 1031//365
f 1045//1489 1046//974 458//973
f 632//1486 1068//934 459//933
f 632//1486 459//933 477//961
f 1049//963 1036//1478 470//964
f 1043//1483 481//1214 466//550
f 1038//1481 1049//963 1032//962
f 537//549 483//370 1439//939
f 457//1488 1029//367 456//952
f 1045//1489 455//927 175//929
f 1045//1489 458//973 455//927
f 1035//1490 1048//950 456//952
f 1030//948 636//959 463//958
f 1043//1483 1044//956 467//955
f 1043//1483 467//955 481//1214
f 469//1485 615//1160 468//1487
f 1046//974 959//1581 960//975
f 1046//974 1050//1568 959//1581
f 1428//1186 804//1185 1306//1575
f 1144//1540 515//1500 1516//1466
f 1440//784 1486//1376 1518//785
f 1440//784 1463//805 1486//1376
f 1007//46 281//671 222//30
f 631//1215 362//763 1173//375
f 1120//441 310//690 1434//710
f 1120//441 1434//710 817//442
f 496//1432 1242//818 1053//851
f 55//99 1446//1085 559//100
f 834//996 1227//995 337//752
f 745//1298 92//293 132//295
f 986//1454 761//1316 1355//1317
f 986//1454 1355//1317 762//1318
f 515//1500 1579//1106 579//1501
f 1151//1462 583//1460 1156//1127
f 1151//1462 653//1131 583//1460
f 661//522 1147//521 589//1128
f 525//1337 789//1097 1394//1084
f 1423//1402 858//738 1186//1403
f 1423//1402 861//697 858//738
f 522//439 1368//774 639//793
f 440//912 212//1190 946//872
f 440//912 1342//1189 212//1190
f 870//732 1369//1397 878//687
f 1359//410 1331//1141 587//1025
f 1359//410 147//409 1331//1141
f 60//139 766//1322 1211//140
f 1504//437 1372//1497 784//1331
f 1504//437 784//1331 1447//433
f 1450//487 1182//1219 852//1048
f 1450//487 852//1048 848//1047
f 678//1221 1569//1217 854//414
f 852//1048 1182//1219 855//1218
f 854//414 1569//1217 1005//486
f 1066//1225 884//1007 1176//1223
f 887//1413 567//1083 1194//1224
f 887//1413 1194//1224 886//1008
f 884//1007 1585//1006 1176//1223
f 886//1008 1194//1224 1585//1006
f 827//1118 505//1120 582//1132
f 1144//1540 578//1110 1579//1106
f 638//1103 637//323 642//1026
f 1146//1123 814//1358 588//1121
f 1452//1113 152//1112 1143//1535
f 184//1325 586//1107 1451//1109
f 1148//1536 124//385 585//384
f 1144//1540 582//1132 578//1110
f 126//322 579//1501 147//409
f 1155//1124 586//1107 184//1325
f 814//1358 592//1139 588//1121
f 1143//1535 152//1112 659//1135
f 1148//1536 585//384 527//1115
f 1169//557 600//1149 529//1148
f 602//366 1580//1153 635//1202
f 602//366 635//1202 1069//1146
f 1169//557 1171//428 600//1149
f 1166//1545 606//1162 605//1161
f 1171//428 683//427 600//1149
f 1161//1172 1580//1153 607//1152
f 606//1162 1426//417 613//419
f 996//1184 1454//982 1335//984
f 1162//1544 530//1170 616//1177
f 1465//1199 623//1566 1085//1570
f 1465//1199 1085//1570 1574//1200
f 1012//814 640//1473 1011//1343
f 805//965 682//946 474//930
f 1421//520 661//522 184//1325
f 667//1443 961//1442 1349//1561
f 1566//1360 1001//1359 1511//914
f 639//793 1578//1045 521//430
f 1324//1529 817//442 1434//710
f 1239//932 1582//426 1532//1446
f 1461//1163 997//960 636//959
f 1230//925 1503//1583 1179//688
f 1461//1163 168//339 605//1161
f 412//662 300//666 410//661
f 999//467 178//386 1224//1055
f 970//353 1376//1445 1203//1458
f 1465//1199 684//387 803//1349
f 222//30 281//671 14//40
f 1217//582 249//589 490//783
f 897//762 246//577 894//802
f 901//592 145//337 367//759
f 903//538 220//2 244//33
f 892//767 239//39 1067//587
f 907//579 622//1188 248//458
f 1467//601 360//477 1272//745
f 1217//582 242//581 249//589
f 356//1415 1471//580 237//459
f 360//477 902//795 1272//745
f 356//1415 237//459 906//801
f 895//753 898//573 238//591
f 897//762 1559//378 246//577
f 1472//576 894//802 246//577
f 903//538 634//595 220//2
f 1084//597 891//781 681//598
f 490//783 249//589 1468//590
f 363//584 893//335 517//583
f 347//574 532//568 217//12
f 906//801 248//458 370//798
f 906//801 237//459 248//458
f 890//776 363//584 1470//596
f 895//753 238//591 901//592
f 62//143 80//145 1231//1265
f 1410//1333 1474//1270 70//1233
f 645//169 506//218 85//184
f 68//209 1416//149 711//1256
f 62//143 1231//1265 1473//1253
f 953//676 449//913 1367//510
f 451//1435 293//1033 295//667
f 633//890 301//546 797//889
f 454//923 148//899 165//535
f 424//905 297//679 299//684
f 954//910 807//545 297//679
f 433//909 308//675 826//870
f 451//1435 418//924 293//1033
f 1006//312 955//886 306//672
f 943//893 821//316 794//1340
f 943//893 956//317 821//316
f 432//368 299//684 409//23
f 826//870 303//454 942//674
f 452//514 188//508 449//913
f 948//515 953//676 810//685
f 807//545 797//889 301//546
f 951//680 308//675 433//909
f 451//1435 295//667 1479//683
f 1190//918 306//672 955//886
f 536//919 444//318 1361//1434
f 820//1502 434//1339 296//369
f 820//1502 296//369 304//424
f 1476//907 292//313 1006//312
f 1476//907 810//685 292//313
f 449//913 188//508 1367//510
f 422//916 291//686 951//680
f 148//899 205//881 165//535
f 633//890 1445//461 301//546
f 190//511 821//316 188//508
f 942//674 302//453 1560//669
f 826//870 308//675 303//454
f 96//229 105//1448 172//1295
f 105//1448 119//243 172//1295
f 1411//1555 1341//277 728//1286
f 750//1285 745//1298 132//295
f 98//1574 112//281 750//1285
f 1483//563 218//45 247//594
f 1340//398 331//397 243//586
f 161//457 333//564 1483//563
f 1484//651 1061//654 1418//379
f 1486//1376 838//1377 1518//785
f 803//1349 648//357 646//1379
f 1488//1350 1266//1378 1370//1584
f 1488//1350 1370//1584 1465//1199
f 253//606 359//791 1457//792
f 253//606 1181//628 359//791
f 831//612 255//611 801//751
f 831//612 801//751 1273//658
f 1264//605 1490//1389 163//803
f 1489//1571 1518//785 838//1377
f 1489//1571 267//648 847//649
f 1489//1571 838//1377 267//648
f 1484//651 1418//379 1494//431
f 1484//651 1494//431 845//1216
f 835//622 828//636 1260//1569
f 1227//995 842//994 1362//1212
f 263//644 1366//1382 1577//755
f 1343//1198 641//614 1491//647
f 1491//647 1493//1381 1550//1582
f 1183//1549 1259//1380 829//1387
f 1490//1389 836//641 841//1384
f 1422//389 1370//1584 1266//1378
f 1422//389 648//357 684//387
f 1577//755 833//642 263//644
f 1183//1549 829//1387 1064//1388
f 255//611 800//750 801//751
f 255//611 366//788 800//750
f 1492//1367 833//642 1577//755
f 835//622 786//766 1522//634
f 1235//1565 846//1385 1552//1560
f 1235//1565 1493//1381 846//1385
f 1492//1367 373//806 1362//1212
f 1491//647 1550//1582 1343//1198
f 1487//1046 1551//786 1260//1569
f 1260//1569 828//636 1487//1046
f 1494//431 1578//1045 845//1216
f 846//1385 843//657 1552//1560
f 1489//1571 847//649 1485//1374
f 1362//1212 842//994 1492//1367
f 1486//1376 1463//805 1495//1375
f 1492//1367 1577//755 373//806
f 759//62 29//64 757//1307
f 29//64 30//85 756//1310
f 29//64 756//1310 757//1307
f 25//94 760//1312 37//95
f 1204//76 1207//78 1584//1556
f 1205//91 1546//1195 626//83
f 1205//91 1204//76 1584//1556
f 33//66 754//74 1351//67
f 35//63 759//62 758//1308
f 1276//1559 758//1308 19//87
f 300//666 306//672 279//29
f 660//327 302//453 1564//455
f 165//535 411//38 1448//668
f 412//662 1057//509 300//666
f 1497//1373 877//723 774//1585
f 1497//1373 1556//1372 867//350
f 1498//1391 1346//926 1501//1409
f 671//435 627//434 859//1396
f 1499//1401 859//1396 1082//1496
f 1375//436 860//692 1504//437
f 627//434 1082//1496 859//1396
f 312//693 1238//917 1339//728
f 862//700 685//737 1262//883
f 1350//1465 1502//1411 873//725
f 1350//1465 873//725 876//719
f 663//1407 1506//1572 1232//1586
f 774//1585 1501//1409 1364//908
f 774//1585 877//723 1501//1409
f 139//1404 676//709 135//864
f 1500//879 872//1393 125//1457
f 125//1457 865//743 1562//1400
f 1345//1580 866//733 1460//1552
f 1345//1580 871//706 866//733
f 157//449 1358//721 139//1404
f 663//1407 1232//1586 1380//1573
f 871//706 1345//1580 1365//1395
f 1502//1411 1506//1572 214//726
f 1502//1411 1350//1465 1506//1572
f 1505//712 1179//688 1503//1583
f 314//698 1262//883 437//868
f 314//698 437//868 1238//917
f 1507//1394 1538//882 813//1398
f 1507//1394 813//1398 864//716
f 195//1412 196//714 1365//1395
f 195//1412 874//735 196//714
f 1507//1394 1500//879 1538//882
f 1507//1394 872//1393 1500//879
f 676//709 1225//1410 135//864
f 1503//1583 1562//1400 1505//712
f 1506//1572 663//1407 214//726
f 866//733 195//1412 1460//1552
f 1501//1409 1346//926 1364//908
f 1556//1372 1498//1391 867//350
f 139//1404 135//864 157//449
f 125//1457 872//1393 865//743
f 1562//1400 1503//1583 438//871
f 1210//125 1357//1324 60//139
f 1208//127 1583//1231 1213//128
f 1212//136 526//131 1547//1050
f 1293//653 1429//635 1061//654
f 1380//1573 210//552 1225//1410
f 492//1351 1409//922 1188//499
f 128//500 1188//499 1409//922
f 1029//367 1069//1146 629//1144
f 826//870 417//342 129//341
f 343//764 1260//1569 1551//786
f 343//764 786//766 1260//1569
f 150//420 917//1423 911//1366
f 337//752 358//754 834//996
f 767//1515 1106//1276 1521//1264
f 767//1515 1521//1264 692//1252
f 1350//1465 1003//451 425//450
f 1441//1542 1558//1011 1353//992
f 338//789 207//560 352//782
f 1521//1264 665//1237 692//1252
f 266//645 1268//1044 844//638
f 325//351 857//724 863//1392
f 866//733 871//706 317//705
f 375//810 909//144 397//811
f 377//819 926//1425 940//1433
f 378//809 908//178 914//828
f 379//822 381//821 84//216
f 150//420 1525//422 917//1423
f 396//838 918//212 381//821
f 391//1472 915//456 1010//1428
f 391//1472 400//829 915//456
f 1528//860 924//1424 401//858
f 1241//863 921//203 1524//856
f 150//420 911//1366 1243//421
f 1060//491 790//490 934//446
f 389//840 910//1417 1382//843
f 389//840 655//174 910//1417
f 379//822 84//216 664//447
f 390//807 1382//843 1240//808
f 938//1368 920//1356 927//1355
f 934//446 931//204 388//444
f 375//810 1010//1428 909//144
f 1245//489 664//447 790//490
f 1527//836 402//835 932//180
f 455//927 957//1436 1519//1437
f 456//952 1251//951 958//222
f 461//935 783//310 459//933
f 1050//1568 1404//276 959//1581
f 471//406 479//978 798//403
f 1048//950 472//972 1514//1439
f 1048//950 1514//1439 1254//976
f 457//1488 456//952 958//222
f 457//1488 958//222 1404//276
f 458//973 973//269 957//1436
f 468//1487 534//1452 469//1485
f 468//1487 968//286 534//1452
f 1246//966 1532//1446 982//1227
f 458//973 960//975 973//269
f 461//935 1509//1370 783//310
f 1239//932 1250//931 981//1226
f 469//1485 534//1452 1509//1370
f 1530//354 1349//1561 976//1449
f 470//964 978//404 1004//231
f 470//964 1004//231 962//1438
f 470//964 962//1438 1032//962
f 823//971 1509//1370 534//1452
f 823//971 977//1441 1193//309
f 823//971 534//1452 977//1441
f 468//1487 1039//947 968//286
f 1252//311 783//310 1509//1370
f 472//972 1519//1437 1514//1439
f 1534//1335 1575//800 788//1201
f 1342//1189 1409//922 1174//1550
f 516//1354 1292//1353 1288//1512
f 1349//1561 1530//354 1203//1458
f 1410//1333 88//407 1344//1254
f 1537//1241 1261//1057 175//929
f 1112//1054 513//1031 1319//1032
f 618//1178 1163//1179 644//1166
f 625//1196 1258//1239 1098//1238
f 416//866 1364//908 1346//926
f 1370//1584 1422//389 623//1566
f 1151//1462 1555//1539 1352//1314
f 1151//1462 1352//1314 755//1311
f 1525//422 1189//1369 930//1421
f 1326//699 808//1352 1135//1528
f 788//1201 1576//757 1062//1334
f 1383//320 447//319 1222//906
f 52//116 1384//1091 574//1093
f 149//411 1349//1561 1203//1458
f 1143//1535 1267//1017 141//390
f 113//282 1411//1555 728//1286
f 1116//1518 1325//1577 136//1344
f 750//1285 1128//1522 745//1298
f 496//1432 1053//851 940//1433
f 1279//89 22//81 548//92
f 1511//914 1236//512 452//514
f 367//759 346//336 1200//760
f 1226//988 1348//1018 1147//521
f 158//861 1563//1336 591//1126
f 158//861 591//1126 1541//844
f 599//1114 1023//1477 169//1134
f 579//1501 1010//1428 584//1578
f 579//1501 596//1105 1010//1428
f 1329//1117 787//1116 1013//503
f 539//1102 1019//998 1539//1474
f 1332//1133 1008//1022 581//1021
f 591//1126 1563//1336 1019//998
f 505//1120 1022//1467 1332//1133
f 169//1134 1023//1477 1513//1469
f 1337//1020 1333//1111 581//1021
f 599//1114 1156//1127 1436//837
f 599//1114 1436//837 1023//1477
f 580//1137 598//1129 628//823
f 598//1129 1329//1117 628//823
f 1334//1175 1543//1480 1042//980
f 529//1148 1544//1150 1039//947
f 487//1158 469//1485 1068//934
f 1336//1157 677//359 1040//373
f 529//1148 1039//947 615//1160
f 619//983 1041//1499 1051//360
f 614//1168 1336//1157 1040//373
f 620//1145 1031//365 1046//974
f 1027//1056 674//1182 1261//1057
f 1334//1175 1042//980 609//1164
f 616//1177 612//1169 1049//963
f 616//1177 1049//963 1038//1481
f 487//1158 1068//934 632//1486
f 609//1164 1042//980 1037//979
f 1261//1057 674//1182 603//1151
f 487//1158 632//1486 621//1173
f 1461//1163 621//1173 997//960
f 1031//365 1050//1568 1046//974
f 1265//524 1038//1481 1543//1480
f 1336//1157 1542//1484 677//359
f 808//1352 1548//1015 498//1014
f 808//1352 721//1013 1548//1015
f 1188//499 439//915 492//1351
f 645//169 85//184 173//170
f 1071//460 1471//580 680//588
f 114//288 98//1574 132//295
f 331//397 1414//396 235//480
f 1086//1203 1299//1003 495//1002
f 433//909 984//911 439//915
f 184//1325 1545//1506 1421//520
f 207//560 355//773 631//1215
f 1546//1195 533//1062 624//1063
f 98//1574 114//288 112//281
f 551//73 773//1049 852//1048
f 1083//334 517//583 893//335
f 1088//1511 719//466 687//465
f 186//237 738//271 669//1300
f 1324//1529 202//532 749//443
f 1550//1582 793//1579 1343//1198
f 834//996 358//754 841//1384
f 1192//981 346//336 1366//1382
f 521//430 1578//1045 1494//431
f 1379//388 1574//1200 793//1579
f 1370//1584 623//1566 1465//1199
f 1181//628 1273//658 359//791
f 1379//388 684//387 1574//1200
f 1495//1375 1573//393 1485//1374
f 841//1384 358//754 1490//1389
f 1463//805 1573//393 1495//1375
f 623//1566 1235//1565 1552//1560
f 1490//1389 358//754 163//803
f 1379//388 793//1579 1550//1582
f 993//328 1545//1506 1154//1537
f 1267//1017 1143//1535 501//1016
f 1274//1306 1150//1533 758//1308
f 1553//1235 1070//1234 1274//1306
f 993//328 1154//1537 814//1358
f 758//1308 1150//1533 1149//1309
f 1380//1573 1232//1586 428//888
f 1372//1497 1365//1395 784//1331
f 1365//1395 1460//1552 1197//1551
f 125//1457 1562//1400 438//871
f 125//1457 438//871 122//873
f 210//552 180//902 1225//1410
f 643//1213 1369//1397 148//899
f 1184//1504 1561//1332 1510//1553
f 157//449 1003//451 1358//721
f 627//434 1561//1332 1184//1504
f 627//434 1447//433 1561//1332
f 1538//882 1059//900 813//1398
f 1184//1504 1510//1553 195//1412
f 180//902 135//864 1225//1410
f 1498//1391 1556//1372 423//891
f 1498//1391 423//891 1346//926
f 195//1412 1510//1553 1460//1552
f 1365//1395 1197//1551 784//1331
f 1257//1361 1347//1323 766//1322
f 1441//1542 1354//1567 1157//1543
f 1557//1546 1157//1543 1354//1567
f 1517//556 1185//1494 1169//557
f 765//1321 1168//1159 1269//1548
f 1558//1011 518//1357 1353//992
f 1257//1361 1357//1324 1170//1362
f 761//1316 1170//1362 1357//1324
f 985//1345 819//1527 1229//1346
f 97//234 1405//236 966//223
f 653//1131 1151//1462 998//1461
f 1350//1465 425//450 453//921
f 800//750 335//787 1440//784
f 48//121 50//129 55//99
f 204//355 1422//389 1266//1378
f 1150//1533 1274//1306 1070//1234
f 1534//1335 1371//1498 824//1371
f 1198//869 437//868 431//875
f 349//585 354//559 203//537
f 1341//277 651//262 111//245
f 935//163 182//162 1399//194
f 192//190 83//191 74//189
f 748//230 734//259 1255//261
f 576//468 585//384 178//386
f 146//708 1218//285 181//1289
f 528//1208 1295//1060 812//1059
f 580//1137 590//1142 1453//1532
f 213//558 903//538 203//537
f 350//756 357//797 1576//757
f 644//1166 1170//1362 986//1454
f 1427//630 1303//1507 1106//1276
f 1427//630 1106//1276 1308//613
f 424//905 1058//904 984//911
f 1056//332 392//845 785//847
f 1215//1088 782//1095 888//516
f 165//535 205//881 298//536
f 1174//1550 1058//904 434//1339
f 1081//1576 1132//280 1133//1297
f 1312//1242 675//362 657//1228
f 1104//1194 528//1208 1107//1268
f 489//1061 1295//1060 1002//1193
f 1418//379 1061//654 1458//380
f 1202//768 334//746 1487//1046
f 373//806 1577//755 363//584
f 1273//658 336//748 359//791
f 1273//658 801//751 336//748
f 1366//1382 346//336 1577//755
f 788//1201 372//799 1187//778
f 1518//785 1489//1571 142//392
f 1574//1200 1085//1570 793//1579
f 1371//1498 1576//757 357//797
f 824//1371 356//1415 1575//800
f 788//1201 1575//800 372//799
f 824//1371 1371//1498 357//797
f 824//1371 357//797 369//796
f 1494//431 342//761 778//432
f 163//803 183//758 1200//760
f 1487//1046 334//746 1551//786
f 1494//431 1418//379 342//761
f 824//1371 369//796 356//1415
f 1453//1532 590//1142 1155//1124
f 1497//1373 774//1585 415//497
f 1506//1572 453//921 1232//1586
f 212//1190 421//877 1500//879
f 210//552 1380//1573 779//343
f 685//737 1339//728 419//874
f 685//737 419//874 1262//883
f 1364//908 420//494 774//1585
f 210//552 445//903 180//902
f 135//864 180//902 427//901
f 135//864 427//901 436//865
f 1500//879 442//880 1538//882
f 784//1331 1180//1554 1561//1332
f 1232//1586 453//921 428//888
f 1236//512 1383//320 1222//906
f 1538//882 205//881 1059//900
f 1511//914 450//920 1566//1360
f 1503//1583 418//924 451//1435
f 1503//1583 451//1435 438//871
f 1444//887 1566//1360 1570//885
f 774//1585 420//494 415//497
f 492//1351 1058//904 1174//1550
f 1503//1583 1230//925 418//924
f 1262//883 431//875 437//868
f 1197//1551 1180//1554 784//1331
f 1566//1360 450//920 171//513
f 1164//1183 1334//1175 1158//1176
f 1168//1159 1167//1174 615//1160
f 652//1180 768//1204 1030//948
f 679//804 896//990 892//767
f 716//1206 166//463 485//1279
f 454//923 1230//925 148//899
f 1546//1195 1584//1556 533//1062
f 719//466 485//1279 166//463
f 787//1116 1378//1363 1013//503
f 930//1421 922//152 917//1423
f 930//1421 917//1423 1525//422
f 1526//1342 933//1430 926//1425
f 976//1449 1349//1561 961//1442
f 440//912 1409//922 1342//1189
f 1585//1006 1194//1224 1176//1223
f 769//1508 1300//1455 1306//1575
f 1362//1212 373//806 890//776
f 1292//1353 983//1453 1288//1512
f 171//513 1570//885 1566//1360
f 175//929 1033//928 1537//1241
f 1160//1240 666//346 635//1202
